dag_id,run_date,task_id,start_time,end_time,log,attempt,has_task_succeeded_on_retry,error_code
daily_sales_etl,2026-05-12,extract_orders,2026-05-12 02:10:09,2026-05-12 02:14:47,"2026-05-12 02:10:09 INFO  [daily_sales_etl.extract_orders] TaskInstance started — attempt 1
2026-05-12 02:10:11 INFO  Acquiring Spark session on job cluster (Photon enabled, DBR 15.4 LTS)
2026-05-12 02:10:14 INFO  Reading inputs from Unity Catalog main.curated.* 
2026-05-12 02:12:28 INFO  Stage 1 complete — input rows processed
2026-05-12 02:14:45 INFO  Writing output Delta table (MERGE) 
2026-05-12 02:14:47 INFO  [daily_sales_etl.extract_orders] Task completed successfully in 278s (exit_code=0)",1,False,0
daily_sales_etl,2026-05-12,extract_returns,2026-05-12 02:15:26,2026-05-12 02:21:38,"2026-05-12 02:15:26 INFO  [daily_sales_etl.extract_returns] TaskInstance started — attempt 1
2026-05-12 02:15:28 INFO  Acquiring Spark session on job cluster (Photon enabled, DBR 15.4 LTS)
2026-05-12 02:15:31 INFO  Reading inputs from Unity Catalog main.curated.* 
2026-05-12 02:18:32 INFO  Stage 1 complete — input rows processed
2026-05-12 02:21:36 INFO  Writing output Delta table (MERGE) 
2026-05-12 02:21:38 INFO  [daily_sales_etl.extract_returns] Task completed successfully in 372s (exit_code=0)",1,False,0
daily_sales_etl,2026-05-12,transform_sales,2026-05-12 02:21:46,2026-05-12 02:42:05,"2026-05-12 02:21:46 INFO  [daily_sales_etl.transform_sales] TaskInstance started — attempt 1
2026-05-12 02:21:48 INFO  Acquiring Spark session on job cluster (Photon enabled, DBR 15.4 LTS)
2026-05-12 02:21:51 INFO  Reading inputs from Unity Catalog main.curated.* 
2026-05-12 02:31:55 INFO  Stage 1 complete — input rows processed
2026-05-12 02:42:03 INFO  Writing output Delta table (MERGE) 
2026-05-12 02:42:05 INFO  [daily_sales_etl.transform_sales] Task completed successfully in 1219s (exit_code=0)",1,False,0
daily_sales_etl,2026-05-12,dq_check_sales,2026-05-12 02:42:15,2026-05-12 03:00:03,"2026-05-12 02:42:15 INFO  [daily_sales_etl.dq_check_sales] TaskInstance started — attempt 1
2026-05-12 02:42:17 INFO  Acquiring Spark session on job cluster (Photon enabled, DBR 15.4 LTS)
2026-05-12 02:42:20 INFO  Reading inputs from Unity Catalog main.curated.* 
2026-05-12 02:51:09 INFO  Stage 1 complete — input rows processed
2026-05-12 03:00:01 INFO  Writing output Delta table (MERGE) 
2026-05-12 03:00:03 INFO  [daily_sales_etl.dq_check_sales] Task completed successfully in 1068s (exit_code=0)",1,False,0
daily_sales_etl,2026-05-12,load_fact_sales,2026-05-12 03:00:23,2026-05-12 03:06:28,"2026-05-12 03:00:23 INFO  [daily_sales_etl.load_fact_sales] TaskInstance started — attempt 1
2026-05-12 03:00:25 INFO  Acquiring Spark session on job cluster (Photon enabled, DBR 15.4 LTS)
2026-05-12 03:00:28 INFO  Reading inputs from Unity Catalog main.curated.* 
2026-05-12 03:03:25 INFO  Stage 1 complete — input rows processed
2026-05-12 03:06:26 INFO  Writing output Delta table (MERGE) 
2026-05-12 03:06:28 INFO  [daily_sales_etl.load_fact_sales] Task completed successfully in 365s (exit_code=0)",1,False,0
customer_360_pipeline,2026-05-12,ingest_crm,2026-05-12 01:26:36,2026-05-12 01:31:42,"2026-05-12 01:26:36 INFO  [customer_360_pipeline.ingest_crm] TaskInstance started — attempt 1
2026-05-12 01:26:38 INFO  Acquiring Spark session on job cluster (Photon enabled, DBR 15.4 LTS)
2026-05-12 01:26:41 INFO  Reading inputs from Unity Catalog main.curated.* 
2026-05-12 01:29:09 INFO  Stage 1 complete — input rows processed
2026-05-12 01:31:40 INFO  Writing output Delta table (MERGE) 
2026-05-12 01:31:42 INFO  [customer_360_pipeline.ingest_crm] Task completed successfully in 306s (exit_code=0)",1,False,0
customer_360_pipeline,2026-05-12,ingest_web_events,2026-05-12 01:32:12,2026-05-12 01:36:53,"2026-05-12 01:32:12 INFO  [customer_360_pipeline.ingest_web_events] TaskInstance started — attempt 1
2026-05-12 01:32:14 INFO  Acquiring Spark session on job cluster (Photon enabled, DBR 15.4 LTS)
2026-05-12 01:32:17 INFO  Reading inputs from Unity Catalog main.curated.* 
2026-05-12 01:34:32 INFO  Stage 1 running…
2026-05-12 01:36:50 ERROR Sensor: Timed out waiting for upstream partition to arrive.
2026-05-12 01:36:51 ERROR   airflow.exceptions.AirflowSensorTimeout: Sensor timed out waiting for partition dt=... on upstream dataset
                       	at airflow.sensors.base.BaseSensorOperator.execute(...)
2026-05-12 01:36:53 ERROR [customer_360_pipeline.ingest_web_events] Task failed on attempt 1 (exit_code=1)",1,False,1
customer_360_pipeline,2026-05-12,ingest_web_events,2026-05-12 01:38:49,2026-05-12 01:43:30,"2026-05-12 01:38:49 INFO  [customer_360_pipeline.ingest_web_events] TaskInstance started — attempt 2
2026-05-12 01:38:51 INFO  Acquiring Spark session on job cluster (Photon enabled, DBR 15.4 LTS)
2026-05-12 01:38:54 INFO  Reading inputs from Unity Catalog main.curated.* 
2026-05-12 01:41:09 INFO  Stage 1 running…
2026-05-12 01:43:27 ERROR Sensor: Timed out waiting for upstream partition to arrive.
2026-05-12 01:43:28 ERROR   airflow.exceptions.AirflowSensorTimeout: Sensor timed out waiting for partition dt=... on upstream dataset
                       	at airflow.sensors.base.BaseSensorOperator.execute(...)
2026-05-12 01:43:30 ERROR [customer_360_pipeline.ingest_web_events] Task failed on attempt 2 (exit_code=1)",2,False,1
customer_360_pipeline,2026-05-12,ingest_web_events,2026-05-12 01:44:41,2026-05-12 01:49:22,"2026-05-12 01:44:41 INFO  [customer_360_pipeline.ingest_web_events] TaskInstance started — attempt 3
2026-05-12 01:44:43 INFO  Acquiring Spark session on job cluster (Photon enabled, DBR 15.4 LTS)
2026-05-12 01:44:46 INFO  Reading inputs from Unity Catalog main.curated.* 
2026-05-12 01:47:01 INFO  Stage 1 running…
2026-05-12 01:49:19 ERROR Sensor: Timed out waiting for upstream partition to arrive.
2026-05-12 01:49:20 ERROR   airflow.exceptions.AirflowSensorTimeout: Sensor timed out waiting for partition dt=... on upstream dataset
                       	at airflow.sensors.base.BaseSensorOperator.execute(...)
2026-05-12 01:49:22 ERROR [customer_360_pipeline.ingest_web_events] Task failed on attempt 3 (exit_code=1)",3,False,1
customer_360_pipeline,2026-05-12,ingest_web_events,2026-05-12 01:52:44,2026-05-12 01:57:25,"2026-05-12 01:52:44 INFO  [customer_360_pipeline.ingest_web_events] TaskInstance started — attempt 4
2026-05-12 01:52:46 INFO  Acquiring Spark session on job cluster (Photon enabled, DBR 15.4 LTS)
2026-05-12 01:52:49 INFO  Reading inputs from Unity Catalog main.curated.* 
2026-05-12 01:55:04 INFO  Stage 1 running…
2026-05-12 01:57:22 ERROR Sensor: Timed out waiting for upstream partition to arrive.
2026-05-12 01:57:23 ERROR   airflow.exceptions.AirflowSensorTimeout: Sensor timed out waiting for partition dt=... on upstream dataset
                       	at airflow.sensors.base.BaseSensorOperator.execute(...)
2026-05-12 01:57:25 ERROR [customer_360_pipeline.ingest_web_events] Task failed on attempt 4 (exit_code=1)",4,False,1
inventory_sync,2026-05-12,pull_warehouse_api,2026-05-12 03:04:18,2026-05-12 03:25:45,"2026-05-12 03:04:18 INFO  [inventory_sync.pull_warehouse_api] TaskInstance started — attempt 1
2026-05-12 03:04:20 INFO  Acquiring Spark session on job cluster (Photon enabled, DBR 15.4 LTS)
2026-05-12 03:04:23 INFO  Reading inputs from Unity Catalog main.curated.* 
2026-05-12 03:15:01 INFO  Stage 1 complete — input rows processed
2026-05-12 03:25:43 INFO  Writing output Delta table (MERGE) 
2026-05-12 03:25:45 INFO  [inventory_sync.pull_warehouse_api] Task completed successfully in 1287s (exit_code=0)",1,False,0
inventory_sync,2026-05-12,normalize_sku,2026-05-12 03:26:09,2026-05-12 03:48:16,"2026-05-12 03:26:09 INFO  [inventory_sync.normalize_sku] TaskInstance started — attempt 1
2026-05-12 03:26:11 INFO  Acquiring Spark session on job cluster (Photon enabled, DBR 15.4 LTS)
2026-05-12 03:26:14 INFO  Reading inputs from Unity Catalog main.curated.* 
2026-05-12 03:37:12 INFO  Stage 1 complete — input rows processed
2026-05-12 03:48:14 INFO  Writing output Delta table (MERGE) 
2026-05-12 03:48:16 INFO  [inventory_sync.normalize_sku] Task completed successfully in 1327s (exit_code=0)",1,False,0
inventory_sync,2026-05-12,reconcile_stock,2026-05-12 03:48:32,2026-05-12 03:55:03,"2026-05-12 03:48:32 INFO  [inventory_sync.reconcile_stock] TaskInstance started — attempt 1
2026-05-12 03:48:34 INFO  Acquiring Spark session on job cluster (Photon enabled, DBR 15.4 LTS)
2026-05-12 03:48:37 INFO  Reading inputs from Unity Catalog main.curated.* 
2026-05-12 03:51:47 INFO  Stage 1 complete — input rows processed
2026-05-12 03:55:01 INFO  Writing output Delta table (MERGE) 
2026-05-12 03:55:03 INFO  [inventory_sync.reconcile_stock] Task completed successfully in 391s (exit_code=0)",1,False,0
inventory_sync,2026-05-12,write_delta,2026-05-12 03:55:48,2026-05-12 04:05:12,"2026-05-12 03:55:48 INFO  [inventory_sync.write_delta] TaskInstance started — attempt 1
2026-05-12 03:55:50 INFO  Acquiring Spark session on job cluster (Photon enabled, DBR 15.4 LTS)
2026-05-12 03:55:53 INFO  Reading inputs from Unity Catalog main.curated.* 
2026-05-12 04:00:30 INFO  Stage 1 complete — input rows processed
2026-05-12 04:05:10 INFO  Writing output Delta table (MERGE) 
2026-05-12 04:05:12 INFO  [inventory_sync.write_delta] Task completed successfully in 564s (exit_code=0)",1,False,0
marketing_attribution,2026-05-12,load_ad_spend,2026-05-12 04:22:04,2026-05-12 04:46:11,"2026-05-12 04:22:04 INFO  [marketing_attribution.load_ad_spend] TaskInstance started — attempt 1
2026-05-12 04:22:06 INFO  Acquiring Spark session on job cluster (Photon enabled, DBR 15.4 LTS)
2026-05-12 04:22:09 INFO  Reading inputs from Unity Catalog main.curated.* 
2026-05-12 04:34:07 INFO  Stage 1 complete — input rows processed
2026-05-12 04:46:09 INFO  Writing output Delta table (MERGE) 
2026-05-12 04:46:11 INFO  [marketing_attribution.load_ad_spend] Task completed successfully in 1447s (exit_code=0)",1,False,0
marketing_attribution,2026-05-12,load_conversions,2026-05-12 04:46:59,2026-05-12 05:08:07,"2026-05-12 04:46:59 INFO  [marketing_attribution.load_conversions] TaskInstance started — attempt 1
2026-05-12 04:47:01 INFO  Acquiring Spark session on job cluster (Photon enabled, DBR 15.4 LTS)
2026-05-12 04:47:04 INFO  Reading inputs from Unity Catalog main.curated.* 
2026-05-12 04:57:33 INFO  Stage 1 complete — input rows processed
2026-05-12 05:08:05 INFO  Writing output Delta table (MERGE) 
2026-05-12 05:08:07 INFO  [marketing_attribution.load_conversions] Task completed successfully in 1268s (exit_code=0)",1,False,0
marketing_attribution,2026-05-12,join_touchpoints,2026-05-12 05:08:32,2026-05-12 05:27:25,"2026-05-12 05:08:32 INFO  [marketing_attribution.join_touchpoints] TaskInstance started — attempt 1
2026-05-12 05:08:34 INFO  Acquiring Spark session on job cluster (Photon enabled, DBR 15.4 LTS)
2026-05-12 05:08:37 INFO  Reading inputs from Unity Catalog main.curated.* 
2026-05-12 05:17:58 INFO  Stage 1 complete — input rows processed
2026-05-12 05:27:23 INFO  Writing output Delta table (MERGE) 
2026-05-12 05:27:25 INFO  [marketing_attribution.join_touchpoints] Task completed successfully in 1133s (exit_code=0)",1,False,0
marketing_attribution,2026-05-12,attribute_revenue,2026-05-12 05:27:59,2026-05-12 05:43:19,"2026-05-12 05:27:59 INFO  [marketing_attribution.attribute_revenue] TaskInstance started — attempt 1
2026-05-12 05:28:01 INFO  Acquiring Spark session on job cluster (Photon enabled, DBR 15.4 LTS)
2026-05-12 05:28:04 INFO  Reading inputs from Unity Catalog main.curated.* 
2026-05-12 05:35:39 INFO  Stage 1 complete — input rows processed
2026-05-12 05:43:17 INFO  Writing output Delta table (MERGE) 
2026-05-12 05:43:19 INFO  [marketing_attribution.attribute_revenue] Task completed successfully in 920s (exit_code=0)",1,False,0
finance_reconciliation,2026-05-12,extract_ledger,2026-05-12 05:05:44,2026-05-12 05:11:31,"2026-05-12 05:05:44 INFO  [finance_reconciliation.extract_ledger] TaskInstance started — attempt 1
2026-05-12 05:05:46 INFO  Acquiring Spark session on job cluster (Photon enabled, DBR 15.4 LTS)
2026-05-12 05:05:49 INFO  Reading inputs from Unity Catalog main.curated.* 
2026-05-12 05:08:37 INFO  Stage 1 complete — input rows processed
2026-05-12 05:11:29 INFO  Writing output Delta table (MERGE) 
2026-05-12 05:11:31 INFO  [finance_reconciliation.extract_ledger] Task completed successfully in 347s (exit_code=0)",1,False,0
finance_reconciliation,2026-05-12,extract_payments,2026-05-12 05:12:09,2026-05-12 05:32:02,"2026-05-12 05:12:09 INFO  [finance_reconciliation.extract_payments] TaskInstance started — attempt 1
2026-05-12 05:12:11 INFO  Acquiring Spark session on job cluster (Photon enabled, DBR 15.4 LTS)
2026-05-12 05:12:14 INFO  Reading inputs from Unity Catalog main.curated.* 
2026-05-12 05:22:05 INFO  Stage 1 complete — input rows processed
2026-05-12 05:32:00 INFO  Writing output Delta table (MERGE) 
2026-05-12 05:32:02 INFO  [finance_reconciliation.extract_payments] Task completed successfully in 1193s (exit_code=0)",1,False,0
finance_reconciliation,2026-05-12,reconcile,2026-05-12 05:32:53,2026-05-12 05:51:12,"2026-05-12 05:32:53 INFO  [finance_reconciliation.reconcile] TaskInstance started — attempt 1
2026-05-12 05:32:55 INFO  Acquiring Spark session on job cluster (Photon enabled, DBR 15.4 LTS)
2026-05-12 05:32:58 INFO  Reading inputs from Unity Catalog main.curated.* 
2026-05-12 05:42:02 INFO  Stage 1 complete — input rows processed
2026-05-12 05:51:10 INFO  Writing output Delta table (MERGE) 
2026-05-12 05:51:12 INFO  [finance_reconciliation.reconcile] Task completed successfully in 1099s (exit_code=0)",1,False,0
finance_reconciliation,2026-05-12,gl_validation,2026-05-12 05:51:21,2026-05-12 05:58:22,"2026-05-12 05:51:21 INFO  [finance_reconciliation.gl_validation] TaskInstance started — attempt 1
2026-05-12 05:51:23 INFO  Acquiring Spark session on job cluster (Photon enabled, DBR 15.4 LTS)
2026-05-12 05:51:26 INFO  Reading inputs from Unity Catalog main.curated.* 
2026-05-12 05:54:51 INFO  Stage 1 complete — input rows processed
2026-05-12 05:58:20 INFO  Writing output Delta table (MERGE) 
2026-05-12 05:58:22 INFO  [finance_reconciliation.gl_validation] Task completed successfully in 421s (exit_code=0)",1,False,0
finance_reconciliation,2026-05-12,export_report,2026-05-12 05:58:37,2026-05-12 06:13:17,"2026-05-12 05:58:37 INFO  [finance_reconciliation.export_report] TaskInstance started — attempt 1
2026-05-12 05:58:39 INFO  Acquiring Spark session on job cluster (Photon enabled, DBR 15.4 LTS)
2026-05-12 05:58:42 INFO  Reading inputs from Unity Catalog main.curated.* 
2026-05-12 06:05:57 INFO  Stage 1 complete — input rows processed
2026-05-12 06:13:15 INFO  Writing output Delta table (MERGE) 
2026-05-12 06:13:17 INFO  [finance_reconciliation.export_report] Task completed successfully in 880s (exit_code=0)",1,False,0
clickstream_ingest,2026-05-12,read_kafka_offsets,2026-05-12 00:13:02,2026-05-12 00:18:40,"2026-05-12 00:13:02 INFO  [clickstream_ingest.read_kafka_offsets] TaskInstance started — attempt 1
2026-05-12 00:13:04 INFO  Acquiring Spark session on job cluster (Photon enabled, DBR 15.4 LTS)
2026-05-12 00:13:07 INFO  Reading inputs from Unity Catalog main.curated.* 
2026-05-12 00:15:51 INFO  Stage 1 complete — input rows processed
2026-05-12 00:18:38 INFO  Writing output Delta table (MERGE) 
2026-05-12 00:18:40 INFO  [clickstream_ingest.read_kafka_offsets] Task completed successfully in 338s (exit_code=0)",1,False,0
clickstream_ingest,2026-05-12,parse_events,2026-05-12 00:19:21,2026-05-12 00:33:03,"2026-05-12 00:19:21 INFO  [clickstream_ingest.parse_events] TaskInstance started — attempt 1
2026-05-12 00:19:23 INFO  Acquiring Spark session on job cluster (Photon enabled, DBR 15.4 LTS)
2026-05-12 00:19:26 INFO  Reading inputs from Unity Catalog main.curated.* 
2026-05-12 00:26:12 INFO  Stage 1 complete — input rows processed
2026-05-12 00:33:01 INFO  Writing output Delta table (MERGE) 
2026-05-12 00:33:03 INFO  [clickstream_ingest.parse_events] Task completed successfully in 822s (exit_code=0)",1,False,0
clickstream_ingest,2026-05-12,sessionize,2026-05-12 00:33:30,2026-05-12 00:56:47,"2026-05-12 00:33:30 INFO  [clickstream_ingest.sessionize] TaskInstance started — attempt 1
2026-05-12 00:33:32 INFO  Acquiring Spark session on job cluster (Photon enabled, DBR 15.4 LTS)
2026-05-12 00:33:35 INFO  Reading inputs from Unity Catalog main.curated.* 
2026-05-12 00:45:08 INFO  Stage 1 complete — input rows processed
2026-05-12 00:56:45 INFO  Writing output Delta table (MERGE) 
2026-05-12 00:56:47 INFO  [clickstream_ingest.sessionize] Task completed successfully in 1397s (exit_code=0)",1,False,0
clickstream_ingest,2026-05-12,write_bronze,2026-05-12 00:57:43,2026-05-12 01:03:45,"2026-05-12 00:57:43 INFO  [clickstream_ingest.write_bronze] TaskInstance started — attempt 1
2026-05-12 00:57:45 INFO  Acquiring Spark session on job cluster (Photon enabled, DBR 15.4 LTS)
2026-05-12 00:57:48 INFO  Reading inputs from Unity Catalog main.curated.* 
2026-05-12 01:00:44 INFO  Stage 1 running…
2026-05-12 01:03:42 ERROR Executor: Exception in task 47.0 in stage 12.0 (TID 1893) java.lang.OutOfMemoryError: Java heap space
2026-05-12 01:03:43 ERROR   java.lang.OutOfMemoryError: Java heap space
                       	at org.apache.spark.sql.execution.aggregate.HashAggregateExec.doExecute(HashAggregateExec.scala:101)
                       	at org.apache.spark.sql.execution.exchange.ShuffleExchangeExec.prepareShuffleDependency(...)
                       	at org.apache.spark.scheduler.Task.run(Task.scala:139)
2026-05-12 01:03:45 ERROR [clickstream_ingest.write_bronze] Task failed on attempt 1 (exit_code=1)",1,True,1
clickstream_ingest,2026-05-12,write_bronze,2026-05-12 01:07:43,2026-05-12 01:15:23,"2026-05-12 01:07:43 INFO  [clickstream_ingest.write_bronze] TaskInstance started — attempt 2
2026-05-12 01:07:45 INFO  Acquiring Spark session on job cluster (Photon enabled, DBR 15.4 LTS)
2026-05-12 01:07:48 INFO  Reading inputs from Unity Catalog main.curated.* 
2026-05-12 01:11:33 INFO  Stage 1 running…
2026-05-12 01:15:20 ERROR Executor: Exception in task 47.0 in stage 12.0 (TID 1893) java.lang.OutOfMemoryError: Java heap space
2026-05-12 01:15:21 ERROR   java.lang.OutOfMemoryError: Java heap space
                       	at org.apache.spark.sql.execution.aggregate.HashAggregateExec.doExecute(HashAggregateExec.scala:101)
                       	at org.apache.spark.sql.execution.exchange.ShuffleExchangeExec.prepareShuffleDependency(...)
                       	at org.apache.spark.scheduler.Task.run(Task.scala:139)
2026-05-12 01:15:23 ERROR [clickstream_ingest.write_bronze] Task failed on attempt 2 (exit_code=1)",2,True,1
clickstream_ingest,2026-05-12,write_bronze,2026-05-12 01:16:39,2026-05-12 01:35:13,"2026-05-12 01:16:39 INFO  [clickstream_ingest.write_bronze] TaskInstance started — attempt 3
2026-05-12 01:16:41 INFO  Acquiring Spark session on job cluster (Photon enabled, DBR 15.4 LTS)
2026-05-12 01:16:44 INFO  Reading inputs from Unity Catalog main.curated.* 
2026-05-12 01:25:56 INFO  Stage 1 complete — input rows processed
2026-05-12 01:35:11 INFO  Writing output Delta table (MERGE) 
2026-05-12 01:35:13 INFO  [clickstream_ingest.write_bronze] Task completed successfully in 1114s (exit_code=0)",3,True,0
clickstream_ingest,2026-05-12,write_silver,2026-05-12 01:35:21,2026-05-12 01:48:55,"2026-05-12 01:35:21 INFO  [clickstream_ingest.write_silver] TaskInstance started — attempt 1
2026-05-12 01:35:23 INFO  Acquiring Spark session on job cluster (Photon enabled, DBR 15.4 LTS)
2026-05-12 01:35:26 INFO  Reading inputs from Unity Catalog main.curated.* 
2026-05-12 01:42:08 INFO  Stage 1 complete — input rows processed
2026-05-12 01:48:53 INFO  Writing output Delta table (MERGE) 
2026-05-12 01:48:55 INFO  [clickstream_ingest.write_silver] Task completed successfully in 814s (exit_code=0)",1,False,0
ml_feature_store,2026-05-12,fetch_training_data,2026-05-12 06:26:28,2026-05-12 06:42:38,"2026-05-12 06:26:28 INFO  [ml_feature_store.fetch_training_data] TaskInstance started — attempt 1
2026-05-12 06:26:30 INFO  Acquiring Spark session on job cluster (Photon enabled, DBR 15.4 LTS)
2026-05-12 06:26:33 INFO  Reading inputs from Unity Catalog main.curated.* 
2026-05-12 06:34:33 INFO  Stage 1 complete — input rows processed
2026-05-12 06:42:36 INFO  Writing output Delta table (MERGE) 
2026-05-12 06:42:38 INFO  [ml_feature_store.fetch_training_data] Task completed successfully in 970s (exit_code=0)",1,False,0
ml_feature_store,2026-05-12,compute_features,2026-05-12 06:43:05,2026-05-12 06:46:51,"2026-05-12 06:43:05 INFO  [ml_feature_store.compute_features] TaskInstance started — attempt 1
2026-05-12 06:43:07 INFO  Acquiring Spark session on job cluster (Photon enabled, DBR 15.4 LTS)
2026-05-12 06:43:10 INFO  Reading inputs from Unity Catalog main.curated.* 
2026-05-12 06:44:58 INFO  Stage 1 complete — input rows processed
2026-05-12 06:46:49 INFO  Writing output Delta table (MERGE) 
2026-05-12 06:46:51 INFO  [ml_feature_store.compute_features] Task completed successfully in 226s (exit_code=0)",1,False,0
ml_feature_store,2026-05-12,validate_features,2026-05-12 06:47:18,2026-05-12 06:56:02,"2026-05-12 06:47:18 INFO  [ml_feature_store.validate_features] TaskInstance started — attempt 1
2026-05-12 06:47:20 INFO  Acquiring Spark session on job cluster (Photon enabled, DBR 15.4 LTS)
2026-05-12 06:47:23 INFO  Reading inputs from Unity Catalog main.curated.* 
2026-05-12 06:51:40 INFO  Stage 1 complete — input rows processed
2026-05-12 06:56:00 INFO  Writing output Delta table (MERGE) 
2026-05-12 06:56:02 INFO  [ml_feature_store.validate_features] Task completed successfully in 524s (exit_code=0)",1,False,0
ml_feature_store,2026-05-12,materialize_online,2026-05-12 06:56:38,2026-05-12 07:01:38,"2026-05-12 06:56:38 INFO  [ml_feature_store.materialize_online] TaskInstance started — attempt 1
2026-05-12 06:56:40 INFO  Acquiring Spark session on job cluster (Photon enabled, DBR 15.4 LTS)
2026-05-12 06:56:43 INFO  Reading inputs from Unity Catalog main.curated.* 
2026-05-12 06:59:08 INFO  Stage 1 complete — input rows processed
2026-05-12 07:01:36 INFO  Writing output Delta table (MERGE) 
2026-05-12 07:01:38 INFO  [ml_feature_store.materialize_online] Task completed successfully in 300s (exit_code=0)",1,False,0
data_quality_checks,2026-05-12,load_snapshots,2026-05-12 07:04:47,2026-05-12 07:21:07,"2026-05-12 07:04:47 INFO  [data_quality_checks.load_snapshots] TaskInstance started — attempt 1
2026-05-12 07:04:49 INFO  Acquiring Spark session on job cluster (Photon enabled, DBR 15.4 LTS)
2026-05-12 07:04:52 INFO  Reading inputs from Unity Catalog main.curated.* 
2026-05-12 07:12:57 INFO  Stage 1 complete — input rows processed
2026-05-12 07:21:05 INFO  Writing output Delta table (MERGE) 
2026-05-12 07:21:07 INFO  [data_quality_checks.load_snapshots] Task completed successfully in 980s (exit_code=0)",1,False,0
data_quality_checks,2026-05-12,run_expectations,2026-05-12 07:21:43,2026-05-12 07:27:28,"2026-05-12 07:21:43 INFO  [data_quality_checks.run_expectations] TaskInstance started — attempt 1
2026-05-12 07:21:45 INFO  Acquiring Spark session on job cluster (Photon enabled, DBR 15.4 LTS)
2026-05-12 07:21:48 INFO  Reading inputs from Unity Catalog main.curated.* 
2026-05-12 07:24:35 INFO  Stage 1 complete — input rows processed
2026-05-12 07:27:26 INFO  Writing output Delta table (MERGE) 
2026-05-12 07:27:28 INFO  [data_quality_checks.run_expectations] Task completed successfully in 345s (exit_code=0)",1,False,0
data_quality_checks,2026-05-12,summarize_results,2026-05-12 07:27:58,2026-05-12 07:49:43,"2026-05-12 07:27:58 INFO  [data_quality_checks.summarize_results] TaskInstance started — attempt 1
2026-05-12 07:28:00 INFO  Acquiring Spark session on job cluster (Photon enabled, DBR 15.4 LTS)
2026-05-12 07:28:03 INFO  Reading inputs from Unity Catalog main.curated.* 
2026-05-12 07:38:50 INFO  Stage 1 complete — input rows processed
2026-05-12 07:49:41 INFO  Writing output Delta table (MERGE) 
2026-05-12 07:49:43 INFO  [data_quality_checks.summarize_results] Task completed successfully in 1305s (exit_code=0)",1,False,0
revenue_reporting,2026-05-12,aggregate_daily_revenue,2026-05-12 08:26:27,2026-05-12 08:38:57,"2026-05-12 08:26:27 INFO  [revenue_reporting.aggregate_daily_revenue] TaskInstance started — attempt 1
2026-05-12 08:26:29 INFO  Acquiring Spark session on job cluster (Photon enabled, DBR 15.4 LTS)
2026-05-12 08:26:32 INFO  Reading inputs from Unity Catalog main.curated.* 
2026-05-12 08:32:42 INFO  Stage 1 complete — input rows processed
2026-05-12 08:38:55 INFO  Writing output Delta table (MERGE) 
2026-05-12 08:38:57 INFO  [revenue_reporting.aggregate_daily_revenue] Task completed successfully in 750s (exit_code=0)",1,False,0
revenue_reporting,2026-05-12,currency_convert,2026-05-12 08:39:24,2026-05-12 08:55:23,"2026-05-12 08:39:24 INFO  [revenue_reporting.currency_convert] TaskInstance started — attempt 1
2026-05-12 08:39:26 INFO  Acquiring Spark session on job cluster (Photon enabled, DBR 15.4 LTS)
2026-05-12 08:39:29 INFO  Reading inputs from Unity Catalog main.curated.* 
2026-05-12 08:47:23 INFO  Stage 1 complete — input rows processed
2026-05-12 08:55:21 INFO  Writing output Delta table (MERGE) 
2026-05-12 08:55:23 INFO  [revenue_reporting.currency_convert] Task completed successfully in 959s (exit_code=0)",1,False,0
revenue_reporting,2026-05-12,build_dashboards_tbl,2026-05-12 08:55:37,2026-05-12 09:01:26,"2026-05-12 08:55:37 INFO  [revenue_reporting.build_dashboards_tbl] TaskInstance started — attempt 1
2026-05-12 08:55:39 INFO  Acquiring Spark session on job cluster (Photon enabled, DBR 15.4 LTS)
2026-05-12 08:55:42 INFO  Reading inputs from Unity Catalog main.curated.* 
2026-05-12 08:58:31 INFO  Stage 1 complete — input rows processed
2026-05-12 09:01:24 INFO  Writing output Delta table (MERGE) 
2026-05-12 09:01:26 INFO  [revenue_reporting.build_dashboards_tbl] Task completed successfully in 349s (exit_code=0)",1,False,0
user_segmentation,2026-05-12,load_activity,2026-05-12 09:21:14,2026-05-12 09:28:26,"2026-05-12 09:21:14 INFO  [user_segmentation.load_activity] TaskInstance started — attempt 1
2026-05-12 09:21:16 INFO  Acquiring Spark session on job cluster (Photon enabled, DBR 15.4 LTS)
2026-05-12 09:21:19 INFO  Reading inputs from Unity Catalog main.curated.* 
2026-05-12 09:24:50 INFO  Stage 1 running…
2026-05-12 09:28:23 ERROR TaskRunner: Task exceeded execution_timeout (3600s) and was terminated.
2026-05-12 09:28:24 ERROR   java.util.concurrent.TimeoutException: Task exceeded the configured execution_timeout of 3600s
                       	at org.apache.airflow.executors.TaskRunner.enforceTimeout(...)
2026-05-12 09:28:26 ERROR [user_segmentation.load_activity] Task failed on attempt 1 (exit_code=1)",1,True,1
user_segmentation,2026-05-12,load_activity,2026-05-12 09:31:50,2026-05-12 09:36:33,"2026-05-12 09:31:50 INFO  [user_segmentation.load_activity] TaskInstance started — attempt 2
2026-05-12 09:31:52 INFO  Acquiring Spark session on job cluster (Photon enabled, DBR 15.4 LTS)
2026-05-12 09:31:55 INFO  Reading inputs from Unity Catalog main.curated.* 
2026-05-12 09:34:11 INFO  Stage 1 running…
2026-05-12 09:36:30 ERROR TaskRunner: Task exceeded execution_timeout (3600s) and was terminated.
2026-05-12 09:36:31 ERROR   java.util.concurrent.TimeoutException: Task exceeded the configured execution_timeout of 3600s
                       	at org.apache.airflow.executors.TaskRunner.enforceTimeout(...)
2026-05-12 09:36:33 ERROR [user_segmentation.load_activity] Task failed on attempt 2 (exit_code=1)",2,True,1
user_segmentation,2026-05-12,load_activity,2026-05-12 09:38:05,2026-05-12 09:50:42,"2026-05-12 09:38:05 INFO  [user_segmentation.load_activity] TaskInstance started — attempt 3
2026-05-12 09:38:07 INFO  Acquiring Spark session on job cluster (Photon enabled, DBR 15.4 LTS)
2026-05-12 09:38:10 INFO  Reading inputs from Unity Catalog main.curated.* 
2026-05-12 09:44:23 INFO  Stage 1 complete — input rows processed
2026-05-12 09:50:40 INFO  Writing output Delta table (MERGE) 
2026-05-12 09:50:42 INFO  [user_segmentation.load_activity] Task completed successfully in 757s (exit_code=0)",3,True,0
user_segmentation,2026-05-12,compute_rfm,2026-05-12 09:51:31,2026-05-12 10:12:06,"2026-05-12 09:51:31 INFO  [user_segmentation.compute_rfm] TaskInstance started — attempt 1
2026-05-12 09:51:33 INFO  Acquiring Spark session on job cluster (Photon enabled, DBR 15.4 LTS)
2026-05-12 09:51:36 INFO  Reading inputs from Unity Catalog main.curated.* 
2026-05-12 10:01:48 INFO  Stage 1 running…
2026-05-12 10:12:03 ERROR JDBCRDD: Connection timed out after 30000ms while reading from source DB.
2026-05-12 10:12:04 ERROR   java.sql.SQLTransientConnectionException: HikariPool-1 - Connection is not available, request timed out after 30000ms
                       	at com.zaxxer.hikari.pool.HikariPool.getConnection(HikariPool.java:213)
                       	at org.apache.spark.sql.execution.datasources.jdbc.JDBCRDD.compute(...)
2026-05-12 10:12:06 ERROR [user_segmentation.compute_rfm] Task failed on attempt 1 (exit_code=1)",1,False,1
user_segmentation,2026-05-12,compute_rfm,2026-05-12 10:15:44,2026-05-12 10:36:19,"2026-05-12 10:15:44 INFO  [user_segmentation.compute_rfm] TaskInstance started — attempt 2
2026-05-12 10:15:46 INFO  Acquiring Spark session on job cluster (Photon enabled, DBR 15.4 LTS)
2026-05-12 10:15:49 INFO  Reading inputs from Unity Catalog main.curated.* 
2026-05-12 10:26:01 INFO  Stage 1 running…
2026-05-12 10:36:16 ERROR JDBCRDD: Connection timed out after 30000ms while reading from source DB.
2026-05-12 10:36:17 ERROR   java.sql.SQLTransientConnectionException: HikariPool-1 - Connection is not available, request timed out after 30000ms
                       	at com.zaxxer.hikari.pool.HikariPool.getConnection(HikariPool.java:213)
                       	at org.apache.spark.sql.execution.datasources.jdbc.JDBCRDD.compute(...)
2026-05-12 10:36:19 ERROR [user_segmentation.compute_rfm] Task failed on attempt 2 (exit_code=1)",2,False,1
user_segmentation,2026-05-12,compute_rfm,2026-05-12 10:40:06,2026-05-12 11:00:41,"2026-05-12 10:40:06 INFO  [user_segmentation.compute_rfm] TaskInstance started — attempt 3
2026-05-12 10:40:08 INFO  Acquiring Spark session on job cluster (Photon enabled, DBR 15.4 LTS)
2026-05-12 10:40:11 INFO  Reading inputs from Unity Catalog main.curated.* 
2026-05-12 10:50:23 INFO  Stage 1 running…
2026-05-12 11:00:38 ERROR JDBCRDD: Connection timed out after 30000ms while reading from source DB.
2026-05-12 11:00:39 ERROR   java.sql.SQLTransientConnectionException: HikariPool-1 - Connection is not available, request timed out after 30000ms
                       	at com.zaxxer.hikari.pool.HikariPool.getConnection(HikariPool.java:213)
                       	at org.apache.spark.sql.execution.datasources.jdbc.JDBCRDD.compute(...)
2026-05-12 11:00:41 ERROR [user_segmentation.compute_rfm] Task failed on attempt 3 (exit_code=1)",3,False,1
daily_sales_etl,2026-05-13,extract_orders,2026-05-13 02:23:03,2026-05-13 02:45:08,"2026-05-13 02:23:03 INFO  [daily_sales_etl.extract_orders] TaskInstance started — attempt 1
2026-05-13 02:23:05 INFO  Acquiring Spark session on job cluster (Photon enabled, DBR 15.4 LTS)
2026-05-13 02:23:08 INFO  Reading inputs from Unity Catalog main.curated.* 
2026-05-13 02:34:05 INFO  Stage 1 complete — input rows processed
2026-05-13 02:45:06 INFO  Writing output Delta table (MERGE) 
2026-05-13 02:45:08 INFO  [daily_sales_etl.extract_orders] Task completed successfully in 1325s (exit_code=0)",1,False,0
daily_sales_etl,2026-05-13,extract_returns,2026-05-13 02:45:38,2026-05-13 03:02:05,"2026-05-13 02:45:38 INFO  [daily_sales_etl.extract_returns] TaskInstance started — attempt 1
2026-05-13 02:45:40 INFO  Acquiring Spark session on job cluster (Photon enabled, DBR 15.4 LTS)
2026-05-13 02:45:43 INFO  Reading inputs from Unity Catalog main.curated.* 
2026-05-13 02:53:51 INFO  Stage 1 complete — input rows processed
2026-05-13 03:02:03 INFO  Writing output Delta table (MERGE) 
2026-05-13 03:02:05 INFO  [daily_sales_etl.extract_returns] Task completed successfully in 987s (exit_code=0)",1,False,0
daily_sales_etl,2026-05-13,transform_sales,2026-05-13 03:02:50,2026-05-13 03:08:35,"2026-05-13 03:02:50 INFO  [daily_sales_etl.transform_sales] TaskInstance started — attempt 1
2026-05-13 03:02:52 INFO  Acquiring Spark session on job cluster (Photon enabled, DBR 15.4 LTS)
2026-05-13 03:02:55 INFO  Reading inputs from Unity Catalog main.curated.* 
2026-05-13 03:05:42 INFO  Stage 1 running…
2026-05-13 03:08:32 ERROR Executor: Exception in task 47.0 in stage 12.0 (TID 1893) java.lang.OutOfMemoryError: Java heap space
2026-05-13 03:08:33 ERROR   java.lang.OutOfMemoryError: Java heap space
                       	at org.apache.spark.sql.execution.aggregate.HashAggregateExec.doExecute(HashAggregateExec.scala:101)
                       	at org.apache.spark.sql.execution.exchange.ShuffleExchangeExec.prepareShuffleDependency(...)
                       	at org.apache.spark.scheduler.Task.run(Task.scala:139)
2026-05-13 03:08:35 ERROR [daily_sales_etl.transform_sales] Task failed on attempt 1 (exit_code=1)",1,True,1
daily_sales_etl,2026-05-13,transform_sales,2026-05-13 03:10:16,2026-05-13 03:26:56,"2026-05-13 03:10:16 INFO  [daily_sales_etl.transform_sales] TaskInstance started — attempt 2
2026-05-13 03:10:18 INFO  Acquiring Spark session on job cluster (Photon enabled, DBR 15.4 LTS)
2026-05-13 03:10:21 INFO  Reading inputs from Unity Catalog main.curated.* 
2026-05-13 03:18:36 INFO  Stage 1 complete — input rows processed
2026-05-13 03:26:54 INFO  Writing output Delta table (MERGE) 
2026-05-13 03:26:56 INFO  [daily_sales_etl.transform_sales] Task completed successfully in 1000s (exit_code=0)",2,True,0
daily_sales_etl,2026-05-13,dq_check_sales,2026-05-13 03:27:08,2026-05-13 03:41:44,"2026-05-13 03:27:08 INFO  [daily_sales_etl.dq_check_sales] TaskInstance started — attempt 1
2026-05-13 03:27:10 INFO  Acquiring Spark session on job cluster (Photon enabled, DBR 15.4 LTS)
2026-05-13 03:27:13 INFO  Reading inputs from Unity Catalog main.curated.* 
2026-05-13 03:34:26 INFO  Stage 1 complete — input rows processed
2026-05-13 03:41:42 INFO  Writing output Delta table (MERGE) 
2026-05-13 03:41:44 INFO  [daily_sales_etl.dq_check_sales] Task completed successfully in 876s (exit_code=0)",1,False,0
daily_sales_etl,2026-05-13,load_fact_sales,2026-05-13 03:41:55,2026-05-13 03:44:55,"2026-05-13 03:41:55 INFO  [daily_sales_etl.load_fact_sales] TaskInstance started — attempt 1
2026-05-13 03:41:57 INFO  Acquiring Spark session on job cluster (Photon enabled, DBR 15.4 LTS)
2026-05-13 03:42:00 INFO  Reading inputs from Unity Catalog main.curated.* 
2026-05-13 03:43:25 INFO  Stage 1 complete — input rows processed
2026-05-13 03:44:53 INFO  Writing output Delta table (MERGE) 
2026-05-13 03:44:55 INFO  [daily_sales_etl.load_fact_sales] Task completed successfully in 180s (exit_code=0)",1,False,0
customer_360_pipeline,2026-05-13,ingest_crm,2026-05-13 01:03:23,2026-05-13 01:08:47,"2026-05-13 01:03:23 INFO  [customer_360_pipeline.ingest_crm] TaskInstance started — attempt 1
2026-05-13 01:03:25 INFO  Acquiring Spark session on job cluster (Photon enabled, DBR 15.4 LTS)
2026-05-13 01:03:28 INFO  Reading inputs from Unity Catalog main.curated.* 
2026-05-13 01:06:05 INFO  Stage 1 complete — input rows processed
2026-05-13 01:08:45 INFO  Writing output Delta table (MERGE) 
2026-05-13 01:08:47 INFO  [customer_360_pipeline.ingest_crm] Task completed successfully in 324s (exit_code=0)",1,False,0
customer_360_pipeline,2026-05-13,ingest_web_events,2026-05-13 01:09:31,2026-05-13 01:25:21,"2026-05-13 01:09:31 INFO  [customer_360_pipeline.ingest_web_events] TaskInstance started — attempt 1
2026-05-13 01:09:33 INFO  Acquiring Spark session on job cluster (Photon enabled, DBR 15.4 LTS)
2026-05-13 01:09:36 INFO  Reading inputs from Unity Catalog main.curated.* 
2026-05-13 01:17:26 INFO  Stage 1 complete — input rows processed
2026-05-13 01:25:19 INFO  Writing output Delta table (MERGE) 
2026-05-13 01:25:21 INFO  [customer_360_pipeline.ingest_web_events] Task completed successfully in 950s (exit_code=0)",1,False,0
customer_360_pipeline,2026-05-13,resolve_identity,2026-05-13 01:25:42,2026-05-13 01:40:33,"2026-05-13 01:25:42 INFO  [customer_360_pipeline.resolve_identity] TaskInstance started — attempt 1
2026-05-13 01:25:44 INFO  Acquiring Spark session on job cluster (Photon enabled, DBR 15.4 LTS)
2026-05-13 01:25:47 INFO  Reading inputs from Unity Catalog main.curated.* 
2026-05-13 01:33:07 INFO  Stage 1 complete — input rows processed
2026-05-13 01:40:31 INFO  Writing output Delta table (MERGE) 
2026-05-13 01:40:33 INFO  [customer_360_pipeline.resolve_identity] Task completed successfully in 891s (exit_code=0)",1,False,0
customer_360_pipeline,2026-05-13,build_profiles,2026-05-13 01:41:08,2026-05-13 01:48:19,"2026-05-13 01:41:08 INFO  [customer_360_pipeline.build_profiles] TaskInstance started — attempt 1
2026-05-13 01:41:10 INFO  Acquiring Spark session on job cluster (Photon enabled, DBR 15.4 LTS)
2026-05-13 01:41:13 INFO  Reading inputs from Unity Catalog main.curated.* 
2026-05-13 01:44:43 INFO  Stage 1 complete — input rows processed
2026-05-13 01:48:17 INFO  Writing output Delta table (MERGE) 
2026-05-13 01:48:19 INFO  [customer_360_pipeline.build_profiles] Task completed successfully in 431s (exit_code=0)",1,False,0
customer_360_pipeline,2026-05-13,publish_features,2026-05-13 01:48:55,2026-05-13 02:07:49,"2026-05-13 01:48:55 INFO  [customer_360_pipeline.publish_features] TaskInstance started — attempt 1
2026-05-13 01:48:57 INFO  Acquiring Spark session on job cluster (Photon enabled, DBR 15.4 LTS)
2026-05-13 01:49:00 INFO  Reading inputs from Unity Catalog main.curated.* 
2026-05-13 01:58:22 INFO  Stage 1 complete — input rows processed
2026-05-13 02:07:47 INFO  Writing output Delta table (MERGE) 
2026-05-13 02:07:49 INFO  [customer_360_pipeline.publish_features] Task completed successfully in 1134s (exit_code=0)",1,False,0
inventory_sync,2026-05-13,pull_warehouse_api,2026-05-13 03:02:09,2026-05-13 03:21:29,"2026-05-13 03:02:09 INFO  [inventory_sync.pull_warehouse_api] TaskInstance started — attempt 1
2026-05-13 03:02:11 INFO  Acquiring Spark session on job cluster (Photon enabled, DBR 15.4 LTS)
2026-05-13 03:02:14 INFO  Reading inputs from Unity Catalog main.curated.* 
2026-05-13 03:11:49 INFO  Stage 1 complete — input rows processed
2026-05-13 03:21:27 INFO  Writing output Delta table (MERGE) 
2026-05-13 03:21:29 INFO  [inventory_sync.pull_warehouse_api] Task completed successfully in 1160s (exit_code=0)",1,False,0
inventory_sync,2026-05-13,normalize_sku,2026-05-13 03:21:44,2026-05-13 03:29:37,"2026-05-13 03:21:44 INFO  [inventory_sync.normalize_sku] TaskInstance started — attempt 1
2026-05-13 03:21:46 INFO  Acquiring Spark session on job cluster (Photon enabled, DBR 15.4 LTS)
2026-05-13 03:21:49 INFO  Reading inputs from Unity Catalog main.curated.* 
2026-05-13 03:25:40 INFO  Stage 1 running…
2026-05-13 03:29:34 ERROR ShuffleBlockFetcherIterator: Failed to fetch shuffle block from a lost executor.
2026-05-13 03:29:35 ERROR   org.apache.spark.shuffle.FetchFailedException: Failed to connect to executor-7.cluster:35421
                       	at org.apache.spark.storage.ShuffleBlockFetcherIterator.throwFetchFailedException(...)
                       	at org.apache.spark.scheduler.ShuffleMapTask.runTask(ShuffleMapTask.scala:99)
2026-05-13 03:29:37 ERROR [inventory_sync.normalize_sku] Task failed on attempt 1 (exit_code=1)",1,True,1
inventory_sync,2026-05-13,normalize_sku,2026-05-13 03:32:56,2026-05-13 03:53:33,"2026-05-13 03:32:56 INFO  [inventory_sync.normalize_sku] TaskInstance started — attempt 2
2026-05-13 03:32:58 INFO  Acquiring Spark session on job cluster (Photon enabled, DBR 15.4 LTS)
2026-05-13 03:33:01 INFO  Reading inputs from Unity Catalog main.curated.* 
2026-05-13 03:43:14 INFO  Stage 1 complete — input rows processed
2026-05-13 03:53:31 INFO  Writing output Delta table (MERGE) 
2026-05-13 03:53:33 INFO  [inventory_sync.normalize_sku] Task completed successfully in 1237s (exit_code=0)",2,True,0
inventory_sync,2026-05-13,reconcile_stock,2026-05-13 03:53:39,2026-05-13 04:14:40,"2026-05-13 03:53:39 INFO  [inventory_sync.reconcile_stock] TaskInstance started — attempt 1
2026-05-13 03:53:41 INFO  Acquiring Spark session on job cluster (Photon enabled, DBR 15.4 LTS)
2026-05-13 03:53:44 INFO  Reading inputs from Unity Catalog main.curated.* 
2026-05-13 04:04:09 INFO  Stage 1 running…
2026-05-13 04:14:37 ERROR JDBCRDD: Connection timed out after 30000ms while reading from source DB.
2026-05-13 04:14:38 ERROR   java.sql.SQLTransientConnectionException: HikariPool-1 - Connection is not available, request timed out after 30000ms
                       	at com.zaxxer.hikari.pool.HikariPool.getConnection(HikariPool.java:213)
                       	at org.apache.spark.sql.execution.datasources.jdbc.JDBCRDD.compute(...)
2026-05-13 04:14:40 ERROR [inventory_sync.reconcile_stock] Task failed on attempt 1 (exit_code=1)",1,False,1
inventory_sync,2026-05-13,reconcile_stock,2026-05-13 04:16:56,2026-05-13 04:37:57,"2026-05-13 04:16:56 INFO  [inventory_sync.reconcile_stock] TaskInstance started — attempt 2
2026-05-13 04:16:58 INFO  Acquiring Spark session on job cluster (Photon enabled, DBR 15.4 LTS)
2026-05-13 04:17:01 INFO  Reading inputs from Unity Catalog main.curated.* 
2026-05-13 04:27:26 INFO  Stage 1 running…
2026-05-13 04:37:54 ERROR JDBCRDD: Connection timed out after 30000ms while reading from source DB.
2026-05-13 04:37:55 ERROR   java.sql.SQLTransientConnectionException: HikariPool-1 - Connection is not available, request timed out after 30000ms
                       	at com.zaxxer.hikari.pool.HikariPool.getConnection(HikariPool.java:213)
                       	at org.apache.spark.sql.execution.datasources.jdbc.JDBCRDD.compute(...)
2026-05-13 04:37:57 ERROR [inventory_sync.reconcile_stock] Task failed on attempt 2 (exit_code=1)",2,False,1
inventory_sync,2026-05-13,reconcile_stock,2026-05-13 04:41:41,2026-05-13 05:02:42,"2026-05-13 04:41:41 INFO  [inventory_sync.reconcile_stock] TaskInstance started — attempt 3
2026-05-13 04:41:43 INFO  Acquiring Spark session on job cluster (Photon enabled, DBR 15.4 LTS)
2026-05-13 04:41:46 INFO  Reading inputs from Unity Catalog main.curated.* 
2026-05-13 04:52:11 INFO  Stage 1 running…
2026-05-13 05:02:39 ERROR JDBCRDD: Connection timed out after 30000ms while reading from source DB.
2026-05-13 05:02:40 ERROR   java.sql.SQLTransientConnectionException: HikariPool-1 - Connection is not available, request timed out after 30000ms
                       	at com.zaxxer.hikari.pool.HikariPool.getConnection(HikariPool.java:213)
                       	at org.apache.spark.sql.execution.datasources.jdbc.JDBCRDD.compute(...)
2026-05-13 05:02:42 ERROR [inventory_sync.reconcile_stock] Task failed on attempt 3 (exit_code=1)",3,False,1
marketing_attribution,2026-05-13,load_ad_spend,2026-05-13 04:02:44,2026-05-13 04:23:25,"2026-05-13 04:02:44 INFO  [marketing_attribution.load_ad_spend] TaskInstance started — attempt 1
2026-05-13 04:02:46 INFO  Acquiring Spark session on job cluster (Photon enabled, DBR 15.4 LTS)
2026-05-13 04:02:49 INFO  Reading inputs from Unity Catalog main.curated.* 
2026-05-13 04:13:04 INFO  Stage 1 complete — input rows processed
2026-05-13 04:23:23 INFO  Writing output Delta table (MERGE) 
2026-05-13 04:23:25 INFO  [marketing_attribution.load_ad_spend] Task completed successfully in 1241s (exit_code=0)",1,False,0
marketing_attribution,2026-05-13,load_conversions,2026-05-13 04:23:40,2026-05-13 04:38:48,"2026-05-13 04:23:40 INFO  [marketing_attribution.load_conversions] TaskInstance started — attempt 1
2026-05-13 04:23:42 INFO  Acquiring Spark session on job cluster (Photon enabled, DBR 15.4 LTS)
2026-05-13 04:23:45 INFO  Reading inputs from Unity Catalog main.curated.* 
2026-05-13 04:31:14 INFO  Stage 1 complete — input rows processed
2026-05-13 04:38:46 INFO  Writing output Delta table (MERGE) 
2026-05-13 04:38:48 INFO  [marketing_attribution.load_conversions] Task completed successfully in 908s (exit_code=0)",1,False,0
marketing_attribution,2026-05-13,join_touchpoints,2026-05-13 04:39:27,2026-05-13 05:00:56,"2026-05-13 04:39:27 INFO  [marketing_attribution.join_touchpoints] TaskInstance started — attempt 1
2026-05-13 04:39:29 INFO  Acquiring Spark session on job cluster (Photon enabled, DBR 15.4 LTS)
2026-05-13 04:39:32 INFO  Reading inputs from Unity Catalog main.curated.* 
2026-05-13 04:50:11 INFO  Stage 1 complete — input rows processed
2026-05-13 05:00:54 INFO  Writing output Delta table (MERGE) 
2026-05-13 05:00:56 INFO  [marketing_attribution.join_touchpoints] Task completed successfully in 1289s (exit_code=0)",1,False,0
marketing_attribution,2026-05-13,attribute_revenue,2026-05-13 05:01:22,2026-05-13 05:26:05,"2026-05-13 05:01:22 INFO  [marketing_attribution.attribute_revenue] TaskInstance started — attempt 1
2026-05-13 05:01:24 INFO  Acquiring Spark session on job cluster (Photon enabled, DBR 15.4 LTS)
2026-05-13 05:01:27 INFO  Reading inputs from Unity Catalog main.curated.* 
2026-05-13 05:13:43 INFO  Stage 1 complete — input rows processed
2026-05-13 05:26:03 INFO  Writing output Delta table (MERGE) 
2026-05-13 05:26:05 INFO  [marketing_attribution.attribute_revenue] Task completed successfully in 1483s (exit_code=0)",1,False,0
finance_reconciliation,2026-05-13,extract_ledger,2026-05-13 05:25:48,2026-05-13 05:36:58,"2026-05-13 05:25:48 INFO  [finance_reconciliation.extract_ledger] TaskInstance started — attempt 1
2026-05-13 05:25:50 INFO  Acquiring Spark session on job cluster (Photon enabled, DBR 15.4 LTS)
2026-05-13 05:25:53 INFO  Reading inputs from Unity Catalog main.curated.* 
2026-05-13 05:31:23 INFO  Stage 1 complete — input rows processed
2026-05-13 05:36:56 INFO  Writing output Delta table (MERGE) 
2026-05-13 05:36:58 INFO  [finance_reconciliation.extract_ledger] Task completed successfully in 670s (exit_code=0)",1,False,0
finance_reconciliation,2026-05-13,extract_payments,2026-05-13 05:37:50,2026-05-13 05:48:34,"2026-05-13 05:37:50 INFO  [finance_reconciliation.extract_payments] TaskInstance started — attempt 1
2026-05-13 05:37:52 INFO  Acquiring Spark session on job cluster (Photon enabled, DBR 15.4 LTS)
2026-05-13 05:37:55 INFO  Reading inputs from Unity Catalog main.curated.* 
2026-05-13 05:43:12 INFO  Stage 1 complete — input rows processed
2026-05-13 05:48:32 INFO  Writing output Delta table (MERGE) 
2026-05-13 05:48:34 INFO  [finance_reconciliation.extract_payments] Task completed successfully in 644s (exit_code=0)",1,False,0
finance_reconciliation,2026-05-13,reconcile,2026-05-13 05:49:10,2026-05-13 06:04:18,"2026-05-13 05:49:10 INFO  [finance_reconciliation.reconcile] TaskInstance started — attempt 1
2026-05-13 05:49:12 INFO  Acquiring Spark session on job cluster (Photon enabled, DBR 15.4 LTS)
2026-05-13 05:49:15 INFO  Reading inputs from Unity Catalog main.curated.* 
2026-05-13 05:56:44 INFO  Stage 1 complete — input rows processed
2026-05-13 06:04:16 INFO  Writing output Delta table (MERGE) 
2026-05-13 06:04:18 INFO  [finance_reconciliation.reconcile] Task completed successfully in 908s (exit_code=0)",1,False,0
finance_reconciliation,2026-05-13,gl_validation,2026-05-13 06:04:24,2026-05-13 06:16:56,"2026-05-13 06:04:24 INFO  [finance_reconciliation.gl_validation] TaskInstance started — attempt 1
2026-05-13 06:04:26 INFO  Acquiring Spark session on job cluster (Photon enabled, DBR 15.4 LTS)
2026-05-13 06:04:29 INFO  Reading inputs from Unity Catalog main.curated.* 
2026-05-13 06:10:40 INFO  Stage 1 complete — input rows processed
2026-05-13 06:16:54 INFO  Writing output Delta table (MERGE) 
2026-05-13 06:16:56 INFO  [finance_reconciliation.gl_validation] Task completed successfully in 752s (exit_code=0)",1,False,0
finance_reconciliation,2026-05-13,export_report,2026-05-13 06:17:13,2026-05-13 06:40:52,"2026-05-13 06:17:13 INFO  [finance_reconciliation.export_report] TaskInstance started — attempt 1
2026-05-13 06:17:15 INFO  Acquiring Spark session on job cluster (Photon enabled, DBR 15.4 LTS)
2026-05-13 06:17:18 INFO  Reading inputs from Unity Catalog main.curated.* 
2026-05-13 06:29:02 INFO  Stage 1 complete — input rows processed
2026-05-13 06:40:50 INFO  Writing output Delta table (MERGE) 
2026-05-13 06:40:52 INFO  [finance_reconciliation.export_report] Task completed successfully in 1419s (exit_code=0)",1,False,0
clickstream_ingest,2026-05-13,read_kafka_offsets,2026-05-13 00:25:59,2026-05-13 00:40:54,"2026-05-13 00:25:59 INFO  [clickstream_ingest.read_kafka_offsets] TaskInstance started — attempt 1
2026-05-13 00:26:01 INFO  Acquiring Spark session on job cluster (Photon enabled, DBR 15.4 LTS)
2026-05-13 00:26:04 INFO  Reading inputs from Unity Catalog main.curated.* 
2026-05-13 00:33:26 INFO  Stage 1 complete — input rows processed
2026-05-13 00:40:52 INFO  Writing output Delta table (MERGE) 
2026-05-13 00:40:54 INFO  [clickstream_ingest.read_kafka_offsets] Task completed successfully in 895s (exit_code=0)",1,False,0
clickstream_ingest,2026-05-13,parse_events,2026-05-13 00:41:22,2026-05-13 00:47:06,"2026-05-13 00:41:22 INFO  [clickstream_ingest.parse_events] TaskInstance started — attempt 1
2026-05-13 00:41:24 INFO  Acquiring Spark session on job cluster (Photon enabled, DBR 15.4 LTS)
2026-05-13 00:41:27 INFO  Reading inputs from Unity Catalog main.curated.* 
2026-05-13 00:44:14 INFO  Stage 1 complete — input rows processed
2026-05-13 00:47:04 INFO  Writing output Delta table (MERGE) 
2026-05-13 00:47:06 INFO  [clickstream_ingest.parse_events] Task completed successfully in 344s (exit_code=0)",1,False,0
clickstream_ingest,2026-05-13,sessionize,2026-05-13 00:47:25,2026-05-13 01:06:27,"2026-05-13 00:47:25 INFO  [clickstream_ingest.sessionize] TaskInstance started — attempt 1
2026-05-13 00:47:27 INFO  Acquiring Spark session on job cluster (Photon enabled, DBR 15.4 LTS)
2026-05-13 00:47:30 INFO  Reading inputs from Unity Catalog main.curated.* 
2026-05-13 00:56:56 INFO  Stage 1 complete — input rows processed
2026-05-13 01:06:25 INFO  Writing output Delta table (MERGE) 
2026-05-13 01:06:27 INFO  [clickstream_ingest.sessionize] Task completed successfully in 1142s (exit_code=0)",1,False,0
clickstream_ingest,2026-05-13,write_bronze,2026-05-13 01:06:45,2026-05-13 01:26:13,"2026-05-13 01:06:45 INFO  [clickstream_ingest.write_bronze] TaskInstance started — attempt 1
2026-05-13 01:06:47 INFO  Acquiring Spark session on job cluster (Photon enabled, DBR 15.4 LTS)
2026-05-13 01:06:50 INFO  Reading inputs from Unity Catalog main.curated.* 
2026-05-13 01:16:29 INFO  Stage 1 complete — input rows processed
2026-05-13 01:26:11 INFO  Writing output Delta table (MERGE) 
2026-05-13 01:26:13 INFO  [clickstream_ingest.write_bronze] Task completed successfully in 1168s (exit_code=0)",1,False,0
clickstream_ingest,2026-05-13,write_silver,2026-05-13 01:26:57,2026-05-13 01:30:00,"2026-05-13 01:26:57 INFO  [clickstream_ingest.write_silver] TaskInstance started — attempt 1
2026-05-13 01:26:59 INFO  Acquiring Spark session on job cluster (Photon enabled, DBR 15.4 LTS)
2026-05-13 01:27:02 INFO  Reading inputs from Unity Catalog main.curated.* 
2026-05-13 01:28:28 INFO  Stage 1 complete — input rows processed
2026-05-13 01:29:58 INFO  Writing output Delta table (MERGE) 
2026-05-13 01:30:00 INFO  [clickstream_ingest.write_silver] Task completed successfully in 183s (exit_code=0)",1,False,0
ml_feature_store,2026-05-13,fetch_training_data,2026-05-13 06:11:51,2026-05-13 06:18:56,"2026-05-13 06:11:51 INFO  [ml_feature_store.fetch_training_data] TaskInstance started — attempt 1
2026-05-13 06:11:53 INFO  Acquiring Spark session on job cluster (Photon enabled, DBR 15.4 LTS)
2026-05-13 06:11:56 INFO  Reading inputs from Unity Catalog main.curated.* 
2026-05-13 06:15:23 INFO  Stage 1 complete — input rows processed
2026-05-13 06:18:54 INFO  Writing output Delta table (MERGE) 
2026-05-13 06:18:56 INFO  [ml_feature_store.fetch_training_data] Task completed successfully in 425s (exit_code=0)",1,False,0
ml_feature_store,2026-05-13,compute_features,2026-05-13 06:19:51,2026-05-13 06:29:39,"2026-05-13 06:19:51 INFO  [ml_feature_store.compute_features] TaskInstance started — attempt 1
2026-05-13 06:19:53 INFO  Acquiring Spark session on job cluster (Photon enabled, DBR 15.4 LTS)
2026-05-13 06:19:56 INFO  Reading inputs from Unity Catalog main.curated.* 
2026-05-13 06:24:45 INFO  Stage 1 complete — input rows processed
2026-05-13 06:29:37 INFO  Writing output Delta table (MERGE) 
2026-05-13 06:29:39 INFO  [ml_feature_store.compute_features] Task completed successfully in 588s (exit_code=0)",1,False,0
ml_feature_store,2026-05-13,validate_features,2026-05-13 06:29:55,2026-05-13 06:47:43,"2026-05-13 06:29:55 INFO  [ml_feature_store.validate_features] TaskInstance started — attempt 1
2026-05-13 06:29:57 INFO  Acquiring Spark session on job cluster (Photon enabled, DBR 15.4 LTS)
2026-05-13 06:30:00 INFO  Reading inputs from Unity Catalog main.curated.* 
2026-05-13 06:38:49 INFO  Stage 1 complete — input rows processed
2026-05-13 06:47:41 INFO  Writing output Delta table (MERGE) 
2026-05-13 06:47:43 INFO  [ml_feature_store.validate_features] Task completed successfully in 1068s (exit_code=0)",1,False,0
ml_feature_store,2026-05-13,materialize_online,2026-05-13 06:48:09,2026-05-13 06:54:06,"2026-05-13 06:48:09 INFO  [ml_feature_store.materialize_online] TaskInstance started — attempt 1
2026-05-13 06:48:11 INFO  Acquiring Spark session on job cluster (Photon enabled, DBR 15.4 LTS)
2026-05-13 06:48:14 INFO  Reading inputs from Unity Catalog main.curated.* 
2026-05-13 06:51:07 INFO  Stage 1 complete — input rows processed
2026-05-13 06:54:04 INFO  Writing output Delta table (MERGE) 
2026-05-13 06:54:06 INFO  [ml_feature_store.materialize_online] Task completed successfully in 357s (exit_code=0)",1,False,0
data_quality_checks,2026-05-13,load_snapshots,2026-05-13 07:12:29,2026-05-13 07:18:22,"2026-05-13 07:12:29 INFO  [data_quality_checks.load_snapshots] TaskInstance started — attempt 1
2026-05-13 07:12:31 INFO  Acquiring Spark session on job cluster (Photon enabled, DBR 15.4 LTS)
2026-05-13 07:12:34 INFO  Reading inputs from Unity Catalog main.curated.* 
2026-05-13 07:15:25 INFO  Stage 1 complete — input rows processed
2026-05-13 07:18:20 INFO  Writing output Delta table (MERGE) 
2026-05-13 07:18:22 INFO  [data_quality_checks.load_snapshots] Task completed successfully in 353s (exit_code=0)",1,False,0
data_quality_checks,2026-05-13,run_expectations,2026-05-13 07:18:37,2026-05-13 07:25:50,"2026-05-13 07:18:37 INFO  [data_quality_checks.run_expectations] TaskInstance started — attempt 1
2026-05-13 07:18:39 INFO  Acquiring Spark session on job cluster (Photon enabled, DBR 15.4 LTS)
2026-05-13 07:18:42 INFO  Reading inputs from Unity Catalog main.curated.* 
2026-05-13 07:22:13 INFO  Stage 1 running…
2026-05-13 07:25:47 ERROR TaskRunner: Task exceeded execution_timeout (3600s) and was terminated.
2026-05-13 07:25:48 ERROR   java.util.concurrent.TimeoutException: Task exceeded the configured execution_timeout of 3600s
                       	at org.apache.airflow.executors.TaskRunner.enforceTimeout(...)
2026-05-13 07:25:50 ERROR [data_quality_checks.run_expectations] Task failed on attempt 1 (exit_code=1)",1,True,1
data_quality_checks,2026-05-13,run_expectations,2026-05-13 07:29:22,2026-05-13 07:36:42,"2026-05-13 07:29:22 INFO  [data_quality_checks.run_expectations] TaskInstance started — attempt 2
2026-05-13 07:29:24 INFO  Acquiring Spark session on job cluster (Photon enabled, DBR 15.4 LTS)
2026-05-13 07:29:27 INFO  Reading inputs from Unity Catalog main.curated.* 
2026-05-13 07:33:02 INFO  Stage 1 complete — input rows processed
2026-05-13 07:36:40 INFO  Writing output Delta table (MERGE) 
2026-05-13 07:36:42 INFO  [data_quality_checks.run_expectations] Task completed successfully in 440s (exit_code=0)",2,True,0
data_quality_checks,2026-05-13,summarize_results,2026-05-13 07:37:17,2026-05-13 07:52:14,"2026-05-13 07:37:17 INFO  [data_quality_checks.summarize_results] TaskInstance started — attempt 1
2026-05-13 07:37:19 INFO  Acquiring Spark session on job cluster (Photon enabled, DBR 15.4 LTS)
2026-05-13 07:37:22 INFO  Reading inputs from Unity Catalog main.curated.* 
2026-05-13 07:44:45 INFO  Stage 1 complete — input rows processed
2026-05-13 07:52:12 INFO  Writing output Delta table (MERGE) 
2026-05-13 07:52:14 INFO  [data_quality_checks.summarize_results] Task completed successfully in 897s (exit_code=0)",1,False,0
revenue_reporting,2026-05-13,aggregate_daily_revenue,2026-05-13 08:04:01,2026-05-13 08:24:59,"2026-05-13 08:04:01 INFO  [revenue_reporting.aggregate_daily_revenue] TaskInstance started — attempt 1
2026-05-13 08:04:03 INFO  Acquiring Spark session on job cluster (Photon enabled, DBR 15.4 LTS)
2026-05-13 08:04:06 INFO  Reading inputs from Unity Catalog main.curated.* 
2026-05-13 08:14:30 INFO  Stage 1 complete — input rows processed
2026-05-13 08:24:57 INFO  Writing output Delta table (MERGE) 
2026-05-13 08:24:59 INFO  [revenue_reporting.aggregate_daily_revenue] Task completed successfully in 1258s (exit_code=0)",1,False,0
revenue_reporting,2026-05-13,currency_convert,2026-05-13 08:25:12,2026-05-13 08:43:00,"2026-05-13 08:25:12 INFO  [revenue_reporting.currency_convert] TaskInstance started — attempt 1
2026-05-13 08:25:14 INFO  Acquiring Spark session on job cluster (Photon enabled, DBR 15.4 LTS)
2026-05-13 08:25:17 INFO  Reading inputs from Unity Catalog main.curated.* 
2026-05-13 08:34:06 INFO  Stage 1 complete — input rows processed
2026-05-13 08:42:58 INFO  Writing output Delta table (MERGE) 
2026-05-13 08:43:00 INFO  [revenue_reporting.currency_convert] Task completed successfully in 1068s (exit_code=0)",1,False,0
revenue_reporting,2026-05-13,build_dashboards_tbl,2026-05-13 08:43:17,2026-05-13 08:53:29,"2026-05-13 08:43:17 INFO  [revenue_reporting.build_dashboards_tbl] TaskInstance started — attempt 1
2026-05-13 08:43:19 INFO  Acquiring Spark session on job cluster (Photon enabled, DBR 15.4 LTS)
2026-05-13 08:43:22 INFO  Reading inputs from Unity Catalog main.curated.* 
2026-05-13 08:48:23 INFO  Stage 1 running…
2026-05-13 08:53:26 ERROR DataSource: Path does not exist for the current run partition; 0 input files matched.
2026-05-13 08:53:27 ERROR   org.apache.spark.sql.AnalysisException: Path does not exist: s3://lake/raw/build_dashboards_tbl/dt=...
                       	at org.apache.spark.sql.execution.datasources.DataSource.checkAndGlobPathIfNecessary(...)
                       	at org.apache.spark.sql.DataFrameReader.load(DataFrameReader.scala:309)
2026-05-13 08:53:29 ERROR [revenue_reporting.build_dashboards_tbl] Task failed on attempt 1 (exit_code=1)",1,False,1
revenue_reporting,2026-05-13,build_dashboards_tbl,2026-05-13 08:54:36,2026-05-13 09:04:48,"2026-05-13 08:54:36 INFO  [revenue_reporting.build_dashboards_tbl] TaskInstance started — attempt 2
2026-05-13 08:54:38 INFO  Acquiring Spark session on job cluster (Photon enabled, DBR 15.4 LTS)
2026-05-13 08:54:41 INFO  Reading inputs from Unity Catalog main.curated.* 
2026-05-13 08:59:42 INFO  Stage 1 running…
2026-05-13 09:04:45 ERROR DataSource: Path does not exist for the current run partition; 0 input files matched.
2026-05-13 09:04:46 ERROR   org.apache.spark.sql.AnalysisException: Path does not exist: s3://lake/raw/build_dashboards_tbl/dt=...
                       	at org.apache.spark.sql.execution.datasources.DataSource.checkAndGlobPathIfNecessary(...)
                       	at org.apache.spark.sql.DataFrameReader.load(DataFrameReader.scala:309)
2026-05-13 09:04:48 ERROR [revenue_reporting.build_dashboards_tbl] Task failed on attempt 2 (exit_code=1)",2,False,1
revenue_reporting,2026-05-13,build_dashboards_tbl,2026-05-13 09:06:52,2026-05-13 09:17:04,"2026-05-13 09:06:52 INFO  [revenue_reporting.build_dashboards_tbl] TaskInstance started — attempt 3
2026-05-13 09:06:54 INFO  Acquiring Spark session on job cluster (Photon enabled, DBR 15.4 LTS)
2026-05-13 09:06:57 INFO  Reading inputs from Unity Catalog main.curated.* 
2026-05-13 09:11:58 INFO  Stage 1 running…
2026-05-13 09:17:01 ERROR DataSource: Path does not exist for the current run partition; 0 input files matched.
2026-05-13 09:17:02 ERROR   org.apache.spark.sql.AnalysisException: Path does not exist: s3://lake/raw/build_dashboards_tbl/dt=...
                       	at org.apache.spark.sql.execution.datasources.DataSource.checkAndGlobPathIfNecessary(...)
                       	at org.apache.spark.sql.DataFrameReader.load(DataFrameReader.scala:309)
2026-05-13 09:17:04 ERROR [revenue_reporting.build_dashboards_tbl] Task failed on attempt 3 (exit_code=1)",3,False,1
user_segmentation,2026-05-13,load_activity,2026-05-13 09:09:32,2026-05-13 09:32:33,"2026-05-13 09:09:32 INFO  [user_segmentation.load_activity] TaskInstance started — attempt 1
2026-05-13 09:09:34 INFO  Acquiring Spark session on job cluster (Photon enabled, DBR 15.4 LTS)
2026-05-13 09:09:37 INFO  Reading inputs from Unity Catalog main.curated.* 
2026-05-13 09:21:02 INFO  Stage 1 complete — input rows processed
2026-05-13 09:32:31 INFO  Writing output Delta table (MERGE) 
2026-05-13 09:32:33 INFO  [user_segmentation.load_activity] Task completed successfully in 1381s (exit_code=0)",1,False,0
user_segmentation,2026-05-13,compute_rfm,2026-05-13 09:33:12,2026-05-13 09:50:30,"2026-05-13 09:33:12 INFO  [user_segmentation.compute_rfm] TaskInstance started — attempt 1
2026-05-13 09:33:14 INFO  Acquiring Spark session on job cluster (Photon enabled, DBR 15.4 LTS)
2026-05-13 09:33:17 INFO  Reading inputs from Unity Catalog main.curated.* 
2026-05-13 09:41:51 INFO  Stage 1 complete — input rows processed
2026-05-13 09:50:28 INFO  Writing output Delta table (MERGE) 
2026-05-13 09:50:30 INFO  [user_segmentation.compute_rfm] Task completed successfully in 1038s (exit_code=0)",1,False,0
user_segmentation,2026-05-13,assign_segments,2026-05-13 09:50:38,2026-05-13 10:05:42,"2026-05-13 09:50:38 INFO  [user_segmentation.assign_segments] TaskInstance started — attempt 1
2026-05-13 09:50:40 INFO  Acquiring Spark session on job cluster (Photon enabled, DBR 15.4 LTS)
2026-05-13 09:50:43 INFO  Reading inputs from Unity Catalog main.curated.* 
2026-05-13 09:58:10 INFO  Stage 1 complete — input rows processed
2026-05-13 10:05:40 INFO  Writing output Delta table (MERGE) 
2026-05-13 10:05:42 INFO  [user_segmentation.assign_segments] Task completed successfully in 904s (exit_code=0)",1,False,0
user_segmentation,2026-05-13,push_to_crm,2026-05-13 10:06:29,2026-05-13 10:29:23,"2026-05-13 10:06:29 INFO  [user_segmentation.push_to_crm] TaskInstance started — attempt 1
2026-05-13 10:06:31 INFO  Acquiring Spark session on job cluster (Photon enabled, DBR 15.4 LTS)
2026-05-13 10:06:34 INFO  Reading inputs from Unity Catalog main.curated.* 
2026-05-13 10:17:56 INFO  Stage 1 complete — input rows processed
2026-05-13 10:29:21 INFO  Writing output Delta table (MERGE) 
2026-05-13 10:29:23 INFO  [user_segmentation.push_to_crm] Task completed successfully in 1374s (exit_code=0)",1,False,0
daily_sales_etl,2026-05-14,extract_orders,2026-05-14 02:13:52,2026-05-14 02:33:59,"2026-05-14 02:13:52 INFO  [daily_sales_etl.extract_orders] TaskInstance started — attempt 1
2026-05-14 02:13:54 INFO  Acquiring Spark session on job cluster (Photon enabled, DBR 15.4 LTS)
2026-05-14 02:13:57 INFO  Reading inputs from Unity Catalog main.curated.* 
2026-05-14 02:23:55 INFO  Stage 1 complete — input rows processed
2026-05-14 02:33:57 INFO  Writing output Delta table (MERGE) 
2026-05-14 02:33:59 INFO  [daily_sales_etl.extract_orders] Task completed successfully in 1207s (exit_code=0)",1,False,0
daily_sales_etl,2026-05-14,extract_returns,2026-05-14 02:34:13,2026-05-14 02:55:05,"2026-05-14 02:34:13 INFO  [daily_sales_etl.extract_returns] TaskInstance started — attempt 1
2026-05-14 02:34:15 INFO  Acquiring Spark session on job cluster (Photon enabled, DBR 15.4 LTS)
2026-05-14 02:34:18 INFO  Reading inputs from Unity Catalog main.curated.* 
2026-05-14 02:44:39 INFO  Stage 1 complete — input rows processed
2026-05-14 02:55:03 INFO  Writing output Delta table (MERGE) 
2026-05-14 02:55:05 INFO  [daily_sales_etl.extract_returns] Task completed successfully in 1252s (exit_code=0)",1,False,0
daily_sales_etl,2026-05-14,transform_sales,2026-05-14 02:56:05,2026-05-14 03:14:06,"2026-05-14 02:56:05 INFO  [daily_sales_etl.transform_sales] TaskInstance started — attempt 1
2026-05-14 02:56:07 INFO  Acquiring Spark session on job cluster (Photon enabled, DBR 15.4 LTS)
2026-05-14 02:56:10 INFO  Reading inputs from Unity Catalog main.curated.* 
2026-05-14 03:05:05 INFO  Stage 1 complete — input rows processed
2026-05-14 03:14:04 INFO  Writing output Delta table (MERGE) 
2026-05-14 03:14:06 INFO  [daily_sales_etl.transform_sales] Task completed successfully in 1081s (exit_code=0)",1,False,0
daily_sales_etl,2026-05-14,dq_check_sales,2026-05-14 03:14:49,2026-05-14 03:17:57,"2026-05-14 03:14:49 INFO  [daily_sales_etl.dq_check_sales] TaskInstance started — attempt 1
2026-05-14 03:14:51 INFO  Acquiring Spark session on job cluster (Photon enabled, DBR 15.4 LTS)
2026-05-14 03:14:54 INFO  Reading inputs from Unity Catalog main.curated.* 
2026-05-14 03:16:23 INFO  Stage 1 complete — input rows processed
2026-05-14 03:17:55 INFO  Writing output Delta table (MERGE) 
2026-05-14 03:17:57 INFO  [daily_sales_etl.dq_check_sales] Task completed successfully in 188s (exit_code=0)",1,False,0
daily_sales_etl,2026-05-14,load_fact_sales,2026-05-14 03:18:11,2026-05-14 03:27:03,"2026-05-14 03:18:11 INFO  [daily_sales_etl.load_fact_sales] TaskInstance started — attempt 1
2026-05-14 03:18:13 INFO  Acquiring Spark session on job cluster (Photon enabled, DBR 15.4 LTS)
2026-05-14 03:18:16 INFO  Reading inputs from Unity Catalog main.curated.* 
2026-05-14 03:22:37 INFO  Stage 1 complete — input rows processed
2026-05-14 03:27:01 INFO  Writing output Delta table (MERGE) 
2026-05-14 03:27:03 INFO  [daily_sales_etl.load_fact_sales] Task completed successfully in 532s (exit_code=0)",1,False,0
customer_360_pipeline,2026-05-14,ingest_crm,2026-05-14 01:23:07,2026-05-14 01:37:14,"2026-05-14 01:23:07 INFO  [customer_360_pipeline.ingest_crm] TaskInstance started — attempt 1
2026-05-14 01:23:09 INFO  Acquiring Spark session on job cluster (Photon enabled, DBR 15.4 LTS)
2026-05-14 01:23:12 INFO  Reading inputs from Unity Catalog main.curated.* 
2026-05-14 01:30:10 INFO  Stage 1 complete — input rows processed
2026-05-14 01:37:12 INFO  Writing output Delta table (MERGE) 
2026-05-14 01:37:14 INFO  [customer_360_pipeline.ingest_crm] Task completed successfully in 847s (exit_code=0)",1,False,0
customer_360_pipeline,2026-05-14,ingest_web_events,2026-05-14 01:37:52,2026-05-14 01:59:49,"2026-05-14 01:37:52 INFO  [customer_360_pipeline.ingest_web_events] TaskInstance started — attempt 1
2026-05-14 01:37:54 INFO  Acquiring Spark session on job cluster (Photon enabled, DBR 15.4 LTS)
2026-05-14 01:37:57 INFO  Reading inputs from Unity Catalog main.curated.* 
2026-05-14 01:48:50 INFO  Stage 1 complete — input rows processed
2026-05-14 01:59:47 INFO  Writing output Delta table (MERGE) 
2026-05-14 01:59:49 INFO  [customer_360_pipeline.ingest_web_events] Task completed successfully in 1317s (exit_code=0)",1,False,0
customer_360_pipeline,2026-05-14,resolve_identity,2026-05-14 02:00:43,2026-05-14 02:07:20,"2026-05-14 02:00:43 INFO  [customer_360_pipeline.resolve_identity] TaskInstance started — attempt 1
2026-05-14 02:00:45 INFO  Acquiring Spark session on job cluster (Photon enabled, DBR 15.4 LTS)
2026-05-14 02:00:48 INFO  Reading inputs from Unity Catalog main.curated.* 
2026-05-14 02:04:01 INFO  Stage 1 complete — input rows processed
2026-05-14 02:07:18 INFO  Writing output Delta table (MERGE) 
2026-05-14 02:07:20 INFO  [customer_360_pipeline.resolve_identity] Task completed successfully in 397s (exit_code=0)",1,False,0
customer_360_pipeline,2026-05-14,build_profiles,2026-05-14 02:07:28,2026-05-14 02:18:56,"2026-05-14 02:07:28 INFO  [customer_360_pipeline.build_profiles] TaskInstance started — attempt 1
2026-05-14 02:07:30 INFO  Acquiring Spark session on job cluster (Photon enabled, DBR 15.4 LTS)
2026-05-14 02:07:33 INFO  Reading inputs from Unity Catalog main.curated.* 
2026-05-14 02:13:12 INFO  Stage 1 complete — input rows processed
2026-05-14 02:18:54 INFO  Writing output Delta table (MERGE) 
2026-05-14 02:18:56 INFO  [customer_360_pipeline.build_profiles] Task completed successfully in 688s (exit_code=0)",1,False,0
customer_360_pipeline,2026-05-14,publish_features,2026-05-14 02:19:03,2026-05-14 02:25:23,"2026-05-14 02:19:03 INFO  [customer_360_pipeline.publish_features] TaskInstance started — attempt 1
2026-05-14 02:19:05 INFO  Acquiring Spark session on job cluster (Photon enabled, DBR 15.4 LTS)
2026-05-14 02:19:08 INFO  Reading inputs from Unity Catalog main.curated.* 
2026-05-14 02:22:13 INFO  Stage 1 complete — input rows processed
2026-05-14 02:25:21 INFO  Writing output Delta table (MERGE) 
2026-05-14 02:25:23 INFO  [customer_360_pipeline.publish_features] Task completed successfully in 380s (exit_code=0)",1,False,0
inventory_sync,2026-05-14,pull_warehouse_api,2026-05-14 03:00:48,2026-05-14 03:05:57,"2026-05-14 03:00:48 INFO  [inventory_sync.pull_warehouse_api] TaskInstance started — attempt 1
2026-05-14 03:00:50 INFO  Acquiring Spark session on job cluster (Photon enabled, DBR 15.4 LTS)
2026-05-14 03:00:53 INFO  Reading inputs from Unity Catalog main.curated.* 
2026-05-14 03:03:22 INFO  Stage 1 complete — input rows processed
2026-05-14 03:05:55 INFO  Writing output Delta table (MERGE) 
2026-05-14 03:05:57 INFO  [inventory_sync.pull_warehouse_api] Task completed successfully in 309s (exit_code=0)",1,False,0
inventory_sync,2026-05-14,normalize_sku,2026-05-14 03:06:41,2026-05-14 03:26:56,"2026-05-14 03:06:41 INFO  [inventory_sync.normalize_sku] TaskInstance started — attempt 1
2026-05-14 03:06:43 INFO  Acquiring Spark session on job cluster (Photon enabled, DBR 15.4 LTS)
2026-05-14 03:06:46 INFO  Reading inputs from Unity Catalog main.curated.* 
2026-05-14 03:16:48 INFO  Stage 1 complete — input rows processed
2026-05-14 03:26:54 INFO  Writing output Delta table (MERGE) 
2026-05-14 03:26:56 INFO  [inventory_sync.normalize_sku] Task completed successfully in 1215s (exit_code=0)",1,False,0
inventory_sync,2026-05-14,reconcile_stock,2026-05-14 03:27:13,2026-05-14 03:39:40,"2026-05-14 03:27:13 INFO  [inventory_sync.reconcile_stock] TaskInstance started — attempt 1
2026-05-14 03:27:15 INFO  Acquiring Spark session on job cluster (Photon enabled, DBR 15.4 LTS)
2026-05-14 03:27:18 INFO  Reading inputs from Unity Catalog main.curated.* 
2026-05-14 03:33:26 INFO  Stage 1 complete — input rows processed
2026-05-14 03:39:38 INFO  Writing output Delta table (MERGE) 
2026-05-14 03:39:40 INFO  [inventory_sync.reconcile_stock] Task completed successfully in 747s (exit_code=0)",1,False,0
inventory_sync,2026-05-14,write_delta,2026-05-14 03:40:19,2026-05-14 03:59:38,"2026-05-14 03:40:19 INFO  [inventory_sync.write_delta] TaskInstance started — attempt 1
2026-05-14 03:40:21 INFO  Acquiring Spark session on job cluster (Photon enabled, DBR 15.4 LTS)
2026-05-14 03:40:24 INFO  Reading inputs from Unity Catalog main.curated.* 
2026-05-14 03:49:58 INFO  Stage 1 complete — input rows processed
2026-05-14 03:59:36 INFO  Writing output Delta table (MERGE) 
2026-05-14 03:59:38 INFO  [inventory_sync.write_delta] Task completed successfully in 1159s (exit_code=0)",1,False,0
marketing_attribution,2026-05-14,load_ad_spend,2026-05-14 04:22:33,2026-05-14 04:34:24,"2026-05-14 04:22:33 INFO  [marketing_attribution.load_ad_spend] TaskInstance started — attempt 1
2026-05-14 04:22:35 INFO  Acquiring Spark session on job cluster (Photon enabled, DBR 15.4 LTS)
2026-05-14 04:22:38 INFO  Reading inputs from Unity Catalog main.curated.* 
2026-05-14 04:28:28 INFO  Stage 1 complete — input rows processed
2026-05-14 04:34:22 INFO  Writing output Delta table (MERGE) 
2026-05-14 04:34:24 INFO  [marketing_attribution.load_ad_spend] Task completed successfully in 711s (exit_code=0)",1,False,0
marketing_attribution,2026-05-14,load_conversions,2026-05-14 04:34:41,2026-05-14 04:52:57,"2026-05-14 04:34:41 INFO  [marketing_attribution.load_conversions] TaskInstance started — attempt 1
2026-05-14 04:34:43 INFO  Acquiring Spark session on job cluster (Photon enabled, DBR 15.4 LTS)
2026-05-14 04:34:46 INFO  Reading inputs from Unity Catalog main.curated.* 
2026-05-14 04:43:49 INFO  Stage 1 complete — input rows processed
2026-05-14 04:52:55 INFO  Writing output Delta table (MERGE) 
2026-05-14 04:52:57 INFO  [marketing_attribution.load_conversions] Task completed successfully in 1096s (exit_code=0)",1,False,0
marketing_attribution,2026-05-14,join_touchpoints,2026-05-14 04:53:09,2026-05-14 05:09:32,"2026-05-14 04:53:09 INFO  [marketing_attribution.join_touchpoints] TaskInstance started — attempt 1
2026-05-14 04:53:11 INFO  Acquiring Spark session on job cluster (Photon enabled, DBR 15.4 LTS)
2026-05-14 04:53:14 INFO  Reading inputs from Unity Catalog main.curated.* 
2026-05-14 05:01:20 INFO  Stage 1 complete — input rows processed
2026-05-14 05:09:30 INFO  Writing output Delta table (MERGE) 
2026-05-14 05:09:32 INFO  [marketing_attribution.join_touchpoints] Task completed successfully in 983s (exit_code=0)",1,False,0
marketing_attribution,2026-05-14,attribute_revenue,2026-05-14 05:09:41,2026-05-14 05:20:53,"2026-05-14 05:09:41 INFO  [marketing_attribution.attribute_revenue] TaskInstance started — attempt 1
2026-05-14 05:09:43 INFO  Acquiring Spark session on job cluster (Photon enabled, DBR 15.4 LTS)
2026-05-14 05:09:46 INFO  Reading inputs from Unity Catalog main.curated.* 
2026-05-14 05:15:17 INFO  Stage 1 complete — input rows processed
2026-05-14 05:20:51 INFO  Writing output Delta table (MERGE) 
2026-05-14 05:20:53 INFO  [marketing_attribution.attribute_revenue] Task completed successfully in 672s (exit_code=0)",1,False,0
finance_reconciliation,2026-05-14,extract_ledger,2026-05-14 05:21:19,2026-05-14 05:29:35,"2026-05-14 05:21:19 INFO  [finance_reconciliation.extract_ledger] TaskInstance started — attempt 1
2026-05-14 05:21:21 INFO  Acquiring Spark session on job cluster (Photon enabled, DBR 15.4 LTS)
2026-05-14 05:21:24 INFO  Reading inputs from Unity Catalog main.curated.* 
2026-05-14 05:25:27 INFO  Stage 1 complete — input rows processed
2026-05-14 05:29:33 INFO  Writing output Delta table (MERGE) 
2026-05-14 05:29:35 INFO  [finance_reconciliation.extract_ledger] Task completed successfully in 496s (exit_code=0)",1,False,0
finance_reconciliation,2026-05-14,extract_payments,2026-05-14 05:30:21,2026-05-14 05:45:50,"2026-05-14 05:30:21 INFO  [finance_reconciliation.extract_payments] TaskInstance started — attempt 1
2026-05-14 05:30:23 INFO  Acquiring Spark session on job cluster (Photon enabled, DBR 15.4 LTS)
2026-05-14 05:30:26 INFO  Reading inputs from Unity Catalog main.curated.* 
2026-05-14 05:38:05 INFO  Stage 1 complete — input rows processed
2026-05-14 05:45:48 INFO  Writing output Delta table (MERGE) 
2026-05-14 05:45:50 INFO  [finance_reconciliation.extract_payments] Task completed successfully in 929s (exit_code=0)",1,False,0
finance_reconciliation,2026-05-14,reconcile,2026-05-14 05:46:03,2026-05-14 06:05:00,"2026-05-14 05:46:03 INFO  [finance_reconciliation.reconcile] TaskInstance started — attempt 1
2026-05-14 05:46:05 INFO  Acquiring Spark session on job cluster (Photon enabled, DBR 15.4 LTS)
2026-05-14 05:46:08 INFO  Reading inputs from Unity Catalog main.curated.* 
2026-05-14 05:55:31 INFO  Stage 1 complete — input rows processed
2026-05-14 06:04:58 INFO  Writing output Delta table (MERGE) 
2026-05-14 06:05:00 INFO  [finance_reconciliation.reconcile] Task completed successfully in 1137s (exit_code=0)",1,False,0
finance_reconciliation,2026-05-14,gl_validation,2026-05-14 06:05:11,2026-05-14 06:21:46,"2026-05-14 06:05:11 INFO  [finance_reconciliation.gl_validation] TaskInstance started — attempt 1
2026-05-14 06:05:13 INFO  Acquiring Spark session on job cluster (Photon enabled, DBR 15.4 LTS)
2026-05-14 06:05:16 INFO  Reading inputs from Unity Catalog main.curated.* 
2026-05-14 06:13:28 INFO  Stage 1 complete — input rows processed
2026-05-14 06:21:44 INFO  Writing output Delta table (MERGE) 
2026-05-14 06:21:46 INFO  [finance_reconciliation.gl_validation] Task completed successfully in 995s (exit_code=0)",1,False,0
finance_reconciliation,2026-05-14,export_report,2026-05-14 06:22:01,2026-05-14 06:32:39,"2026-05-14 06:22:01 INFO  [finance_reconciliation.export_report] TaskInstance started — attempt 1
2026-05-14 06:22:03 INFO  Acquiring Spark session on job cluster (Photon enabled, DBR 15.4 LTS)
2026-05-14 06:22:06 INFO  Reading inputs from Unity Catalog main.curated.* 
2026-05-14 06:27:20 INFO  Stage 1 complete — input rows processed
2026-05-14 06:32:37 INFO  Writing output Delta table (MERGE) 
2026-05-14 06:32:39 INFO  [finance_reconciliation.export_report] Task completed successfully in 638s (exit_code=0)",1,False,0
clickstream_ingest,2026-05-14,read_kafka_offsets,2026-05-14 00:16:25,2026-05-14 00:26:05,"2026-05-14 00:16:25 INFO  [clickstream_ingest.read_kafka_offsets] TaskInstance started — attempt 1
2026-05-14 00:16:27 INFO  Acquiring Spark session on job cluster (Photon enabled, DBR 15.4 LTS)
2026-05-14 00:16:30 INFO  Reading inputs from Unity Catalog main.curated.* 
2026-05-14 00:21:15 INFO  Stage 1 complete — input rows processed
2026-05-14 00:26:03 INFO  Writing output Delta table (MERGE) 
2026-05-14 00:26:05 INFO  [clickstream_ingest.read_kafka_offsets] Task completed successfully in 580s (exit_code=0)",1,False,0
clickstream_ingest,2026-05-14,parse_events,2026-05-14 00:26:15,2026-05-14 00:34:15,"2026-05-14 00:26:15 INFO  [clickstream_ingest.parse_events] TaskInstance started — attempt 1
2026-05-14 00:26:17 INFO  Acquiring Spark session on job cluster (Photon enabled, DBR 15.4 LTS)
2026-05-14 00:26:20 INFO  Reading inputs from Unity Catalog main.curated.* 
2026-05-14 00:30:15 INFO  Stage 1 running…
2026-05-14 00:34:12 ERROR TaskRunner: Task exceeded execution_timeout (3600s) and was terminated.
2026-05-14 00:34:13 ERROR   java.util.concurrent.TimeoutException: Task exceeded the configured execution_timeout of 3600s
                       	at org.apache.airflow.executors.TaskRunner.enforceTimeout(...)
2026-05-14 00:34:15 ERROR [clickstream_ingest.parse_events] Task failed on attempt 1 (exit_code=1)",1,True,1
clickstream_ingest,2026-05-14,parse_events,2026-05-14 00:35:19,2026-05-14 00:40:35,"2026-05-14 00:35:19 INFO  [clickstream_ingest.parse_events] TaskInstance started — attempt 2
2026-05-14 00:35:21 INFO  Acquiring Spark session on job cluster (Photon enabled, DBR 15.4 LTS)
2026-05-14 00:35:24 INFO  Reading inputs from Unity Catalog main.curated.* 
2026-05-14 00:37:57 INFO  Stage 1 running…
2026-05-14 00:40:32 ERROR TaskRunner: Task exceeded execution_timeout (3600s) and was terminated.
2026-05-14 00:40:33 ERROR   java.util.concurrent.TimeoutException: Task exceeded the configured execution_timeout of 3600s
                       	at org.apache.airflow.executors.TaskRunner.enforceTimeout(...)
2026-05-14 00:40:35 ERROR [clickstream_ingest.parse_events] Task failed on attempt 2 (exit_code=1)",2,True,1
clickstream_ingest,2026-05-14,parse_events,2026-05-14 00:42:59,2026-05-14 00:58:28,"2026-05-14 00:42:59 INFO  [clickstream_ingest.parse_events] TaskInstance started — attempt 3
2026-05-14 00:43:01 INFO  Acquiring Spark session on job cluster (Photon enabled, DBR 15.4 LTS)
2026-05-14 00:43:04 INFO  Reading inputs from Unity Catalog main.curated.* 
2026-05-14 00:50:43 INFO  Stage 1 complete — input rows processed
2026-05-14 00:58:26 INFO  Writing output Delta table (MERGE) 
2026-05-14 00:58:28 INFO  [clickstream_ingest.parse_events] Task completed successfully in 929s (exit_code=0)",3,True,0
clickstream_ingest,2026-05-14,sessionize,2026-05-14 00:59:06,2026-05-14 01:23:23,"2026-05-14 00:59:06 INFO  [clickstream_ingest.sessionize] TaskInstance started — attempt 1
2026-05-14 00:59:08 INFO  Acquiring Spark session on job cluster (Photon enabled, DBR 15.4 LTS)
2026-05-14 00:59:11 INFO  Reading inputs from Unity Catalog main.curated.* 
2026-05-14 01:11:14 INFO  Stage 1 complete — input rows processed
2026-05-14 01:23:21 INFO  Writing output Delta table (MERGE) 
2026-05-14 01:23:23 INFO  [clickstream_ingest.sessionize] Task completed successfully in 1457s (exit_code=0)",1,False,0
clickstream_ingest,2026-05-14,write_bronze,2026-05-14 01:23:32,2026-05-14 01:30:23,"2026-05-14 01:23:32 INFO  [clickstream_ingest.write_bronze] TaskInstance started — attempt 1
2026-05-14 01:23:34 INFO  Acquiring Spark session on job cluster (Photon enabled, DBR 15.4 LTS)
2026-05-14 01:23:37 INFO  Reading inputs from Unity Catalog main.curated.* 
2026-05-14 01:26:57 INFO  Stage 1 complete — input rows processed
2026-05-14 01:30:21 INFO  Writing output Delta table (MERGE) 
2026-05-14 01:30:23 INFO  [clickstream_ingest.write_bronze] Task completed successfully in 411s (exit_code=0)",1,False,0
clickstream_ingest,2026-05-14,write_silver,2026-05-14 01:31:18,2026-05-14 01:42:06,"2026-05-14 01:31:18 INFO  [clickstream_ingest.write_silver] TaskInstance started — attempt 1
2026-05-14 01:31:20 INFO  Acquiring Spark session on job cluster (Photon enabled, DBR 15.4 LTS)
2026-05-14 01:31:23 INFO  Reading inputs from Unity Catalog main.curated.* 
2026-05-14 01:36:42 INFO  Stage 1 complete — input rows processed
2026-05-14 01:42:04 INFO  Writing output Delta table (MERGE) 
2026-05-14 01:42:06 INFO  [clickstream_ingest.write_silver] Task completed successfully in 648s (exit_code=0)",1,False,0
ml_feature_store,2026-05-14,fetch_training_data,2026-05-14 06:02:16,2026-05-14 06:11:27,"2026-05-14 06:02:16 INFO  [ml_feature_store.fetch_training_data] TaskInstance started — attempt 1
2026-05-14 06:02:18 INFO  Acquiring Spark session on job cluster (Photon enabled, DBR 15.4 LTS)
2026-05-14 06:02:21 INFO  Reading inputs from Unity Catalog main.curated.* 
2026-05-14 06:06:51 INFO  Stage 1 complete — input rows processed
2026-05-14 06:11:25 INFO  Writing output Delta table (MERGE) 
2026-05-14 06:11:27 INFO  [ml_feature_store.fetch_training_data] Task completed successfully in 551s (exit_code=0)",1,False,0
ml_feature_store,2026-05-14,compute_features,2026-05-14 06:11:40,2026-05-14 06:29:04,"2026-05-14 06:11:40 INFO  [ml_feature_store.compute_features] TaskInstance started — attempt 1
2026-05-14 06:11:42 INFO  Acquiring Spark session on job cluster (Photon enabled, DBR 15.4 LTS)
2026-05-14 06:11:45 INFO  Reading inputs from Unity Catalog main.curated.* 
2026-05-14 06:20:22 INFO  Stage 1 complete — input rows processed
2026-05-14 06:29:02 INFO  Writing output Delta table (MERGE) 
2026-05-14 06:29:04 INFO  [ml_feature_store.compute_features] Task completed successfully in 1044s (exit_code=0)",1,False,0
ml_feature_store,2026-05-14,validate_features,2026-05-14 06:29:52,2026-05-14 06:41:41,"2026-05-14 06:29:52 INFO  [ml_feature_store.validate_features] TaskInstance started — attempt 1
2026-05-14 06:29:54 INFO  Acquiring Spark session on job cluster (Photon enabled, DBR 15.4 LTS)
2026-05-14 06:29:57 INFO  Reading inputs from Unity Catalog main.curated.* 
2026-05-14 06:35:46 INFO  Stage 1 complete — input rows processed
2026-05-14 06:41:39 INFO  Writing output Delta table (MERGE) 
2026-05-14 06:41:41 INFO  [ml_feature_store.validate_features] Task completed successfully in 709s (exit_code=0)",1,False,0
ml_feature_store,2026-05-14,materialize_online,2026-05-14 06:42:20,2026-05-14 07:02:54,"2026-05-14 06:42:20 INFO  [ml_feature_store.materialize_online] TaskInstance started — attempt 1
2026-05-14 06:42:22 INFO  Acquiring Spark session on job cluster (Photon enabled, DBR 15.4 LTS)
2026-05-14 06:42:25 INFO  Reading inputs from Unity Catalog main.curated.* 
2026-05-14 06:52:37 INFO  Stage 1 complete — input rows processed
2026-05-14 07:02:52 INFO  Writing output Delta table (MERGE) 
2026-05-14 07:02:54 INFO  [ml_feature_store.materialize_online] Task completed successfully in 1234s (exit_code=0)",1,False,0
data_quality_checks,2026-05-14,load_snapshots,2026-05-14 07:10:05,2026-05-14 07:19:20,"2026-05-14 07:10:05 INFO  [data_quality_checks.load_snapshots] TaskInstance started — attempt 1
2026-05-14 07:10:07 INFO  Acquiring Spark session on job cluster (Photon enabled, DBR 15.4 LTS)
2026-05-14 07:10:10 INFO  Reading inputs from Unity Catalog main.curated.* 
2026-05-14 07:14:42 INFO  Stage 1 complete — input rows processed
2026-05-14 07:19:18 INFO  Writing output Delta table (MERGE) 
2026-05-14 07:19:20 INFO  [data_quality_checks.load_snapshots] Task completed successfully in 555s (exit_code=0)",1,False,0
data_quality_checks,2026-05-14,run_expectations,2026-05-14 07:19:29,2026-05-14 07:31:39,"2026-05-14 07:19:29 INFO  [data_quality_checks.run_expectations] TaskInstance started — attempt 1
2026-05-14 07:19:31 INFO  Acquiring Spark session on job cluster (Photon enabled, DBR 15.4 LTS)
2026-05-14 07:19:34 INFO  Reading inputs from Unity Catalog main.curated.* 
2026-05-14 07:25:34 INFO  Stage 1 complete — input rows processed
2026-05-14 07:31:37 INFO  Writing output Delta table (MERGE) 
2026-05-14 07:31:39 INFO  [data_quality_checks.run_expectations] Task completed successfully in 730s (exit_code=0)",1,False,0
data_quality_checks,2026-05-14,summarize_results,2026-05-14 07:32:24,2026-05-14 07:38:25,"2026-05-14 07:32:24 INFO  [data_quality_checks.summarize_results] TaskInstance started — attempt 1
2026-05-14 07:32:26 INFO  Acquiring Spark session on job cluster (Photon enabled, DBR 15.4 LTS)
2026-05-14 07:32:29 INFO  Reading inputs from Unity Catalog main.curated.* 
2026-05-14 07:35:24 INFO  Stage 1 complete — input rows processed
2026-05-14 07:38:23 INFO  Writing output Delta table (MERGE) 
2026-05-14 07:38:25 INFO  [data_quality_checks.summarize_results] Task completed successfully in 361s (exit_code=0)",1,False,0
revenue_reporting,2026-05-14,aggregate_daily_revenue,2026-05-14 08:19:54,2026-05-14 08:31:55,"2026-05-14 08:19:54 INFO  [revenue_reporting.aggregate_daily_revenue] TaskInstance started — attempt 1
2026-05-14 08:19:56 INFO  Acquiring Spark session on job cluster (Photon enabled, DBR 15.4 LTS)
2026-05-14 08:19:59 INFO  Reading inputs from Unity Catalog main.curated.* 
2026-05-14 08:25:54 INFO  Stage 1 complete — input rows processed
2026-05-14 08:31:53 INFO  Writing output Delta table (MERGE) 
2026-05-14 08:31:55 INFO  [revenue_reporting.aggregate_daily_revenue] Task completed successfully in 721s (exit_code=0)",1,False,0
revenue_reporting,2026-05-14,currency_convert,2026-05-14 08:32:29,2026-05-14 08:35:52,"2026-05-14 08:32:29 INFO  [revenue_reporting.currency_convert] TaskInstance started — attempt 1
2026-05-14 08:32:31 INFO  Acquiring Spark session on job cluster (Photon enabled, DBR 15.4 LTS)
2026-05-14 08:32:34 INFO  Reading inputs from Unity Catalog main.curated.* 
2026-05-14 08:34:10 INFO  Stage 1 complete — input rows processed
2026-05-14 08:35:50 INFO  Writing output Delta table (MERGE) 
2026-05-14 08:35:52 INFO  [revenue_reporting.currency_convert] Task completed successfully in 203s (exit_code=0)",1,False,0
revenue_reporting,2026-05-14,build_dashboards_tbl,2026-05-14 08:36:32,2026-05-14 08:53:47,"2026-05-14 08:36:32 INFO  [revenue_reporting.build_dashboards_tbl] TaskInstance started — attempt 1
2026-05-14 08:36:34 INFO  Acquiring Spark session on job cluster (Photon enabled, DBR 15.4 LTS)
2026-05-14 08:36:37 INFO  Reading inputs from Unity Catalog main.curated.* 
2026-05-14 08:45:09 INFO  Stage 1 complete — input rows processed
2026-05-14 08:53:45 INFO  Writing output Delta table (MERGE) 
2026-05-14 08:53:47 INFO  [revenue_reporting.build_dashboards_tbl] Task completed successfully in 1035s (exit_code=0)",1,False,0
user_segmentation,2026-05-14,load_activity,2026-05-14 09:19:08,2026-05-14 09:27:38,"2026-05-14 09:19:08 INFO  [user_segmentation.load_activity] TaskInstance started — attempt 1
2026-05-14 09:19:10 INFO  Acquiring Spark session on job cluster (Photon enabled, DBR 15.4 LTS)
2026-05-14 09:19:13 INFO  Reading inputs from Unity Catalog main.curated.* 
2026-05-14 09:23:23 INFO  Stage 1 complete — input rows processed
2026-05-14 09:27:36 INFO  Writing output Delta table (MERGE) 
2026-05-14 09:27:38 INFO  [user_segmentation.load_activity] Task completed successfully in 510s (exit_code=0)",1,False,0
user_segmentation,2026-05-14,compute_rfm,2026-05-14 09:27:54,2026-05-14 09:37:47,"2026-05-14 09:27:54 INFO  [user_segmentation.compute_rfm] TaskInstance started — attempt 1
2026-05-14 09:27:56 INFO  Acquiring Spark session on job cluster (Photon enabled, DBR 15.4 LTS)
2026-05-14 09:27:59 INFO  Reading inputs from Unity Catalog main.curated.* 
2026-05-14 09:32:50 INFO  Stage 1 running…
2026-05-14 09:37:44 ERROR DataSource: Path does not exist for the current run partition; 0 input files matched.
2026-05-14 09:37:45 ERROR   org.apache.spark.sql.AnalysisException: Path does not exist: s3://lake/raw/compute_rfm/dt=...
                       	at org.apache.spark.sql.execution.datasources.DataSource.checkAndGlobPathIfNecessary(...)
                       	at org.apache.spark.sql.DataFrameReader.load(DataFrameReader.scala:309)
2026-05-14 09:37:47 ERROR [user_segmentation.compute_rfm] Task failed on attempt 1 (exit_code=1)",1,False,1
user_segmentation,2026-05-14,compute_rfm,2026-05-14 09:42:45,2026-05-14 09:52:38,"2026-05-14 09:42:45 INFO  [user_segmentation.compute_rfm] TaskInstance started — attempt 2
2026-05-14 09:42:47 INFO  Acquiring Spark session on job cluster (Photon enabled, DBR 15.4 LTS)
2026-05-14 09:42:50 INFO  Reading inputs from Unity Catalog main.curated.* 
2026-05-14 09:47:41 INFO  Stage 1 running…
2026-05-14 09:52:35 ERROR DataSource: Path does not exist for the current run partition; 0 input files matched.
2026-05-14 09:52:36 ERROR   org.apache.spark.sql.AnalysisException: Path does not exist: s3://lake/raw/compute_rfm/dt=...
                       	at org.apache.spark.sql.execution.datasources.DataSource.checkAndGlobPathIfNecessary(...)
                       	at org.apache.spark.sql.DataFrameReader.load(DataFrameReader.scala:309)
2026-05-14 09:52:38 ERROR [user_segmentation.compute_rfm] Task failed on attempt 2 (exit_code=1)",2,False,1
user_segmentation,2026-05-14,compute_rfm,2026-05-14 09:54:57,2026-05-14 10:04:50,"2026-05-14 09:54:57 INFO  [user_segmentation.compute_rfm] TaskInstance started — attempt 3
2026-05-14 09:54:59 INFO  Acquiring Spark session on job cluster (Photon enabled, DBR 15.4 LTS)
2026-05-14 09:55:02 INFO  Reading inputs from Unity Catalog main.curated.* 
2026-05-14 09:59:53 INFO  Stage 1 running…
2026-05-14 10:04:47 ERROR DataSource: Path does not exist for the current run partition; 0 input files matched.
2026-05-14 10:04:48 ERROR   org.apache.spark.sql.AnalysisException: Path does not exist: s3://lake/raw/compute_rfm/dt=...
                       	at org.apache.spark.sql.execution.datasources.DataSource.checkAndGlobPathIfNecessary(...)
                       	at org.apache.spark.sql.DataFrameReader.load(DataFrameReader.scala:309)
2026-05-14 10:04:50 ERROR [user_segmentation.compute_rfm] Task failed on attempt 3 (exit_code=1)",3,False,1
daily_sales_etl,2026-05-15,extract_orders,2026-05-15 02:09:33,2026-05-15 02:22:26,"2026-05-15 02:09:33 INFO  [daily_sales_etl.extract_orders] TaskInstance started — attempt 1
2026-05-15 02:09:35 INFO  Acquiring Spark session on job cluster (Photon enabled, DBR 15.4 LTS)
2026-05-15 02:09:38 INFO  Reading inputs from Unity Catalog main.curated.* 
2026-05-15 02:15:59 INFO  Stage 1 complete — input rows processed
2026-05-15 02:22:24 INFO  Writing output Delta table (MERGE) 
2026-05-15 02:22:26 INFO  [daily_sales_etl.extract_orders] Task completed successfully in 773s (exit_code=0)",1,False,0
daily_sales_etl,2026-05-15,extract_returns,2026-05-15 02:23:14,2026-05-15 02:32:18,"2026-05-15 02:23:14 INFO  [daily_sales_etl.extract_returns] TaskInstance started — attempt 1
2026-05-15 02:23:16 INFO  Acquiring Spark session on job cluster (Photon enabled, DBR 15.4 LTS)
2026-05-15 02:23:19 INFO  Reading inputs from Unity Catalog main.curated.* 
2026-05-15 02:27:46 INFO  Stage 1 complete — input rows processed
2026-05-15 02:32:16 INFO  Writing output Delta table (MERGE) 
2026-05-15 02:32:18 INFO  [daily_sales_etl.extract_returns] Task completed successfully in 544s (exit_code=0)",1,False,0
daily_sales_etl,2026-05-15,transform_sales,2026-05-15 02:33:14,2026-05-15 02:36:51,"2026-05-15 02:33:14 INFO  [daily_sales_etl.transform_sales] TaskInstance started — attempt 1
2026-05-15 02:33:16 INFO  Acquiring Spark session on job cluster (Photon enabled, DBR 15.4 LTS)
2026-05-15 02:33:19 INFO  Reading inputs from Unity Catalog main.curated.* 
2026-05-15 02:35:02 INFO  Stage 1 complete — input rows processed
2026-05-15 02:36:49 INFO  Writing output Delta table (MERGE) 
2026-05-15 02:36:51 INFO  [daily_sales_etl.transform_sales] Task completed successfully in 217s (exit_code=0)",1,False,0
daily_sales_etl,2026-05-15,dq_check_sales,2026-05-15 02:36:58,2026-05-15 02:41:03,"2026-05-15 02:36:58 INFO  [daily_sales_etl.dq_check_sales] TaskInstance started — attempt 1
2026-05-15 02:37:00 INFO  Acquiring Spark session on job cluster (Photon enabled, DBR 15.4 LTS)
2026-05-15 02:37:03 INFO  Reading inputs from Unity Catalog main.curated.* 
2026-05-15 02:39:00 INFO  Stage 1 running…
2026-05-15 02:41:00 ERROR JDBCRDD: Connection timed out after 30000ms while reading from source DB.
2026-05-15 02:41:01 ERROR   java.sql.SQLTransientConnectionException: HikariPool-1 - Connection is not available, request timed out after 30000ms
                       	at com.zaxxer.hikari.pool.HikariPool.getConnection(HikariPool.java:213)
                       	at org.apache.spark.sql.execution.datasources.jdbc.JDBCRDD.compute(...)
2026-05-15 02:41:03 ERROR [daily_sales_etl.dq_check_sales] Task failed on attempt 1 (exit_code=1)",1,True,1
daily_sales_etl,2026-05-15,dq_check_sales,2026-05-15 02:43:57,2026-05-15 02:46:51,"2026-05-15 02:43:57 INFO  [daily_sales_etl.dq_check_sales] TaskInstance started — attempt 2
2026-05-15 02:43:59 INFO  Acquiring Spark session on job cluster (Photon enabled, DBR 15.4 LTS)
2026-05-15 02:44:02 INFO  Reading inputs from Unity Catalog main.curated.* 
2026-05-15 02:45:24 INFO  Stage 1 running…
2026-05-15 02:46:48 ERROR JDBCRDD: Connection timed out after 30000ms while reading from source DB.
2026-05-15 02:46:49 ERROR   java.sql.SQLTransientConnectionException: HikariPool-1 - Connection is not available, request timed out after 30000ms
                       	at com.zaxxer.hikari.pool.HikariPool.getConnection(HikariPool.java:213)
                       	at org.apache.spark.sql.execution.datasources.jdbc.JDBCRDD.compute(...)
2026-05-15 02:46:51 ERROR [daily_sales_etl.dq_check_sales] Task failed on attempt 2 (exit_code=1)",2,True,1
daily_sales_etl,2026-05-15,dq_check_sales,2026-05-15 02:50:39,2026-05-15 02:54:10,"2026-05-15 02:50:39 INFO  [daily_sales_etl.dq_check_sales] TaskInstance started — attempt 3
2026-05-15 02:50:41 INFO  Acquiring Spark session on job cluster (Photon enabled, DBR 15.4 LTS)
2026-05-15 02:50:44 INFO  Reading inputs from Unity Catalog main.curated.* 
2026-05-15 02:52:24 INFO  Stage 1 complete — input rows processed
2026-05-15 02:54:08 INFO  Writing output Delta table (MERGE) 
2026-05-15 02:54:10 INFO  [daily_sales_etl.dq_check_sales] Task completed successfully in 211s (exit_code=0)",3,True,0
daily_sales_etl,2026-05-15,load_fact_sales,2026-05-15 02:55:07,2026-05-15 03:12:52,"2026-05-15 02:55:07 INFO  [daily_sales_etl.load_fact_sales] TaskInstance started — attempt 1
2026-05-15 02:55:09 INFO  Acquiring Spark session on job cluster (Photon enabled, DBR 15.4 LTS)
2026-05-15 02:55:12 INFO  Reading inputs from Unity Catalog main.curated.* 
2026-05-15 03:03:59 INFO  Stage 1 complete — input rows processed
2026-05-15 03:12:50 INFO  Writing output Delta table (MERGE) 
2026-05-15 03:12:52 INFO  [daily_sales_etl.load_fact_sales] Task completed successfully in 1065s (exit_code=0)",1,False,0
customer_360_pipeline,2026-05-15,ingest_crm,2026-05-15 01:26:56,2026-05-15 01:47:13,"2026-05-15 01:26:56 INFO  [customer_360_pipeline.ingest_crm] TaskInstance started — attempt 1
2026-05-15 01:26:58 INFO  Acquiring Spark session on job cluster (Photon enabled, DBR 15.4 LTS)
2026-05-15 01:27:01 INFO  Reading inputs from Unity Catalog main.curated.* 
2026-05-15 01:37:04 INFO  Stage 1 complete — input rows processed
2026-05-15 01:47:11 INFO  Writing output Delta table (MERGE) 
2026-05-15 01:47:13 INFO  [customer_360_pipeline.ingest_crm] Task completed successfully in 1217s (exit_code=0)",1,False,0
customer_360_pipeline,2026-05-15,ingest_web_events,2026-05-15 01:47:31,2026-05-15 01:58:21,"2026-05-15 01:47:31 INFO  [customer_360_pipeline.ingest_web_events] TaskInstance started — attempt 1
2026-05-15 01:47:33 INFO  Acquiring Spark session on job cluster (Photon enabled, DBR 15.4 LTS)
2026-05-15 01:47:36 INFO  Reading inputs from Unity Catalog main.curated.* 
2026-05-15 01:52:56 INFO  Stage 1 complete — input rows processed
2026-05-15 01:58:19 INFO  Writing output Delta table (MERGE) 
2026-05-15 01:58:21 INFO  [customer_360_pipeline.ingest_web_events] Task completed successfully in 650s (exit_code=0)",1,False,0
customer_360_pipeline,2026-05-15,resolve_identity,2026-05-15 01:59:19,2026-05-15 02:24:01,"2026-05-15 01:59:19 INFO  [customer_360_pipeline.resolve_identity] TaskInstance started — attempt 1
2026-05-15 01:59:21 INFO  Acquiring Spark session on job cluster (Photon enabled, DBR 15.4 LTS)
2026-05-15 01:59:24 INFO  Reading inputs from Unity Catalog main.curated.* 
2026-05-15 02:11:40 INFO  Stage 1 complete — input rows processed
2026-05-15 02:23:59 INFO  Writing output Delta table (MERGE) 
2026-05-15 02:24:01 INFO  [customer_360_pipeline.resolve_identity] Task completed successfully in 1482s (exit_code=0)",1,False,0
customer_360_pipeline,2026-05-15,build_profiles,2026-05-15 02:24:28,2026-05-15 02:29:19,"2026-05-15 02:24:28 INFO  [customer_360_pipeline.build_profiles] TaskInstance started — attempt 1
2026-05-15 02:24:30 INFO  Acquiring Spark session on job cluster (Photon enabled, DBR 15.4 LTS)
2026-05-15 02:24:33 INFO  Reading inputs from Unity Catalog main.curated.* 
2026-05-15 02:26:53 INFO  Stage 1 complete — input rows processed
2026-05-15 02:29:17 INFO  Writing output Delta table (MERGE) 
2026-05-15 02:29:19 INFO  [customer_360_pipeline.build_profiles] Task completed successfully in 291s (exit_code=0)",1,False,0
customer_360_pipeline,2026-05-15,publish_features,2026-05-15 02:29:24,2026-05-15 02:34:48,"2026-05-15 02:29:24 INFO  [customer_360_pipeline.publish_features] TaskInstance started — attempt 1
2026-05-15 02:29:26 INFO  Acquiring Spark session on job cluster (Photon enabled, DBR 15.4 LTS)
2026-05-15 02:29:29 INFO  Reading inputs from Unity Catalog main.curated.* 
2026-05-15 02:32:06 INFO  Stage 1 complete — input rows processed
2026-05-15 02:34:46 INFO  Writing output Delta table (MERGE) 
2026-05-15 02:34:48 INFO  [customer_360_pipeline.publish_features] Task completed successfully in 324s (exit_code=0)",1,False,0
inventory_sync,2026-05-15,pull_warehouse_api,2026-05-15 03:13:10,2026-05-15 03:29:10,"2026-05-15 03:13:10 INFO  [inventory_sync.pull_warehouse_api] TaskInstance started — attempt 1
2026-05-15 03:13:12 INFO  Acquiring Spark session on job cluster (Photon enabled, DBR 15.4 LTS)
2026-05-15 03:13:15 INFO  Reading inputs from Unity Catalog main.curated.* 
2026-05-15 03:21:10 INFO  Stage 1 complete — input rows processed
2026-05-15 03:29:08 INFO  Writing output Delta table (MERGE) 
2026-05-15 03:29:10 INFO  [inventory_sync.pull_warehouse_api] Task completed successfully in 960s (exit_code=0)",1,False,0
inventory_sync,2026-05-15,normalize_sku,2026-05-15 03:29:57,2026-05-15 03:42:34,"2026-05-15 03:29:57 INFO  [inventory_sync.normalize_sku] TaskInstance started — attempt 1
2026-05-15 03:29:59 INFO  Acquiring Spark session on job cluster (Photon enabled, DBR 15.4 LTS)
2026-05-15 03:30:02 INFO  Reading inputs from Unity Catalog main.curated.* 
2026-05-15 03:36:15 INFO  Stage 1 complete — input rows processed
2026-05-15 03:42:32 INFO  Writing output Delta table (MERGE) 
2026-05-15 03:42:34 INFO  [inventory_sync.normalize_sku] Task completed successfully in 757s (exit_code=0)",1,False,0
inventory_sync,2026-05-15,reconcile_stock,2026-05-15 03:43:23,2026-05-15 03:47:40,"2026-05-15 03:43:23 INFO  [inventory_sync.reconcile_stock] TaskInstance started — attempt 1
2026-05-15 03:43:25 INFO  Acquiring Spark session on job cluster (Photon enabled, DBR 15.4 LTS)
2026-05-15 03:43:28 INFO  Reading inputs from Unity Catalog main.curated.* 
2026-05-15 03:45:31 INFO  Stage 1 running…
2026-05-15 03:47:37 ERROR JDBCRDD: Connection timed out after 30000ms while reading from source DB.
2026-05-15 03:47:38 ERROR   java.sql.SQLTransientConnectionException: HikariPool-1 - Connection is not available, request timed out after 30000ms
                       	at com.zaxxer.hikari.pool.HikariPool.getConnection(HikariPool.java:213)
                       	at org.apache.spark.sql.execution.datasources.jdbc.JDBCRDD.compute(...)
2026-05-15 03:47:40 ERROR [inventory_sync.reconcile_stock] Task failed on attempt 1 (exit_code=1)",1,True,1
inventory_sync,2026-05-15,reconcile_stock,2026-05-15 03:50:34,2026-05-15 04:03:34,"2026-05-15 03:50:34 INFO  [inventory_sync.reconcile_stock] TaskInstance started — attempt 2
2026-05-15 03:50:36 INFO  Acquiring Spark session on job cluster (Photon enabled, DBR 15.4 LTS)
2026-05-15 03:50:39 INFO  Reading inputs from Unity Catalog main.curated.* 
2026-05-15 03:57:04 INFO  Stage 1 complete — input rows processed
2026-05-15 04:03:32 INFO  Writing output Delta table (MERGE) 
2026-05-15 04:03:34 INFO  [inventory_sync.reconcile_stock] Task completed successfully in 780s (exit_code=0)",2,True,0
inventory_sync,2026-05-15,write_delta,2026-05-15 04:03:39,2026-05-15 04:15:38,"2026-05-15 04:03:39 INFO  [inventory_sync.write_delta] TaskInstance started — attempt 1
2026-05-15 04:03:41 INFO  Acquiring Spark session on job cluster (Photon enabled, DBR 15.4 LTS)
2026-05-15 04:03:44 INFO  Reading inputs from Unity Catalog main.curated.* 
2026-05-15 04:09:38 INFO  Stage 1 complete — input rows processed
2026-05-15 04:15:36 INFO  Writing output Delta table (MERGE) 
2026-05-15 04:15:38 INFO  [inventory_sync.write_delta] Task completed successfully in 719s (exit_code=0)",1,False,0
marketing_attribution,2026-05-15,load_ad_spend,2026-05-15 04:17:20,2026-05-15 04:30:53,"2026-05-15 04:17:20 INFO  [marketing_attribution.load_ad_spend] TaskInstance started — attempt 1
2026-05-15 04:17:22 INFO  Acquiring Spark session on job cluster (Photon enabled, DBR 15.4 LTS)
2026-05-15 04:17:25 INFO  Reading inputs from Unity Catalog main.curated.* 
2026-05-15 04:24:06 INFO  Stage 1 complete — input rows processed
2026-05-15 04:30:51 INFO  Writing output Delta table (MERGE) 
2026-05-15 04:30:53 INFO  [marketing_attribution.load_ad_spend] Task completed successfully in 813s (exit_code=0)",1,False,0
marketing_attribution,2026-05-15,load_conversions,2026-05-15 04:31:09,2026-05-15 04:34:11,"2026-05-15 04:31:09 INFO  [marketing_attribution.load_conversions] TaskInstance started — attempt 1
2026-05-15 04:31:11 INFO  Acquiring Spark session on job cluster (Photon enabled, DBR 15.4 LTS)
2026-05-15 04:31:14 INFO  Reading inputs from Unity Catalog main.curated.* 
2026-05-15 04:32:40 INFO  Stage 1 complete — input rows processed
2026-05-15 04:34:09 INFO  Writing output Delta table (MERGE) 
2026-05-15 04:34:11 INFO  [marketing_attribution.load_conversions] Task completed successfully in 182s (exit_code=0)",1,False,0
marketing_attribution,2026-05-15,join_touchpoints,2026-05-15 04:34:21,2026-05-15 04:53:33,"2026-05-15 04:34:21 INFO  [marketing_attribution.join_touchpoints] TaskInstance started — attempt 1
2026-05-15 04:34:23 INFO  Acquiring Spark session on job cluster (Photon enabled, DBR 15.4 LTS)
2026-05-15 04:34:26 INFO  Reading inputs from Unity Catalog main.curated.* 
2026-05-15 04:43:57 INFO  Stage 1 complete — input rows processed
2026-05-15 04:53:31 INFO  Writing output Delta table (MERGE) 
2026-05-15 04:53:33 INFO  [marketing_attribution.join_touchpoints] Task completed successfully in 1152s (exit_code=0)",1,False,0
marketing_attribution,2026-05-15,attribute_revenue,2026-05-15 04:54:19,2026-05-15 05:04:10,"2026-05-15 04:54:19 INFO  [marketing_attribution.attribute_revenue] TaskInstance started — attempt 1
2026-05-15 04:54:21 INFO  Acquiring Spark session on job cluster (Photon enabled, DBR 15.4 LTS)
2026-05-15 04:54:24 INFO  Reading inputs from Unity Catalog main.curated.* 
2026-05-15 04:59:14 INFO  Stage 1 complete — input rows processed
2026-05-15 05:04:08 INFO  Writing output Delta table (MERGE) 
2026-05-15 05:04:10 INFO  [marketing_attribution.attribute_revenue] Task completed successfully in 591s (exit_code=0)",1,False,0
finance_reconciliation,2026-05-15,extract_ledger,2026-05-15 05:00:05,2026-05-15 05:06:08,"2026-05-15 05:00:05 INFO  [finance_reconciliation.extract_ledger] TaskInstance started — attempt 1
2026-05-15 05:00:07 INFO  Acquiring Spark session on job cluster (Photon enabled, DBR 15.4 LTS)
2026-05-15 05:00:10 INFO  Reading inputs from Unity Catalog main.curated.* 
2026-05-15 05:03:06 INFO  Stage 1 complete — input rows processed
2026-05-15 05:06:06 INFO  Writing output Delta table (MERGE) 
2026-05-15 05:06:08 INFO  [finance_reconciliation.extract_ledger] Task completed successfully in 363s (exit_code=0)",1,False,0
finance_reconciliation,2026-05-15,extract_payments,2026-05-15 05:06:50,2026-05-15 05:11:15,"2026-05-15 05:06:50 INFO  [finance_reconciliation.extract_payments] TaskInstance started — attempt 1
2026-05-15 05:06:52 INFO  Acquiring Spark session on job cluster (Photon enabled, DBR 15.4 LTS)
2026-05-15 05:06:55 INFO  Reading inputs from Unity Catalog main.curated.* 
2026-05-15 05:09:02 INFO  Stage 1 complete — input rows processed
2026-05-15 05:11:13 INFO  Writing output Delta table (MERGE) 
2026-05-15 05:11:15 INFO  [finance_reconciliation.extract_payments] Task completed successfully in 265s (exit_code=0)",1,False,0
finance_reconciliation,2026-05-15,reconcile,2026-05-15 05:11:39,2026-05-15 05:25:02,"2026-05-15 05:11:39 INFO  [finance_reconciliation.reconcile] TaskInstance started — attempt 1
2026-05-15 05:11:41 INFO  Acquiring Spark session on job cluster (Photon enabled, DBR 15.4 LTS)
2026-05-15 05:11:44 INFO  Reading inputs from Unity Catalog main.curated.* 
2026-05-15 05:18:20 INFO  Stage 1 complete — input rows processed
2026-05-15 05:25:00 INFO  Writing output Delta table (MERGE) 
2026-05-15 05:25:02 INFO  [finance_reconciliation.reconcile] Task completed successfully in 803s (exit_code=0)",1,False,0
finance_reconciliation,2026-05-15,gl_validation,2026-05-15 05:25:12,2026-05-15 05:48:11,"2026-05-15 05:25:12 INFO  [finance_reconciliation.gl_validation] TaskInstance started — attempt 1
2026-05-15 05:25:14 INFO  Acquiring Spark session on job cluster (Photon enabled, DBR 15.4 LTS)
2026-05-15 05:25:17 INFO  Reading inputs from Unity Catalog main.curated.* 
2026-05-15 05:36:41 INFO  Stage 1 complete — input rows processed
2026-05-15 05:48:09 INFO  Writing output Delta table (MERGE) 
2026-05-15 05:48:11 INFO  [finance_reconciliation.gl_validation] Task completed successfully in 1379s (exit_code=0)",1,False,0
finance_reconciliation,2026-05-15,export_report,2026-05-15 05:49:10,2026-05-15 05:57:27,"2026-05-15 05:49:10 INFO  [finance_reconciliation.export_report] TaskInstance started — attempt 1
2026-05-15 05:49:12 INFO  Acquiring Spark session on job cluster (Photon enabled, DBR 15.4 LTS)
2026-05-15 05:49:15 INFO  Reading inputs from Unity Catalog main.curated.* 
2026-05-15 05:53:18 INFO  Stage 1 complete — input rows processed
2026-05-15 05:57:25 INFO  Writing output Delta table (MERGE) 
2026-05-15 05:57:27 INFO  [finance_reconciliation.export_report] Task completed successfully in 497s (exit_code=0)",1,False,0
clickstream_ingest,2026-05-15,read_kafka_offsets,2026-05-15 00:25:56,2026-05-15 00:40:03,"2026-05-15 00:25:56 INFO  [clickstream_ingest.read_kafka_offsets] TaskInstance started — attempt 1
2026-05-15 00:25:58 INFO  Acquiring Spark session on job cluster (Photon enabled, DBR 15.4 LTS)
2026-05-15 00:26:01 INFO  Reading inputs from Unity Catalog main.curated.* 
2026-05-15 00:32:59 INFO  Stage 1 complete — input rows processed
2026-05-15 00:40:01 INFO  Writing output Delta table (MERGE) 
2026-05-15 00:40:03 INFO  [clickstream_ingest.read_kafka_offsets] Task completed successfully in 847s (exit_code=0)",1,False,0
clickstream_ingest,2026-05-15,parse_events,2026-05-15 00:40:39,2026-05-15 00:48:45,"2026-05-15 00:40:39 INFO  [clickstream_ingest.parse_events] TaskInstance started — attempt 1
2026-05-15 00:40:41 INFO  Acquiring Spark session on job cluster (Photon enabled, DBR 15.4 LTS)
2026-05-15 00:40:44 INFO  Reading inputs from Unity Catalog main.curated.* 
2026-05-15 00:44:42 INFO  Stage 1 complete — input rows processed
2026-05-15 00:48:43 INFO  Writing output Delta table (MERGE) 
2026-05-15 00:48:45 INFO  [clickstream_ingest.parse_events] Task completed successfully in 486s (exit_code=0)",1,False,0
clickstream_ingest,2026-05-15,sessionize,2026-05-15 00:49:29,2026-05-15 01:14:26,"2026-05-15 00:49:29 INFO  [clickstream_ingest.sessionize] TaskInstance started — attempt 1
2026-05-15 00:49:31 INFO  Acquiring Spark session on job cluster (Photon enabled, DBR 15.4 LTS)
2026-05-15 00:49:34 INFO  Reading inputs from Unity Catalog main.curated.* 
2026-05-15 01:01:57 INFO  Stage 1 complete — input rows processed
2026-05-15 01:14:24 INFO  Writing output Delta table (MERGE) 
2026-05-15 01:14:26 INFO  [clickstream_ingest.sessionize] Task completed successfully in 1497s (exit_code=0)",1,False,0
clickstream_ingest,2026-05-15,write_bronze,2026-05-15 01:15:23,2026-05-15 01:35:53,"2026-05-15 01:15:23 INFO  [clickstream_ingest.write_bronze] TaskInstance started — attempt 1
2026-05-15 01:15:25 INFO  Acquiring Spark session on job cluster (Photon enabled, DBR 15.4 LTS)
2026-05-15 01:15:28 INFO  Reading inputs from Unity Catalog main.curated.* 
2026-05-15 01:25:38 INFO  Stage 1 complete — input rows processed
2026-05-15 01:35:51 INFO  Writing output Delta table (MERGE) 
2026-05-15 01:35:53 INFO  [clickstream_ingest.write_bronze] Task completed successfully in 1230s (exit_code=0)",1,False,0
clickstream_ingest,2026-05-15,write_silver,2026-05-15 01:36:44,2026-05-15 01:56:59,"2026-05-15 01:36:44 INFO  [clickstream_ingest.write_silver] TaskInstance started — attempt 1
2026-05-15 01:36:46 INFO  Acquiring Spark session on job cluster (Photon enabled, DBR 15.4 LTS)
2026-05-15 01:36:49 INFO  Reading inputs from Unity Catalog main.curated.* 
2026-05-15 01:46:51 INFO  Stage 1 complete — input rows processed
2026-05-15 01:56:57 INFO  Writing output Delta table (MERGE) 
2026-05-15 01:56:59 INFO  [clickstream_ingest.write_silver] Task completed successfully in 1215s (exit_code=0)",1,False,0
ml_feature_store,2026-05-15,fetch_training_data,2026-05-15 06:24:32,2026-05-15 06:28:04,"2026-05-15 06:24:32 INFO  [ml_feature_store.fetch_training_data] TaskInstance started — attempt 1
2026-05-15 06:24:34 INFO  Acquiring Spark session on job cluster (Photon enabled, DBR 15.4 LTS)
2026-05-15 06:24:37 INFO  Reading inputs from Unity Catalog main.curated.* 
2026-05-15 06:26:18 INFO  Stage 1 complete — input rows processed
2026-05-15 06:28:02 INFO  Writing output Delta table (MERGE) 
2026-05-15 06:28:04 INFO  [ml_feature_store.fetch_training_data] Task completed successfully in 212s (exit_code=0)",1,False,0
ml_feature_store,2026-05-15,compute_features,2026-05-15 06:28:46,2026-05-15 06:53:42,"2026-05-15 06:28:46 INFO  [ml_feature_store.compute_features] TaskInstance started — attempt 1
2026-05-15 06:28:48 INFO  Acquiring Spark session on job cluster (Photon enabled, DBR 15.4 LTS)
2026-05-15 06:28:51 INFO  Reading inputs from Unity Catalog main.curated.* 
2026-05-15 06:41:14 INFO  Stage 1 complete — input rows processed
2026-05-15 06:53:40 INFO  Writing output Delta table (MERGE) 
2026-05-15 06:53:42 INFO  [ml_feature_store.compute_features] Task completed successfully in 1496s (exit_code=0)",1,False,0
ml_feature_store,2026-05-15,validate_features,2026-05-15 06:53:48,2026-05-15 06:58:13,"2026-05-15 06:53:48 INFO  [ml_feature_store.validate_features] TaskInstance started — attempt 1
2026-05-15 06:53:50 INFO  Acquiring Spark session on job cluster (Photon enabled, DBR 15.4 LTS)
2026-05-15 06:53:53 INFO  Reading inputs from Unity Catalog main.curated.* 
2026-05-15 06:56:00 INFO  Stage 1 complete — input rows processed
2026-05-15 06:58:11 INFO  Writing output Delta table (MERGE) 
2026-05-15 06:58:13 INFO  [ml_feature_store.validate_features] Task completed successfully in 265s (exit_code=0)",1,False,0
ml_feature_store,2026-05-15,materialize_online,2026-05-15 06:58:41,2026-05-15 07:05:15,"2026-05-15 06:58:41 INFO  [ml_feature_store.materialize_online] TaskInstance started — attempt 1
2026-05-15 06:58:43 INFO  Acquiring Spark session on job cluster (Photon enabled, DBR 15.4 LTS)
2026-05-15 06:58:46 INFO  Reading inputs from Unity Catalog main.curated.* 
2026-05-15 07:01:58 INFO  Stage 1 complete — input rows processed
2026-05-15 07:05:13 INFO  Writing output Delta table (MERGE) 
2026-05-15 07:05:15 INFO  [ml_feature_store.materialize_online] Task completed successfully in 394s (exit_code=0)",1,False,0
data_quality_checks,2026-05-15,load_snapshots,2026-05-15 07:17:03,2026-05-15 07:41:25,"2026-05-15 07:17:03 INFO  [data_quality_checks.load_snapshots] TaskInstance started — attempt 1
2026-05-15 07:17:05 INFO  Acquiring Spark session on job cluster (Photon enabled, DBR 15.4 LTS)
2026-05-15 07:17:08 INFO  Reading inputs from Unity Catalog main.curated.* 
2026-05-15 07:29:14 INFO  Stage 1 complete — input rows processed
2026-05-15 07:41:23 INFO  Writing output Delta table (MERGE) 
2026-05-15 07:41:25 INFO  [data_quality_checks.load_snapshots] Task completed successfully in 1462s (exit_code=0)",1,False,0
data_quality_checks,2026-05-15,run_expectations,2026-05-15 07:41:45,2026-05-15 08:01:27,"2026-05-15 07:41:45 INFO  [data_quality_checks.run_expectations] TaskInstance started — attempt 1
2026-05-15 07:41:47 INFO  Acquiring Spark session on job cluster (Photon enabled, DBR 15.4 LTS)
2026-05-15 07:41:50 INFO  Reading inputs from Unity Catalog main.curated.* 
2026-05-15 07:51:36 INFO  Stage 1 complete — input rows processed
2026-05-15 08:01:25 INFO  Writing output Delta table (MERGE) 
2026-05-15 08:01:27 INFO  [data_quality_checks.run_expectations] Task completed successfully in 1182s (exit_code=0)",1,False,0
data_quality_checks,2026-05-15,summarize_results,2026-05-15 08:02:01,2026-05-15 08:07:24,"2026-05-15 08:02:01 INFO  [data_quality_checks.summarize_results] TaskInstance started — attempt 1
2026-05-15 08:02:03 INFO  Acquiring Spark session on job cluster (Photon enabled, DBR 15.4 LTS)
2026-05-15 08:02:06 INFO  Reading inputs from Unity Catalog main.curated.* 
2026-05-15 08:04:42 INFO  Stage 1 complete — input rows processed
2026-05-15 08:07:22 INFO  Writing output Delta table (MERGE) 
2026-05-15 08:07:24 INFO  [data_quality_checks.summarize_results] Task completed successfully in 323s (exit_code=0)",1,False,0
revenue_reporting,2026-05-15,aggregate_daily_revenue,2026-05-15 08:28:34,2026-05-15 08:47:44,"2026-05-15 08:28:34 INFO  [revenue_reporting.aggregate_daily_revenue] TaskInstance started — attempt 1
2026-05-15 08:28:36 INFO  Acquiring Spark session on job cluster (Photon enabled, DBR 15.4 LTS)
2026-05-15 08:28:39 INFO  Reading inputs from Unity Catalog main.curated.* 
2026-05-15 08:38:09 INFO  Stage 1 complete — input rows processed
2026-05-15 08:47:42 INFO  Writing output Delta table (MERGE) 
2026-05-15 08:47:44 INFO  [revenue_reporting.aggregate_daily_revenue] Task completed successfully in 1150s (exit_code=0)",1,False,0
revenue_reporting,2026-05-15,currency_convert,2026-05-15 08:47:53,2026-05-15 08:59:56,"2026-05-15 08:47:53 INFO  [revenue_reporting.currency_convert] TaskInstance started — attempt 1
2026-05-15 08:47:55 INFO  Acquiring Spark session on job cluster (Photon enabled, DBR 15.4 LTS)
2026-05-15 08:47:58 INFO  Reading inputs from Unity Catalog main.curated.* 
2026-05-15 08:53:54 INFO  Stage 1 complete — input rows processed
2026-05-15 08:59:54 INFO  Writing output Delta table (MERGE) 
2026-05-15 08:59:56 INFO  [revenue_reporting.currency_convert] Task completed successfully in 723s (exit_code=0)",1,False,0
revenue_reporting,2026-05-15,build_dashboards_tbl,2026-05-15 09:00:49,2026-05-15 09:10:49,"2026-05-15 09:00:49 INFO  [revenue_reporting.build_dashboards_tbl] TaskInstance started — attempt 1
2026-05-15 09:00:51 INFO  Acquiring Spark session on job cluster (Photon enabled, DBR 15.4 LTS)
2026-05-15 09:00:54 INFO  Reading inputs from Unity Catalog main.curated.* 
2026-05-15 09:05:49 INFO  Stage 1 running…
2026-05-15 09:10:46 ERROR DataSource: Path does not exist for the current run partition; 0 input files matched.
2026-05-15 09:10:47 ERROR   org.apache.spark.sql.AnalysisException: Path does not exist: s3://lake/raw/build_dashboards_tbl/dt=...
                       	at org.apache.spark.sql.execution.datasources.DataSource.checkAndGlobPathIfNecessary(...)
                       	at org.apache.spark.sql.DataFrameReader.load(DataFrameReader.scala:309)
2026-05-15 09:10:49 ERROR [revenue_reporting.build_dashboards_tbl] Task failed on attempt 1 (exit_code=1)",1,False,1
revenue_reporting,2026-05-15,build_dashboards_tbl,2026-05-15 09:12:48,2026-05-15 09:22:48,"2026-05-15 09:12:48 INFO  [revenue_reporting.build_dashboards_tbl] TaskInstance started — attempt 2
2026-05-15 09:12:50 INFO  Acquiring Spark session on job cluster (Photon enabled, DBR 15.4 LTS)
2026-05-15 09:12:53 INFO  Reading inputs from Unity Catalog main.curated.* 
2026-05-15 09:17:48 INFO  Stage 1 running…
2026-05-15 09:22:45 ERROR DataSource: Path does not exist for the current run partition; 0 input files matched.
2026-05-15 09:22:46 ERROR   org.apache.spark.sql.AnalysisException: Path does not exist: s3://lake/raw/build_dashboards_tbl/dt=...
                       	at org.apache.spark.sql.execution.datasources.DataSource.checkAndGlobPathIfNecessary(...)
                       	at org.apache.spark.sql.DataFrameReader.load(DataFrameReader.scala:309)
2026-05-15 09:22:48 ERROR [revenue_reporting.build_dashboards_tbl] Task failed on attempt 2 (exit_code=1)",2,False,1
revenue_reporting,2026-05-15,build_dashboards_tbl,2026-05-15 09:26:57,2026-05-15 09:36:57,"2026-05-15 09:26:57 INFO  [revenue_reporting.build_dashboards_tbl] TaskInstance started — attempt 3
2026-05-15 09:26:59 INFO  Acquiring Spark session on job cluster (Photon enabled, DBR 15.4 LTS)
2026-05-15 09:27:02 INFO  Reading inputs from Unity Catalog main.curated.* 
2026-05-15 09:31:57 INFO  Stage 1 running…
2026-05-15 09:36:54 ERROR DataSource: Path does not exist for the current run partition; 0 input files matched.
2026-05-15 09:36:55 ERROR   org.apache.spark.sql.AnalysisException: Path does not exist: s3://lake/raw/build_dashboards_tbl/dt=...
                       	at org.apache.spark.sql.execution.datasources.DataSource.checkAndGlobPathIfNecessary(...)
                       	at org.apache.spark.sql.DataFrameReader.load(DataFrameReader.scala:309)
2026-05-15 09:36:57 ERROR [revenue_reporting.build_dashboards_tbl] Task failed on attempt 3 (exit_code=1)",3,False,1
user_segmentation,2026-05-15,load_activity,2026-05-15 09:14:31,2026-05-15 09:20:08,"2026-05-15 09:14:31 INFO  [user_segmentation.load_activity] TaskInstance started — attempt 1
2026-05-15 09:14:33 INFO  Acquiring Spark session on job cluster (Photon enabled, DBR 15.4 LTS)
2026-05-15 09:14:36 INFO  Reading inputs from Unity Catalog main.curated.* 
2026-05-15 09:17:19 INFO  Stage 1 complete — input rows processed
2026-05-15 09:20:06 INFO  Writing output Delta table (MERGE) 
2026-05-15 09:20:08 INFO  [user_segmentation.load_activity] Task completed successfully in 337s (exit_code=0)",1,False,0
user_segmentation,2026-05-15,compute_rfm,2026-05-15 09:20:56,2026-05-15 09:33:44,"2026-05-15 09:20:56 INFO  [user_segmentation.compute_rfm] TaskInstance started — attempt 1
2026-05-15 09:20:58 INFO  Acquiring Spark session on job cluster (Photon enabled, DBR 15.4 LTS)
2026-05-15 09:21:01 INFO  Reading inputs from Unity Catalog main.curated.* 
2026-05-15 09:27:20 INFO  Stage 1 complete — input rows processed
2026-05-15 09:33:42 INFO  Writing output Delta table (MERGE) 
2026-05-15 09:33:44 INFO  [user_segmentation.compute_rfm] Task completed successfully in 768s (exit_code=0)",1,False,0
user_segmentation,2026-05-15,assign_segments,2026-05-15 09:34:28,2026-05-15 09:59:03,"2026-05-15 09:34:28 INFO  [user_segmentation.assign_segments] TaskInstance started — attempt 1
2026-05-15 09:34:30 INFO  Acquiring Spark session on job cluster (Photon enabled, DBR 15.4 LTS)
2026-05-15 09:34:33 INFO  Reading inputs from Unity Catalog main.curated.* 
2026-05-15 09:46:45 INFO  Stage 1 complete — input rows processed
2026-05-15 09:59:01 INFO  Writing output Delta table (MERGE) 
2026-05-15 09:59:03 INFO  [user_segmentation.assign_segments] Task completed successfully in 1475s (exit_code=0)",1,False,0
user_segmentation,2026-05-15,push_to_crm,2026-05-15 09:59:12,2026-05-15 10:22:40,"2026-05-15 09:59:12 INFO  [user_segmentation.push_to_crm] TaskInstance started — attempt 1
2026-05-15 09:59:14 INFO  Acquiring Spark session on job cluster (Photon enabled, DBR 15.4 LTS)
2026-05-15 09:59:17 INFO  Reading inputs from Unity Catalog main.curated.* 
2026-05-15 10:10:56 INFO  Stage 1 complete — input rows processed
2026-05-15 10:22:38 INFO  Writing output Delta table (MERGE) 
2026-05-15 10:22:40 INFO  [user_segmentation.push_to_crm] Task completed successfully in 1408s (exit_code=0)",1,False,0
daily_sales_etl,2026-05-16,extract_orders,2026-05-16 02:20:47,2026-05-16 02:44:59,"2026-05-16 02:20:47 INFO  [daily_sales_etl.extract_orders] TaskInstance started — attempt 1
2026-05-16 02:20:49 INFO  Acquiring Spark session on job cluster (Photon enabled, DBR 15.4 LTS)
2026-05-16 02:20:52 INFO  Reading inputs from Unity Catalog main.curated.* 
2026-05-16 02:32:53 INFO  Stage 1 complete — input rows processed
2026-05-16 02:44:57 INFO  Writing output Delta table (MERGE) 
2026-05-16 02:44:59 INFO  [daily_sales_etl.extract_orders] Task completed successfully in 1452s (exit_code=0)",1,False,0
daily_sales_etl,2026-05-16,extract_returns,2026-05-16 02:45:04,2026-05-16 02:52:58,"2026-05-16 02:45:04 INFO  [daily_sales_etl.extract_returns] TaskInstance started — attempt 1
2026-05-16 02:45:06 INFO  Acquiring Spark session on job cluster (Photon enabled, DBR 15.4 LTS)
2026-05-16 02:45:09 INFO  Reading inputs from Unity Catalog main.curated.* 
2026-05-16 02:49:01 INFO  Stage 1 running…
2026-05-16 02:52:55 ERROR ShuffleBlockFetcherIterator: Failed to fetch shuffle block from a lost executor.
2026-05-16 02:52:56 ERROR   org.apache.spark.shuffle.FetchFailedException: Failed to connect to executor-7.cluster:35421
                       	at org.apache.spark.storage.ShuffleBlockFetcherIterator.throwFetchFailedException(...)
                       	at org.apache.spark.scheduler.ShuffleMapTask.runTask(ShuffleMapTask.scala:99)
2026-05-16 02:52:58 ERROR [daily_sales_etl.extract_returns] Task failed on attempt 1 (exit_code=1)",1,True,1
daily_sales_etl,2026-05-16,extract_returns,2026-05-16 02:54:53,2026-05-16 03:14:20,"2026-05-16 02:54:53 INFO  [daily_sales_etl.extract_returns] TaskInstance started — attempt 2
2026-05-16 02:54:55 INFO  Acquiring Spark session on job cluster (Photon enabled, DBR 15.4 LTS)
2026-05-16 02:54:58 INFO  Reading inputs from Unity Catalog main.curated.* 
2026-05-16 03:04:36 INFO  Stage 1 complete — input rows processed
2026-05-16 03:14:18 INFO  Writing output Delta table (MERGE) 
2026-05-16 03:14:20 INFO  [daily_sales_etl.extract_returns] Task completed successfully in 1167s (exit_code=0)",2,True,0
daily_sales_etl,2026-05-16,transform_sales,2026-05-16 03:15:08,2026-05-16 03:34:50,"2026-05-16 03:15:08 INFO  [daily_sales_etl.transform_sales] TaskInstance started — attempt 1
2026-05-16 03:15:10 INFO  Acquiring Spark session on job cluster (Photon enabled, DBR 15.4 LTS)
2026-05-16 03:15:13 INFO  Reading inputs from Unity Catalog main.curated.* 
2026-05-16 03:24:59 INFO  Stage 1 complete — input rows processed
2026-05-16 03:34:48 INFO  Writing output Delta table (MERGE) 
2026-05-16 03:34:50 INFO  [daily_sales_etl.transform_sales] Task completed successfully in 1182s (exit_code=0)",1,False,0
daily_sales_etl,2026-05-16,dq_check_sales,2026-05-16 03:35:28,2026-05-16 03:48:12,"2026-05-16 03:35:28 INFO  [daily_sales_etl.dq_check_sales] TaskInstance started — attempt 1
2026-05-16 03:35:30 INFO  Acquiring Spark session on job cluster (Photon enabled, DBR 15.4 LTS)
2026-05-16 03:35:33 INFO  Reading inputs from Unity Catalog main.curated.* 
2026-05-16 03:41:50 INFO  Stage 1 complete — input rows processed
2026-05-16 03:48:10 INFO  Writing output Delta table (MERGE) 
2026-05-16 03:48:12 INFO  [daily_sales_etl.dq_check_sales] Task completed successfully in 764s (exit_code=0)",1,False,0
daily_sales_etl,2026-05-16,load_fact_sales,2026-05-16 03:48:46,2026-05-16 03:55:48,"2026-05-16 03:48:46 INFO  [daily_sales_etl.load_fact_sales] TaskInstance started — attempt 1
2026-05-16 03:48:48 INFO  Acquiring Spark session on job cluster (Photon enabled, DBR 15.4 LTS)
2026-05-16 03:48:51 INFO  Reading inputs from Unity Catalog main.curated.* 
2026-05-16 03:52:17 INFO  Stage 1 complete — input rows processed
2026-05-16 03:55:46 INFO  Writing output Delta table (MERGE) 
2026-05-16 03:55:48 INFO  [daily_sales_etl.load_fact_sales] Task completed successfully in 422s (exit_code=0)",1,False,0
customer_360_pipeline,2026-05-16,ingest_crm,2026-05-16 01:06:19,2026-05-16 01:15:18,"2026-05-16 01:06:19 INFO  [customer_360_pipeline.ingest_crm] TaskInstance started — attempt 1
2026-05-16 01:06:21 INFO  Acquiring Spark session on job cluster (Photon enabled, DBR 15.4 LTS)
2026-05-16 01:06:24 INFO  Reading inputs from Unity Catalog main.curated.* 
2026-05-16 01:10:48 INFO  Stage 1 running…
2026-05-16 01:15:15 ERROR TaskRunner: Task exceeded execution_timeout (3600s) and was terminated.
2026-05-16 01:15:16 ERROR   java.util.concurrent.TimeoutException: Task exceeded the configured execution_timeout of 3600s
                       	at org.apache.airflow.executors.TaskRunner.enforceTimeout(...)
2026-05-16 01:15:18 ERROR [customer_360_pipeline.ingest_crm] Task failed on attempt 1 (exit_code=1)",1,True,1
customer_360_pipeline,2026-05-16,ingest_crm,2026-05-16 01:18:27,2026-05-16 01:37:35,"2026-05-16 01:18:27 INFO  [customer_360_pipeline.ingest_crm] TaskInstance started — attempt 2
2026-05-16 01:18:29 INFO  Acquiring Spark session on job cluster (Photon enabled, DBR 15.4 LTS)
2026-05-16 01:18:32 INFO  Reading inputs from Unity Catalog main.curated.* 
2026-05-16 01:28:01 INFO  Stage 1 complete — input rows processed
2026-05-16 01:37:33 INFO  Writing output Delta table (MERGE) 
2026-05-16 01:37:35 INFO  [customer_360_pipeline.ingest_crm] Task completed successfully in 1148s (exit_code=0)",2,True,0
customer_360_pipeline,2026-05-16,ingest_web_events,2026-05-16 01:38:08,2026-05-16 01:50:18,"2026-05-16 01:38:08 INFO  [customer_360_pipeline.ingest_web_events] TaskInstance started — attempt 1
2026-05-16 01:38:10 INFO  Acquiring Spark session on job cluster (Photon enabled, DBR 15.4 LTS)
2026-05-16 01:38:13 INFO  Reading inputs from Unity Catalog main.curated.* 
2026-05-16 01:44:13 INFO  Stage 1 complete — input rows processed
2026-05-16 01:50:16 INFO  Writing output Delta table (MERGE) 
2026-05-16 01:50:18 INFO  [customer_360_pipeline.ingest_web_events] Task completed successfully in 730s (exit_code=0)",1,False,0
customer_360_pipeline,2026-05-16,resolve_identity,2026-05-16 01:50:36,2026-05-16 01:56:08,"2026-05-16 01:50:36 INFO  [customer_360_pipeline.resolve_identity] TaskInstance started — attempt 1
2026-05-16 01:50:38 INFO  Acquiring Spark session on job cluster (Photon enabled, DBR 15.4 LTS)
2026-05-16 01:50:41 INFO  Reading inputs from Unity Catalog main.curated.* 
2026-05-16 01:53:22 INFO  Stage 1 complete — input rows processed
2026-05-16 01:56:06 INFO  Writing output Delta table (MERGE) 
2026-05-16 01:56:08 INFO  [customer_360_pipeline.resolve_identity] Task completed successfully in 332s (exit_code=0)",1,False,0
customer_360_pipeline,2026-05-16,build_profiles,2026-05-16 01:56:22,2026-05-16 02:17:15,"2026-05-16 01:56:22 INFO  [customer_360_pipeline.build_profiles] TaskInstance started — attempt 1
2026-05-16 01:56:24 INFO  Acquiring Spark session on job cluster (Photon enabled, DBR 15.4 LTS)
2026-05-16 01:56:27 INFO  Reading inputs from Unity Catalog main.curated.* 
2026-05-16 02:06:48 INFO  Stage 1 complete — input rows processed
2026-05-16 02:17:13 INFO  Writing output Delta table (MERGE) 
2026-05-16 02:17:15 INFO  [customer_360_pipeline.build_profiles] Task completed successfully in 1253s (exit_code=0)",1,False,0
customer_360_pipeline,2026-05-16,publish_features,2026-05-16 02:17:43,2026-05-16 02:25:14,"2026-05-16 02:17:43 INFO  [customer_360_pipeline.publish_features] TaskInstance started — attempt 1
2026-05-16 02:17:45 INFO  Acquiring Spark session on job cluster (Photon enabled, DBR 15.4 LTS)
2026-05-16 02:17:48 INFO  Reading inputs from Unity Catalog main.curated.* 
2026-05-16 02:21:28 INFO  Stage 1 complete — input rows processed
2026-05-16 02:25:12 INFO  Writing output Delta table (MERGE) 
2026-05-16 02:25:14 INFO  [customer_360_pipeline.publish_features] Task completed successfully in 451s (exit_code=0)",1,False,0
inventory_sync,2026-05-16,pull_warehouse_api,2026-05-16 03:16:17,2026-05-16 03:31:44,"2026-05-16 03:16:17 INFO  [inventory_sync.pull_warehouse_api] TaskInstance started — attempt 1
2026-05-16 03:16:19 INFO  Acquiring Spark session on job cluster (Photon enabled, DBR 15.4 LTS)
2026-05-16 03:16:22 INFO  Reading inputs from Unity Catalog main.curated.* 
2026-05-16 03:24:00 INFO  Stage 1 complete — input rows processed
2026-05-16 03:31:42 INFO  Writing output Delta table (MERGE) 
2026-05-16 03:31:44 INFO  [inventory_sync.pull_warehouse_api] Task completed successfully in 927s (exit_code=0)",1,False,0
inventory_sync,2026-05-16,normalize_sku,2026-05-16 03:32:20,2026-05-16 03:40:08,"2026-05-16 03:32:20 INFO  [inventory_sync.normalize_sku] TaskInstance started — attempt 1
2026-05-16 03:32:22 INFO  Acquiring Spark session on job cluster (Photon enabled, DBR 15.4 LTS)
2026-05-16 03:32:25 INFO  Reading inputs from Unity Catalog main.curated.* 
2026-05-16 03:36:14 INFO  Stage 1 running…
2026-05-16 03:40:05 ERROR Executor: Exception in task 47.0 in stage 12.0 (TID 1893) java.lang.OutOfMemoryError: Java heap space
2026-05-16 03:40:06 ERROR   java.lang.OutOfMemoryError: Java heap space
                       	at org.apache.spark.sql.execution.aggregate.HashAggregateExec.doExecute(HashAggregateExec.scala:101)
                       	at org.apache.spark.sql.execution.exchange.ShuffleExchangeExec.prepareShuffleDependency(...)
                       	at org.apache.spark.scheduler.Task.run(Task.scala:139)
2026-05-16 03:40:08 ERROR [inventory_sync.normalize_sku] Task failed on attempt 1 (exit_code=1)",1,True,1
inventory_sync,2026-05-16,normalize_sku,2026-05-16 03:43:03,2026-05-16 03:48:30,"2026-05-16 03:43:03 INFO  [inventory_sync.normalize_sku] TaskInstance started — attempt 2
2026-05-16 03:43:05 INFO  Acquiring Spark session on job cluster (Photon enabled, DBR 15.4 LTS)
2026-05-16 03:43:08 INFO  Reading inputs from Unity Catalog main.curated.* 
2026-05-16 03:45:46 INFO  Stage 1 running…
2026-05-16 03:48:27 ERROR Executor: Exception in task 47.0 in stage 12.0 (TID 1893) java.lang.OutOfMemoryError: Java heap space
2026-05-16 03:48:28 ERROR   java.lang.OutOfMemoryError: Java heap space
                       	at org.apache.spark.sql.execution.aggregate.HashAggregateExec.doExecute(HashAggregateExec.scala:101)
                       	at org.apache.spark.sql.execution.exchange.ShuffleExchangeExec.prepareShuffleDependency(...)
                       	at org.apache.spark.scheduler.Task.run(Task.scala:139)
2026-05-16 03:48:30 ERROR [inventory_sync.normalize_sku] Task failed on attempt 2 (exit_code=1)",2,True,1
inventory_sync,2026-05-16,normalize_sku,2026-05-16 03:50:47,2026-05-16 04:07:14,"2026-05-16 03:50:47 INFO  [inventory_sync.normalize_sku] TaskInstance started — attempt 3
2026-05-16 03:50:49 INFO  Acquiring Spark session on job cluster (Photon enabled, DBR 15.4 LTS)
2026-05-16 03:50:52 INFO  Reading inputs from Unity Catalog main.curated.* 
2026-05-16 03:59:00 INFO  Stage 1 complete — input rows processed
2026-05-16 04:07:12 INFO  Writing output Delta table (MERGE) 
2026-05-16 04:07:14 INFO  [inventory_sync.normalize_sku] Task completed successfully in 987s (exit_code=0)",3,True,0
inventory_sync,2026-05-16,reconcile_stock,2026-05-16 04:08:05,2026-05-16 04:15:53,"2026-05-16 04:08:05 INFO  [inventory_sync.reconcile_stock] TaskInstance started — attempt 1
2026-05-16 04:08:07 INFO  Acquiring Spark session on job cluster (Photon enabled, DBR 15.4 LTS)
2026-05-16 04:08:10 INFO  Reading inputs from Unity Catalog main.curated.* 
2026-05-16 04:11:59 INFO  Stage 1 complete — input rows processed
2026-05-16 04:15:51 INFO  Writing output Delta table (MERGE) 
2026-05-16 04:15:53 INFO  [inventory_sync.reconcile_stock] Task completed successfully in 468s (exit_code=0)",1,False,0
inventory_sync,2026-05-16,write_delta,2026-05-16 04:16:22,2026-05-16 04:30:09,"2026-05-16 04:16:22 INFO  [inventory_sync.write_delta] TaskInstance started — attempt 1
2026-05-16 04:16:24 INFO  Acquiring Spark session on job cluster (Photon enabled, DBR 15.4 LTS)
2026-05-16 04:16:27 INFO  Reading inputs from Unity Catalog main.curated.* 
2026-05-16 04:23:15 INFO  Stage 1 complete — input rows processed
2026-05-16 04:30:07 INFO  Writing output Delta table (MERGE) 
2026-05-16 04:30:09 INFO  [inventory_sync.write_delta] Task completed successfully in 827s (exit_code=0)",1,False,0
marketing_attribution,2026-05-16,load_ad_spend,2026-05-16 04:00:20,2026-05-16 04:16:55,"2026-05-16 04:00:20 INFO  [marketing_attribution.load_ad_spend] TaskInstance started — attempt 1
2026-05-16 04:00:22 INFO  Acquiring Spark session on job cluster (Photon enabled, DBR 15.4 LTS)
2026-05-16 04:00:25 INFO  Reading inputs from Unity Catalog main.curated.* 
2026-05-16 04:08:37 INFO  Stage 1 complete — input rows processed
2026-05-16 04:16:53 INFO  Writing output Delta table (MERGE) 
2026-05-16 04:16:55 INFO  [marketing_attribution.load_ad_spend] Task completed successfully in 995s (exit_code=0)",1,False,0
marketing_attribution,2026-05-16,load_conversions,2026-05-16 04:17:12,2026-05-16 04:20:36,"2026-05-16 04:17:12 INFO  [marketing_attribution.load_conversions] TaskInstance started — attempt 1
2026-05-16 04:17:14 INFO  Acquiring Spark session on job cluster (Photon enabled, DBR 15.4 LTS)
2026-05-16 04:17:17 INFO  Reading inputs from Unity Catalog main.curated.* 
2026-05-16 04:18:54 INFO  Stage 1 complete — input rows processed
2026-05-16 04:20:34 INFO  Writing output Delta table (MERGE) 
2026-05-16 04:20:36 INFO  [marketing_attribution.load_conversions] Task completed successfully in 204s (exit_code=0)",1,False,0
marketing_attribution,2026-05-16,join_touchpoints,2026-05-16 04:20:59,2026-05-16 04:32:37,"2026-05-16 04:20:59 INFO  [marketing_attribution.join_touchpoints] TaskInstance started — attempt 1
2026-05-16 04:21:01 INFO  Acquiring Spark session on job cluster (Photon enabled, DBR 15.4 LTS)
2026-05-16 04:21:04 INFO  Reading inputs from Unity Catalog main.curated.* 
2026-05-16 04:26:48 INFO  Stage 1 complete — input rows processed
2026-05-16 04:32:35 INFO  Writing output Delta table (MERGE) 
2026-05-16 04:32:37 INFO  [marketing_attribution.join_touchpoints] Task completed successfully in 698s (exit_code=0)",1,False,0
marketing_attribution,2026-05-16,attribute_revenue,2026-05-16 04:33:07,2026-05-16 04:49:26,"2026-05-16 04:33:07 INFO  [marketing_attribution.attribute_revenue] TaskInstance started — attempt 1
2026-05-16 04:33:09 INFO  Acquiring Spark session on job cluster (Photon enabled, DBR 15.4 LTS)
2026-05-16 04:33:12 INFO  Reading inputs from Unity Catalog main.curated.* 
2026-05-16 04:41:16 INFO  Stage 1 complete — input rows processed
2026-05-16 04:49:24 INFO  Writing output Delta table (MERGE) 
2026-05-16 04:49:26 INFO  [marketing_attribution.attribute_revenue] Task completed successfully in 979s (exit_code=0)",1,False,0
finance_reconciliation,2026-05-16,extract_ledger,2026-05-16 05:02:23,2026-05-16 05:14:46,"2026-05-16 05:02:23 INFO  [finance_reconciliation.extract_ledger] TaskInstance started — attempt 1
2026-05-16 05:02:25 INFO  Acquiring Spark session on job cluster (Photon enabled, DBR 15.4 LTS)
2026-05-16 05:02:28 INFO  Reading inputs from Unity Catalog main.curated.* 
2026-05-16 05:08:34 INFO  Stage 1 complete — input rows processed
2026-05-16 05:14:44 INFO  Writing output Delta table (MERGE) 
2026-05-16 05:14:46 INFO  [finance_reconciliation.extract_ledger] Task completed successfully in 743s (exit_code=0)",1,False,0
finance_reconciliation,2026-05-16,extract_payments,2026-05-16 05:15:08,2026-05-16 05:19:15,"2026-05-16 05:15:08 INFO  [finance_reconciliation.extract_payments] TaskInstance started — attempt 1
2026-05-16 05:15:10 INFO  Acquiring Spark session on job cluster (Photon enabled, DBR 15.4 LTS)
2026-05-16 05:15:13 INFO  Reading inputs from Unity Catalog main.curated.* 
2026-05-16 05:17:11 INFO  Stage 1 running…
2026-05-16 05:19:12 ERROR ShuffleBlockFetcherIterator: Failed to fetch shuffle block from a lost executor.
2026-05-16 05:19:13 ERROR   org.apache.spark.shuffle.FetchFailedException: Failed to connect to executor-7.cluster:35421
                       	at org.apache.spark.storage.ShuffleBlockFetcherIterator.throwFetchFailedException(...)
                       	at org.apache.spark.scheduler.ShuffleMapTask.runTask(ShuffleMapTask.scala:99)
2026-05-16 05:19:15 ERROR [finance_reconciliation.extract_payments] Task failed on attempt 1 (exit_code=1)",1,True,1
finance_reconciliation,2026-05-16,extract_payments,2026-05-16 05:21:23,2026-05-16 05:27:51,"2026-05-16 05:21:23 INFO  [finance_reconciliation.extract_payments] TaskInstance started — attempt 2
2026-05-16 05:21:25 INFO  Acquiring Spark session on job cluster (Photon enabled, DBR 15.4 LTS)
2026-05-16 05:21:28 INFO  Reading inputs from Unity Catalog main.curated.* 
2026-05-16 05:24:37 INFO  Stage 1 complete — input rows processed
2026-05-16 05:27:49 INFO  Writing output Delta table (MERGE) 
2026-05-16 05:27:51 INFO  [finance_reconciliation.extract_payments] Task completed successfully in 388s (exit_code=0)",2,True,0
finance_reconciliation,2026-05-16,reconcile,2026-05-16 05:28:23,2026-05-16 05:48:49,"2026-05-16 05:28:23 INFO  [finance_reconciliation.reconcile] TaskInstance started — attempt 1
2026-05-16 05:28:25 INFO  Acquiring Spark session on job cluster (Photon enabled, DBR 15.4 LTS)
2026-05-16 05:28:28 INFO  Reading inputs from Unity Catalog main.curated.* 
2026-05-16 05:38:36 INFO  Stage 1 complete — input rows processed
2026-05-16 05:48:47 INFO  Writing output Delta table (MERGE) 
2026-05-16 05:48:49 INFO  [finance_reconciliation.reconcile] Task completed successfully in 1226s (exit_code=0)",1,False,0
finance_reconciliation,2026-05-16,gl_validation,2026-05-16 05:49:43,2026-05-16 06:05:27,"2026-05-16 05:49:43 INFO  [finance_reconciliation.gl_validation] TaskInstance started — attempt 1
2026-05-16 05:49:45 INFO  Acquiring Spark session on job cluster (Photon enabled, DBR 15.4 LTS)
2026-05-16 05:49:48 INFO  Reading inputs from Unity Catalog main.curated.* 
2026-05-16 05:57:35 INFO  Stage 1 complete — input rows processed
2026-05-16 06:05:25 INFO  Writing output Delta table (MERGE) 
2026-05-16 06:05:27 INFO  [finance_reconciliation.gl_validation] Task completed successfully in 944s (exit_code=0)",1,False,0
finance_reconciliation,2026-05-16,export_report,2026-05-16 06:05:59,2026-05-16 06:09:58,"2026-05-16 06:05:59 INFO  [finance_reconciliation.export_report] TaskInstance started — attempt 1
2026-05-16 06:06:01 INFO  Acquiring Spark session on job cluster (Photon enabled, DBR 15.4 LTS)
2026-05-16 06:06:04 INFO  Reading inputs from Unity Catalog main.curated.* 
2026-05-16 06:07:58 INFO  Stage 1 complete — input rows processed
2026-05-16 06:09:56 INFO  Writing output Delta table (MERGE) 
2026-05-16 06:09:58 INFO  [finance_reconciliation.export_report] Task completed successfully in 239s (exit_code=0)",1,False,0
clickstream_ingest,2026-05-16,read_kafka_offsets,2026-05-16 00:12:58,2026-05-16 00:34:52,"2026-05-16 00:12:58 INFO  [clickstream_ingest.read_kafka_offsets] TaskInstance started — attempt 1
2026-05-16 00:13:00 INFO  Acquiring Spark session on job cluster (Photon enabled, DBR 15.4 LTS)
2026-05-16 00:13:03 INFO  Reading inputs from Unity Catalog main.curated.* 
2026-05-16 00:23:55 INFO  Stage 1 complete — input rows processed
2026-05-16 00:34:50 INFO  Writing output Delta table (MERGE) 
2026-05-16 00:34:52 INFO  [clickstream_ingest.read_kafka_offsets] Task completed successfully in 1314s (exit_code=0)",1,False,0
clickstream_ingest,2026-05-16,parse_events,2026-05-16 00:35:43,2026-05-16 00:42:57,"2026-05-16 00:35:43 INFO  [clickstream_ingest.parse_events] TaskInstance started — attempt 1
2026-05-16 00:35:45 INFO  Acquiring Spark session on job cluster (Photon enabled, DBR 15.4 LTS)
2026-05-16 00:35:48 INFO  Reading inputs from Unity Catalog main.curated.* 
2026-05-16 00:39:20 INFO  Stage 1 running…
2026-05-16 00:42:54 ERROR TaskRunner: Task exceeded execution_timeout (3600s) and was terminated.
2026-05-16 00:42:55 ERROR   java.util.concurrent.TimeoutException: Task exceeded the configured execution_timeout of 3600s
                       	at org.apache.airflow.executors.TaskRunner.enforceTimeout(...)
2026-05-16 00:42:57 ERROR [clickstream_ingest.parse_events] Task failed on attempt 1 (exit_code=1)",1,True,1
clickstream_ingest,2026-05-16,parse_events,2026-05-16 00:44:32,2026-05-16 00:52:01,"2026-05-16 00:44:32 INFO  [clickstream_ingest.parse_events] TaskInstance started — attempt 2
2026-05-16 00:44:34 INFO  Acquiring Spark session on job cluster (Photon enabled, DBR 15.4 LTS)
2026-05-16 00:44:37 INFO  Reading inputs from Unity Catalog main.curated.* 
2026-05-16 00:48:16 INFO  Stage 1 running…
2026-05-16 00:51:58 ERROR TaskRunner: Task exceeded execution_timeout (3600s) and was terminated.
2026-05-16 00:51:59 ERROR   java.util.concurrent.TimeoutException: Task exceeded the configured execution_timeout of 3600s
                       	at org.apache.airflow.executors.TaskRunner.enforceTimeout(...)
2026-05-16 00:52:01 ERROR [clickstream_ingest.parse_events] Task failed on attempt 2 (exit_code=1)",2,True,1
clickstream_ingest,2026-05-16,parse_events,2026-05-16 00:54:14,2026-05-16 00:59:59,"2026-05-16 00:54:14 INFO  [clickstream_ingest.parse_events] TaskInstance started — attempt 3
2026-05-16 00:54:16 INFO  Acquiring Spark session on job cluster (Photon enabled, DBR 15.4 LTS)
2026-05-16 00:54:19 INFO  Reading inputs from Unity Catalog main.curated.* 
2026-05-16 00:57:06 INFO  Stage 1 complete — input rows processed
2026-05-16 00:59:57 INFO  Writing output Delta table (MERGE) 
2026-05-16 00:59:59 INFO  [clickstream_ingest.parse_events] Task completed successfully in 345s (exit_code=0)",3,True,0
clickstream_ingest,2026-05-16,sessionize,2026-05-16 01:00:35,2026-05-16 01:05:15,"2026-05-16 01:00:35 INFO  [clickstream_ingest.sessionize] TaskInstance started — attempt 1
2026-05-16 01:00:37 INFO  Acquiring Spark session on job cluster (Photon enabled, DBR 15.4 LTS)
2026-05-16 01:00:40 INFO  Reading inputs from Unity Catalog main.curated.* 
2026-05-16 01:02:55 INFO  Stage 1 complete — input rows processed
2026-05-16 01:05:13 INFO  Writing output Delta table (MERGE) 
2026-05-16 01:05:15 INFO  [clickstream_ingest.sessionize] Task completed successfully in 280s (exit_code=0)",1,False,0
clickstream_ingest,2026-05-16,write_bronze,2026-05-16 01:05:55,2026-05-16 01:13:15,"2026-05-16 01:05:55 INFO  [clickstream_ingest.write_bronze] TaskInstance started — attempt 1
2026-05-16 01:05:57 INFO  Acquiring Spark session on job cluster (Photon enabled, DBR 15.4 LTS)
2026-05-16 01:06:00 INFO  Reading inputs from Unity Catalog main.curated.* 
2026-05-16 01:09:35 INFO  Stage 1 complete — input rows processed
2026-05-16 01:13:13 INFO  Writing output Delta table (MERGE) 
2026-05-16 01:13:15 INFO  [clickstream_ingest.write_bronze] Task completed successfully in 440s (exit_code=0)",1,False,0
clickstream_ingest,2026-05-16,write_silver,2026-05-16 01:13:46,2026-05-16 01:28:29,"2026-05-16 01:13:46 INFO  [clickstream_ingest.write_silver] TaskInstance started — attempt 1
2026-05-16 01:13:48 INFO  Acquiring Spark session on job cluster (Photon enabled, DBR 15.4 LTS)
2026-05-16 01:13:51 INFO  Reading inputs from Unity Catalog main.curated.* 
2026-05-16 01:21:07 INFO  Stage 1 complete — input rows processed
2026-05-16 01:28:27 INFO  Writing output Delta table (MERGE) 
2026-05-16 01:28:29 INFO  [clickstream_ingest.write_silver] Task completed successfully in 883s (exit_code=0)",1,False,0
ml_feature_store,2026-05-16,fetch_training_data,2026-05-16 06:23:47,2026-05-16 06:35:39,"2026-05-16 06:23:47 INFO  [ml_feature_store.fetch_training_data] TaskInstance started — attempt 1
2026-05-16 06:23:49 INFO  Acquiring Spark session on job cluster (Photon enabled, DBR 15.4 LTS)
2026-05-16 06:23:52 INFO  Reading inputs from Unity Catalog main.curated.* 
2026-05-16 06:29:43 INFO  Stage 1 complete — input rows processed
2026-05-16 06:35:37 INFO  Writing output Delta table (MERGE) 
2026-05-16 06:35:39 INFO  [ml_feature_store.fetch_training_data] Task completed successfully in 712s (exit_code=0)",1,False,0
ml_feature_store,2026-05-16,compute_features,2026-05-16 06:35:59,2026-05-16 06:49:15,"2026-05-16 06:35:59 INFO  [ml_feature_store.compute_features] TaskInstance started — attempt 1
2026-05-16 06:36:01 INFO  Acquiring Spark session on job cluster (Photon enabled, DBR 15.4 LTS)
2026-05-16 06:36:04 INFO  Reading inputs from Unity Catalog main.curated.* 
2026-05-16 06:42:37 INFO  Stage 1 complete — input rows processed
2026-05-16 06:49:13 INFO  Writing output Delta table (MERGE) 
2026-05-16 06:49:15 INFO  [ml_feature_store.compute_features] Task completed successfully in 796s (exit_code=0)",1,False,0
ml_feature_store,2026-05-16,validate_features,2026-05-16 06:50:02,2026-05-16 07:06:29,"2026-05-16 06:50:02 INFO  [ml_feature_store.validate_features] TaskInstance started — attempt 1
2026-05-16 06:50:04 INFO  Acquiring Spark session on job cluster (Photon enabled, DBR 15.4 LTS)
2026-05-16 06:50:07 INFO  Reading inputs from Unity Catalog main.curated.* 
2026-05-16 06:58:15 INFO  Stage 1 complete — input rows processed
2026-05-16 07:06:27 INFO  Writing output Delta table (MERGE) 
2026-05-16 07:06:29 INFO  [ml_feature_store.validate_features] Task completed successfully in 987s (exit_code=0)",1,False,0
ml_feature_store,2026-05-16,materialize_online,2026-05-16 07:07:15,2026-05-16 07:15:46,"2026-05-16 07:07:15 INFO  [ml_feature_store.materialize_online] TaskInstance started — attempt 1
2026-05-16 07:07:17 INFO  Acquiring Spark session on job cluster (Photon enabled, DBR 15.4 LTS)
2026-05-16 07:07:20 INFO  Reading inputs from Unity Catalog main.curated.* 
2026-05-16 07:11:30 INFO  Stage 1 complete — input rows processed
2026-05-16 07:15:44 INFO  Writing output Delta table (MERGE) 
2026-05-16 07:15:46 INFO  [ml_feature_store.materialize_online] Task completed successfully in 511s (exit_code=0)",1,False,0
data_quality_checks,2026-05-16,load_snapshots,2026-05-16 07:28:51,2026-05-16 07:39:21,"2026-05-16 07:28:51 INFO  [data_quality_checks.load_snapshots] TaskInstance started — attempt 1
2026-05-16 07:28:53 INFO  Acquiring Spark session on job cluster (Photon enabled, DBR 15.4 LTS)
2026-05-16 07:28:56 INFO  Reading inputs from Unity Catalog main.curated.* 
2026-05-16 07:34:06 INFO  Stage 1 complete — input rows processed
2026-05-16 07:39:19 INFO  Writing output Delta table (MERGE) 
2026-05-16 07:39:21 INFO  [data_quality_checks.load_snapshots] Task completed successfully in 630s (exit_code=0)",1,False,0
data_quality_checks,2026-05-16,run_expectations,2026-05-16 07:39:47,2026-05-16 07:58:08,"2026-05-16 07:39:47 INFO  [data_quality_checks.run_expectations] TaskInstance started — attempt 1
2026-05-16 07:39:49 INFO  Acquiring Spark session on job cluster (Photon enabled, DBR 15.4 LTS)
2026-05-16 07:39:52 INFO  Reading inputs from Unity Catalog main.curated.* 
2026-05-16 07:48:57 INFO  Stage 1 complete — input rows processed
2026-05-16 07:58:06 INFO  Writing output Delta table (MERGE) 
2026-05-16 07:58:08 INFO  [data_quality_checks.run_expectations] Task completed successfully in 1101s (exit_code=0)",1,False,0
data_quality_checks,2026-05-16,summarize_results,2026-05-16 07:58:48,2026-05-16 08:08:22,"2026-05-16 07:58:48 INFO  [data_quality_checks.summarize_results] TaskInstance started — attempt 1
2026-05-16 07:58:50 INFO  Acquiring Spark session on job cluster (Photon enabled, DBR 15.4 LTS)
2026-05-16 07:58:53 INFO  Reading inputs from Unity Catalog main.curated.* 
2026-05-16 08:03:35 INFO  Stage 1 complete — input rows processed
2026-05-16 08:08:20 INFO  Writing output Delta table (MERGE) 
2026-05-16 08:08:22 INFO  [data_quality_checks.summarize_results] Task completed successfully in 574s (exit_code=0)",1,False,0
revenue_reporting,2026-05-16,aggregate_daily_revenue,2026-05-16 08:10:35,2026-05-16 08:21:44,"2026-05-16 08:10:35 INFO  [revenue_reporting.aggregate_daily_revenue] TaskInstance started — attempt 1
2026-05-16 08:10:37 INFO  Acquiring Spark session on job cluster (Photon enabled, DBR 15.4 LTS)
2026-05-16 08:10:40 INFO  Reading inputs from Unity Catalog main.curated.* 
2026-05-16 08:16:09 INFO  Stage 1 complete — input rows processed
2026-05-16 08:21:42 INFO  Writing output Delta table (MERGE) 
2026-05-16 08:21:44 INFO  [revenue_reporting.aggregate_daily_revenue] Task completed successfully in 669s (exit_code=0)",1,False,0
revenue_reporting,2026-05-16,currency_convert,2026-05-16 08:22:40,2026-05-16 08:45:06,"2026-05-16 08:22:40 INFO  [revenue_reporting.currency_convert] TaskInstance started — attempt 1
2026-05-16 08:22:42 INFO  Acquiring Spark session on job cluster (Photon enabled, DBR 15.4 LTS)
2026-05-16 08:22:45 INFO  Reading inputs from Unity Catalog main.curated.* 
2026-05-16 08:33:53 INFO  Stage 1 complete — input rows processed
2026-05-16 08:45:04 INFO  Writing output Delta table (MERGE) 
2026-05-16 08:45:06 INFO  [revenue_reporting.currency_convert] Task completed successfully in 1346s (exit_code=0)",1,False,0
revenue_reporting,2026-05-16,build_dashboards_tbl,2026-05-16 08:45:12,2026-05-16 09:02:17,"2026-05-16 08:45:12 INFO  [revenue_reporting.build_dashboards_tbl] TaskInstance started — attempt 1
2026-05-16 08:45:14 INFO  Acquiring Spark session on job cluster (Photon enabled, DBR 15.4 LTS)
2026-05-16 08:45:17 INFO  Reading inputs from Unity Catalog main.curated.* 
2026-05-16 08:53:44 INFO  Stage 1 complete — input rows processed
2026-05-16 09:02:15 INFO  Writing output Delta table (MERGE) 
2026-05-16 09:02:17 INFO  [revenue_reporting.build_dashboards_tbl] Task completed successfully in 1025s (exit_code=0)",1,False,0
user_segmentation,2026-05-16,load_activity,2026-05-16 09:16:13,2026-05-16 09:30:45,"2026-05-16 09:16:13 INFO  [user_segmentation.load_activity] TaskInstance started — attempt 1
2026-05-16 09:16:15 INFO  Acquiring Spark session on job cluster (Photon enabled, DBR 15.4 LTS)
2026-05-16 09:16:18 INFO  Reading inputs from Unity Catalog main.curated.* 
2026-05-16 09:23:29 INFO  Stage 1 complete — input rows processed
2026-05-16 09:30:43 INFO  Writing output Delta table (MERGE) 
2026-05-16 09:30:45 INFO  [user_segmentation.load_activity] Task completed successfully in 872s (exit_code=0)",1,False,0
user_segmentation,2026-05-16,compute_rfm,2026-05-16 09:31:21,2026-05-16 09:43:49,"2026-05-16 09:31:21 INFO  [user_segmentation.compute_rfm] TaskInstance started — attempt 1
2026-05-16 09:31:23 INFO  Acquiring Spark session on job cluster (Photon enabled, DBR 15.4 LTS)
2026-05-16 09:31:26 INFO  Reading inputs from Unity Catalog main.curated.* 
2026-05-16 09:37:35 INFO  Stage 1 complete — input rows processed
2026-05-16 09:43:47 INFO  Writing output Delta table (MERGE) 
2026-05-16 09:43:49 INFO  [user_segmentation.compute_rfm] Task completed successfully in 748s (exit_code=0)",1,False,0
user_segmentation,2026-05-16,assign_segments,2026-05-16 09:44:17,2026-05-16 09:51:34,"2026-05-16 09:44:17 INFO  [user_segmentation.assign_segments] TaskInstance started — attempt 1
2026-05-16 09:44:19 INFO  Acquiring Spark session on job cluster (Photon enabled, DBR 15.4 LTS)
2026-05-16 09:44:22 INFO  Reading inputs from Unity Catalog main.curated.* 
2026-05-16 09:47:55 INFO  Stage 1 complete — input rows processed
2026-05-16 09:51:32 INFO  Writing output Delta table (MERGE) 
2026-05-16 09:51:34 INFO  [user_segmentation.assign_segments] Task completed successfully in 437s (exit_code=0)",1,False,0
user_segmentation,2026-05-16,push_to_crm,2026-05-16 09:52:12,2026-05-16 10:16:41,"2026-05-16 09:52:12 INFO  [user_segmentation.push_to_crm] TaskInstance started — attempt 1
2026-05-16 09:52:14 INFO  Acquiring Spark session on job cluster (Photon enabled, DBR 15.4 LTS)
2026-05-16 09:52:17 INFO  Reading inputs from Unity Catalog main.curated.* 
2026-05-16 10:04:26 INFO  Stage 1 complete — input rows processed
2026-05-16 10:16:39 INFO  Writing output Delta table (MERGE) 
2026-05-16 10:16:41 INFO  [user_segmentation.push_to_crm] Task completed successfully in 1469s (exit_code=0)",1,False,0
daily_sales_etl,2026-05-17,extract_orders,2026-05-17 02:06:05,2026-05-17 02:17:33,"2026-05-17 02:06:05 INFO  [daily_sales_etl.extract_orders] TaskInstance started — attempt 1
2026-05-17 02:06:07 INFO  Acquiring Spark session on job cluster (Photon enabled, DBR 15.4 LTS)
2026-05-17 02:06:10 INFO  Reading inputs from Unity Catalog main.curated.* 
2026-05-17 02:11:49 INFO  Stage 1 complete — input rows processed
2026-05-17 02:17:31 INFO  Writing output Delta table (MERGE) 
2026-05-17 02:17:33 INFO  [daily_sales_etl.extract_orders] Task completed successfully in 688s (exit_code=0)",1,False,0
daily_sales_etl,2026-05-17,extract_returns,2026-05-17 02:18:19,2026-05-17 02:36:32,"2026-05-17 02:18:19 INFO  [daily_sales_etl.extract_returns] TaskInstance started — attempt 1
2026-05-17 02:18:21 INFO  Acquiring Spark session on job cluster (Photon enabled, DBR 15.4 LTS)
2026-05-17 02:18:24 INFO  Reading inputs from Unity Catalog main.curated.* 
2026-05-17 02:27:25 INFO  Stage 1 complete — input rows processed
2026-05-17 02:36:30 INFO  Writing output Delta table (MERGE) 
2026-05-17 02:36:32 INFO  [daily_sales_etl.extract_returns] Task completed successfully in 1093s (exit_code=0)",1,False,0
daily_sales_etl,2026-05-17,transform_sales,2026-05-17 02:36:56,2026-05-17 02:40:40,"2026-05-17 02:36:56 INFO  [daily_sales_etl.transform_sales] TaskInstance started — attempt 1
2026-05-17 02:36:58 INFO  Acquiring Spark session on job cluster (Photon enabled, DBR 15.4 LTS)
2026-05-17 02:37:01 INFO  Reading inputs from Unity Catalog main.curated.* 
2026-05-17 02:38:48 INFO  Stage 1 complete — input rows processed
2026-05-17 02:40:38 INFO  Writing output Delta table (MERGE) 
2026-05-17 02:40:40 INFO  [daily_sales_etl.transform_sales] Task completed successfully in 224s (exit_code=0)",1,False,0
daily_sales_etl,2026-05-17,dq_check_sales,2026-05-17 02:41:12,2026-05-17 03:00:21,"2026-05-17 02:41:12 INFO  [daily_sales_etl.dq_check_sales] TaskInstance started — attempt 1
2026-05-17 02:41:14 INFO  Acquiring Spark session on job cluster (Photon enabled, DBR 15.4 LTS)
2026-05-17 02:41:17 INFO  Reading inputs from Unity Catalog main.curated.* 
2026-05-17 02:50:46 INFO  Stage 1 complete — input rows processed
2026-05-17 03:00:19 INFO  Writing output Delta table (MERGE) 
2026-05-17 03:00:21 INFO  [daily_sales_etl.dq_check_sales] Task completed successfully in 1149s (exit_code=0)",1,False,0
daily_sales_etl,2026-05-17,load_fact_sales,2026-05-17 03:00:57,2026-05-17 03:03:57,"2026-05-17 03:00:57 INFO  [daily_sales_etl.load_fact_sales] TaskInstance started — attempt 1
2026-05-17 03:00:59 INFO  Acquiring Spark session on job cluster (Photon enabled, DBR 15.4 LTS)
2026-05-17 03:01:02 INFO  Reading inputs from Unity Catalog main.curated.* 
2026-05-17 03:02:27 INFO  Stage 1 complete — input rows processed
2026-05-17 03:03:55 INFO  Writing output Delta table (MERGE) 
2026-05-17 03:03:57 INFO  [daily_sales_etl.load_fact_sales] Task completed successfully in 180s (exit_code=0)",1,False,0
customer_360_pipeline,2026-05-17,ingest_crm,2026-05-17 01:16:54,2026-05-17 01:35:13,"2026-05-17 01:16:54 INFO  [customer_360_pipeline.ingest_crm] TaskInstance started — attempt 1
2026-05-17 01:16:56 INFO  Acquiring Spark session on job cluster (Photon enabled, DBR 15.4 LTS)
2026-05-17 01:16:59 INFO  Reading inputs from Unity Catalog main.curated.* 
2026-05-17 01:26:03 INFO  Stage 1 complete — input rows processed
2026-05-17 01:35:11 INFO  Writing output Delta table (MERGE) 
2026-05-17 01:35:13 INFO  [customer_360_pipeline.ingest_crm] Task completed successfully in 1099s (exit_code=0)",1,False,0
customer_360_pipeline,2026-05-17,ingest_web_events,2026-05-17 01:35:24,2026-05-17 01:46:02,"2026-05-17 01:35:24 INFO  [customer_360_pipeline.ingest_web_events] TaskInstance started — attempt 1
2026-05-17 01:35:26 INFO  Acquiring Spark session on job cluster (Photon enabled, DBR 15.4 LTS)
2026-05-17 01:35:29 INFO  Reading inputs from Unity Catalog main.curated.* 
2026-05-17 01:40:43 INFO  Stage 1 complete — input rows processed
2026-05-17 01:46:00 INFO  Writing output Delta table (MERGE) 
2026-05-17 01:46:02 INFO  [customer_360_pipeline.ingest_web_events] Task completed successfully in 638s (exit_code=0)",1,False,0
customer_360_pipeline,2026-05-17,resolve_identity,2026-05-17 01:46:40,2026-05-17 01:53:23,"2026-05-17 01:46:40 INFO  [customer_360_pipeline.resolve_identity] TaskInstance started — attempt 1
2026-05-17 01:46:42 INFO  Acquiring Spark session on job cluster (Photon enabled, DBR 15.4 LTS)
2026-05-17 01:46:45 INFO  Reading inputs from Unity Catalog main.curated.* 
2026-05-17 01:50:01 INFO  Stage 1 complete — input rows processed
2026-05-17 01:53:21 INFO  Writing output Delta table (MERGE) 
2026-05-17 01:53:23 INFO  [customer_360_pipeline.resolve_identity] Task completed successfully in 403s (exit_code=0)",1,False,0
customer_360_pipeline,2026-05-17,build_profiles,2026-05-17 01:54:14,2026-05-17 02:12:50,"2026-05-17 01:54:14 INFO  [customer_360_pipeline.build_profiles] TaskInstance started — attempt 1
2026-05-17 01:54:16 INFO  Acquiring Spark session on job cluster (Photon enabled, DBR 15.4 LTS)
2026-05-17 01:54:19 INFO  Reading inputs from Unity Catalog main.curated.* 
2026-05-17 02:03:32 INFO  Stage 1 complete — input rows processed
2026-05-17 02:12:48 INFO  Writing output Delta table (MERGE) 
2026-05-17 02:12:50 INFO  [customer_360_pipeline.build_profiles] Task completed successfully in 1116s (exit_code=0)",1,False,0
customer_360_pipeline,2026-05-17,publish_features,2026-05-17 02:13:44,2026-05-17 02:20:35,"2026-05-17 02:13:44 INFO  [customer_360_pipeline.publish_features] TaskInstance started — attempt 1
2026-05-17 02:13:46 INFO  Acquiring Spark session on job cluster (Photon enabled, DBR 15.4 LTS)
2026-05-17 02:13:49 INFO  Reading inputs from Unity Catalog main.curated.* 
2026-05-17 02:17:09 INFO  Stage 1 running…
2026-05-17 02:20:32 ERROR JDBCRDD: Connection timed out after 30000ms while reading from source DB.
2026-05-17 02:20:33 ERROR   java.sql.SQLTransientConnectionException: HikariPool-1 - Connection is not available, request timed out after 30000ms
                       	at com.zaxxer.hikari.pool.HikariPool.getConnection(HikariPool.java:213)
                       	at org.apache.spark.sql.execution.datasources.jdbc.JDBCRDD.compute(...)
2026-05-17 02:20:35 ERROR [customer_360_pipeline.publish_features] Task failed on attempt 1 (exit_code=1)",1,True,1
customer_360_pipeline,2026-05-17,publish_features,2026-05-17 02:21:44,2026-05-17 02:26:04,"2026-05-17 02:21:44 INFO  [customer_360_pipeline.publish_features] TaskInstance started — attempt 2
2026-05-17 02:21:46 INFO  Acquiring Spark session on job cluster (Photon enabled, DBR 15.4 LTS)
2026-05-17 02:21:49 INFO  Reading inputs from Unity Catalog main.curated.* 
2026-05-17 02:23:54 INFO  Stage 1 complete — input rows processed
2026-05-17 02:26:02 INFO  Writing output Delta table (MERGE) 
2026-05-17 02:26:04 INFO  [customer_360_pipeline.publish_features] Task completed successfully in 260s (exit_code=0)",2,True,0
inventory_sync,2026-05-17,pull_warehouse_api,2026-05-17 03:22:19,2026-05-17 03:46:42,"2026-05-17 03:22:19 INFO  [inventory_sync.pull_warehouse_api] TaskInstance started — attempt 1
2026-05-17 03:22:21 INFO  Acquiring Spark session on job cluster (Photon enabled, DBR 15.4 LTS)
2026-05-17 03:22:24 INFO  Reading inputs from Unity Catalog main.curated.* 
2026-05-17 03:34:30 INFO  Stage 1 complete — input rows processed
2026-05-17 03:46:40 INFO  Writing output Delta table (MERGE) 
2026-05-17 03:46:42 INFO  [inventory_sync.pull_warehouse_api] Task completed successfully in 1463s (exit_code=0)",1,False,0
inventory_sync,2026-05-17,normalize_sku,2026-05-17 03:47:27,2026-05-17 04:05:22,"2026-05-17 03:47:27 INFO  [inventory_sync.normalize_sku] TaskInstance started — attempt 1
2026-05-17 03:47:29 INFO  Acquiring Spark session on job cluster (Photon enabled, DBR 15.4 LTS)
2026-05-17 03:47:32 INFO  Reading inputs from Unity Catalog main.curated.* 
2026-05-17 03:56:24 INFO  Stage 1 complete — input rows processed
2026-05-17 04:05:20 INFO  Writing output Delta table (MERGE) 
2026-05-17 04:05:22 INFO  [inventory_sync.normalize_sku] Task completed successfully in 1075s (exit_code=0)",1,False,0
inventory_sync,2026-05-17,reconcile_stock,2026-05-17 04:05:34,2026-05-17 04:11:57,"2026-05-17 04:05:34 INFO  [inventory_sync.reconcile_stock] TaskInstance started — attempt 1
2026-05-17 04:05:36 INFO  Acquiring Spark session on job cluster (Photon enabled, DBR 15.4 LTS)
2026-05-17 04:05:39 INFO  Reading inputs from Unity Catalog main.curated.* 
2026-05-17 04:08:45 INFO  Stage 1 complete — input rows processed
2026-05-17 04:11:55 INFO  Writing output Delta table (MERGE) 
2026-05-17 04:11:57 INFO  [inventory_sync.reconcile_stock] Task completed successfully in 383s (exit_code=0)",1,False,0
inventory_sync,2026-05-17,write_delta,2026-05-17 04:12:35,2026-05-17 04:35:28,"2026-05-17 04:12:35 INFO  [inventory_sync.write_delta] TaskInstance started — attempt 1
2026-05-17 04:12:37 INFO  Acquiring Spark session on job cluster (Photon enabled, DBR 15.4 LTS)
2026-05-17 04:12:40 INFO  Reading inputs from Unity Catalog main.curated.* 
2026-05-17 04:24:01 INFO  Stage 1 complete — input rows processed
2026-05-17 04:35:26 INFO  Writing output Delta table (MERGE) 
2026-05-17 04:35:28 INFO  [inventory_sync.write_delta] Task completed successfully in 1373s (exit_code=0)",1,False,0
marketing_attribution,2026-05-17,load_ad_spend,2026-05-17 04:07:50,2026-05-17 04:11:11,"2026-05-17 04:07:50 INFO  [marketing_attribution.load_ad_spend] TaskInstance started — attempt 1
2026-05-17 04:07:52 INFO  Acquiring Spark session on job cluster (Photon enabled, DBR 15.4 LTS)
2026-05-17 04:07:55 INFO  Reading inputs from Unity Catalog main.curated.* 
2026-05-17 04:09:30 INFO  Stage 1 complete — input rows processed
2026-05-17 04:11:09 INFO  Writing output Delta table (MERGE) 
2026-05-17 04:11:11 INFO  [marketing_attribution.load_ad_spend] Task completed successfully in 201s (exit_code=0)",1,False,0
marketing_attribution,2026-05-17,load_conversions,2026-05-17 04:11:45,2026-05-17 04:24:15,"2026-05-17 04:11:45 INFO  [marketing_attribution.load_conversions] TaskInstance started — attempt 1
2026-05-17 04:11:47 INFO  Acquiring Spark session on job cluster (Photon enabled, DBR 15.4 LTS)
2026-05-17 04:11:50 INFO  Reading inputs from Unity Catalog main.curated.* 
2026-05-17 04:18:00 INFO  Stage 1 complete — input rows processed
2026-05-17 04:24:13 INFO  Writing output Delta table (MERGE) 
2026-05-17 04:24:15 INFO  [marketing_attribution.load_conversions] Task completed successfully in 750s (exit_code=0)",1,False,0
marketing_attribution,2026-05-17,join_touchpoints,2026-05-17 04:25:01,2026-05-17 04:36:17,"2026-05-17 04:25:01 INFO  [marketing_attribution.join_touchpoints] TaskInstance started — attempt 1
2026-05-17 04:25:03 INFO  Acquiring Spark session on job cluster (Photon enabled, DBR 15.4 LTS)
2026-05-17 04:25:06 INFO  Reading inputs from Unity Catalog main.curated.* 
2026-05-17 04:30:39 INFO  Stage 1 complete — input rows processed
2026-05-17 04:36:15 INFO  Writing output Delta table (MERGE) 
2026-05-17 04:36:17 INFO  [marketing_attribution.join_touchpoints] Task completed successfully in 676s (exit_code=0)",1,False,0
marketing_attribution,2026-05-17,attribute_revenue,2026-05-17 04:36:37,2026-05-17 04:58:17,"2026-05-17 04:36:37 INFO  [marketing_attribution.attribute_revenue] TaskInstance started — attempt 1
2026-05-17 04:36:39 INFO  Acquiring Spark session on job cluster (Photon enabled, DBR 15.4 LTS)
2026-05-17 04:36:42 INFO  Reading inputs from Unity Catalog main.curated.* 
2026-05-17 04:47:27 INFO  Stage 1 complete — input rows processed
2026-05-17 04:58:15 INFO  Writing output Delta table (MERGE) 
2026-05-17 04:58:17 INFO  [marketing_attribution.attribute_revenue] Task completed successfully in 1300s (exit_code=0)",1,False,0
finance_reconciliation,2026-05-17,extract_ledger,2026-05-17 05:22:41,2026-05-17 05:26:25,"2026-05-17 05:22:41 INFO  [finance_reconciliation.extract_ledger] TaskInstance started — attempt 1
2026-05-17 05:22:43 INFO  Acquiring Spark session on job cluster (Photon enabled, DBR 15.4 LTS)
2026-05-17 05:22:46 INFO  Reading inputs from Unity Catalog main.curated.* 
2026-05-17 05:24:33 INFO  Stage 1 complete — input rows processed
2026-05-17 05:26:23 INFO  Writing output Delta table (MERGE) 
2026-05-17 05:26:25 INFO  [finance_reconciliation.extract_ledger] Task completed successfully in 224s (exit_code=0)",1,False,0
finance_reconciliation,2026-05-17,extract_payments,2026-05-17 05:27:13,2026-05-17 05:44:33,"2026-05-17 05:27:13 INFO  [finance_reconciliation.extract_payments] TaskInstance started — attempt 1
2026-05-17 05:27:15 INFO  Acquiring Spark session on job cluster (Photon enabled, DBR 15.4 LTS)
2026-05-17 05:27:18 INFO  Reading inputs from Unity Catalog main.curated.* 
2026-05-17 05:35:53 INFO  Stage 1 complete — input rows processed
2026-05-17 05:44:31 INFO  Writing output Delta table (MERGE) 
2026-05-17 05:44:33 INFO  [finance_reconciliation.extract_payments] Task completed successfully in 1040s (exit_code=0)",1,False,0
finance_reconciliation,2026-05-17,reconcile,2026-05-17 05:44:52,2026-05-17 06:02:21,"2026-05-17 05:44:52 INFO  [finance_reconciliation.reconcile] TaskInstance started — attempt 1
2026-05-17 05:44:54 INFO  Acquiring Spark session on job cluster (Photon enabled, DBR 15.4 LTS)
2026-05-17 05:44:57 INFO  Reading inputs from Unity Catalog main.curated.* 
2026-05-17 05:53:36 INFO  Stage 1 complete — input rows processed
2026-05-17 06:02:19 INFO  Writing output Delta table (MERGE) 
2026-05-17 06:02:21 INFO  [finance_reconciliation.reconcile] Task completed successfully in 1049s (exit_code=0)",1,False,0
finance_reconciliation,2026-05-17,gl_validation,2026-05-17 06:02:40,2026-05-17 06:07:45,"2026-05-17 06:02:40 INFO  [finance_reconciliation.gl_validation] TaskInstance started — attempt 1
2026-05-17 06:02:42 INFO  Acquiring Spark session on job cluster (Photon enabled, DBR 15.4 LTS)
2026-05-17 06:02:45 INFO  Reading inputs from Unity Catalog main.curated.* 
2026-05-17 06:05:12 INFO  Stage 1 running…
2026-05-17 06:07:42 ERROR ShuffleBlockFetcherIterator: Failed to fetch shuffle block from a lost executor.
2026-05-17 06:07:43 ERROR   org.apache.spark.shuffle.FetchFailedException: Failed to connect to executor-7.cluster:35421
                       	at org.apache.spark.storage.ShuffleBlockFetcherIterator.throwFetchFailedException(...)
                       	at org.apache.spark.scheduler.ShuffleMapTask.runTask(ShuffleMapTask.scala:99)
2026-05-17 06:07:45 ERROR [finance_reconciliation.gl_validation] Task failed on attempt 1 (exit_code=1)",1,True,1
finance_reconciliation,2026-05-17,gl_validation,2026-05-17 06:11:39,2026-05-17 06:17:01,"2026-05-17 06:11:39 INFO  [finance_reconciliation.gl_validation] TaskInstance started — attempt 2
2026-05-17 06:11:41 INFO  Acquiring Spark session on job cluster (Photon enabled, DBR 15.4 LTS)
2026-05-17 06:11:44 INFO  Reading inputs from Unity Catalog main.curated.* 
2026-05-17 06:14:20 INFO  Stage 1 running…
2026-05-17 06:16:58 ERROR ShuffleBlockFetcherIterator: Failed to fetch shuffle block from a lost executor.
2026-05-17 06:16:59 ERROR   org.apache.spark.shuffle.FetchFailedException: Failed to connect to executor-7.cluster:35421
                       	at org.apache.spark.storage.ShuffleBlockFetcherIterator.throwFetchFailedException(...)
                       	at org.apache.spark.scheduler.ShuffleMapTask.runTask(ShuffleMapTask.scala:99)
2026-05-17 06:17:01 ERROR [finance_reconciliation.gl_validation] Task failed on attempt 2 (exit_code=1)",2,True,1
finance_reconciliation,2026-05-17,gl_validation,2026-05-17 06:18:51,2026-05-17 06:38:40,"2026-05-17 06:18:51 INFO  [finance_reconciliation.gl_validation] TaskInstance started — attempt 3
2026-05-17 06:18:53 INFO  Acquiring Spark session on job cluster (Photon enabled, DBR 15.4 LTS)
2026-05-17 06:18:56 INFO  Reading inputs from Unity Catalog main.curated.* 
2026-05-17 06:28:45 INFO  Stage 1 complete — input rows processed
2026-05-17 06:38:38 INFO  Writing output Delta table (MERGE) 
2026-05-17 06:38:40 INFO  [finance_reconciliation.gl_validation] Task completed successfully in 1189s (exit_code=0)",3,True,0
finance_reconciliation,2026-05-17,export_report,2026-05-17 06:38:45,2026-05-17 06:51:43,"2026-05-17 06:38:45 INFO  [finance_reconciliation.export_report] TaskInstance started — attempt 1
2026-05-17 06:38:47 INFO  Acquiring Spark session on job cluster (Photon enabled, DBR 15.4 LTS)
2026-05-17 06:38:50 INFO  Reading inputs from Unity Catalog main.curated.* 
2026-05-17 06:45:14 INFO  Stage 1 complete — input rows processed
2026-05-17 06:51:41 INFO  Writing output Delta table (MERGE) 
2026-05-17 06:51:43 INFO  [finance_reconciliation.export_report] Task completed successfully in 778s (exit_code=0)",1,False,0
clickstream_ingest,2026-05-17,read_kafka_offsets,2026-05-17 00:02:13,2026-05-17 00:12:03,"2026-05-17 00:02:13 INFO  [clickstream_ingest.read_kafka_offsets] TaskInstance started — attempt 1
2026-05-17 00:02:15 INFO  Acquiring Spark session on job cluster (Photon enabled, DBR 15.4 LTS)
2026-05-17 00:02:18 INFO  Reading inputs from Unity Catalog main.curated.* 
2026-05-17 00:07:08 INFO  Stage 1 complete — input rows processed
2026-05-17 00:12:01 INFO  Writing output Delta table (MERGE) 
2026-05-17 00:12:03 INFO  [clickstream_ingest.read_kafka_offsets] Task completed successfully in 590s (exit_code=0)",1,False,0
clickstream_ingest,2026-05-17,parse_events,2026-05-17 00:13:00,2026-05-17 00:22:37,"2026-05-17 00:13:00 INFO  [clickstream_ingest.parse_events] TaskInstance started — attempt 1
2026-05-17 00:13:02 INFO  Acquiring Spark session on job cluster (Photon enabled, DBR 15.4 LTS)
2026-05-17 00:13:05 INFO  Reading inputs from Unity Catalog main.curated.* 
2026-05-17 00:17:48 INFO  Stage 1 complete — input rows processed
2026-05-17 00:22:35 INFO  Writing output Delta table (MERGE) 
2026-05-17 00:22:37 INFO  [clickstream_ingest.parse_events] Task completed successfully in 577s (exit_code=0)",1,False,0
clickstream_ingest,2026-05-17,sessionize,2026-05-17 00:22:56,2026-05-17 00:34:58,"2026-05-17 00:22:56 INFO  [clickstream_ingest.sessionize] TaskInstance started — attempt 1
2026-05-17 00:22:58 INFO  Acquiring Spark session on job cluster (Photon enabled, DBR 15.4 LTS)
2026-05-17 00:23:01 INFO  Reading inputs from Unity Catalog main.curated.* 
2026-05-17 00:28:57 INFO  Stage 1 complete — input rows processed
2026-05-17 00:34:56 INFO  Writing output Delta table (MERGE) 
2026-05-17 00:34:58 INFO  [clickstream_ingest.sessionize] Task completed successfully in 722s (exit_code=0)",1,False,0
clickstream_ingest,2026-05-17,write_bronze,2026-05-17 00:35:21,2026-05-17 00:42:04,"2026-05-17 00:35:21 INFO  [clickstream_ingest.write_bronze] TaskInstance started — attempt 1
2026-05-17 00:35:23 INFO  Acquiring Spark session on job cluster (Photon enabled, DBR 15.4 LTS)
2026-05-17 00:35:26 INFO  Reading inputs from Unity Catalog main.curated.* 
2026-05-17 00:38:42 INFO  Stage 1 complete — input rows processed
2026-05-17 00:42:02 INFO  Writing output Delta table (MERGE) 
2026-05-17 00:42:04 INFO  [clickstream_ingest.write_bronze] Task completed successfully in 403s (exit_code=0)",1,False,0
clickstream_ingest,2026-05-17,write_silver,2026-05-17 00:42:40,2026-05-17 01:06:29,"2026-05-17 00:42:40 INFO  [clickstream_ingest.write_silver] TaskInstance started — attempt 1
2026-05-17 00:42:42 INFO  Acquiring Spark session on job cluster (Photon enabled, DBR 15.4 LTS)
2026-05-17 00:42:45 INFO  Reading inputs from Unity Catalog main.curated.* 
2026-05-17 00:54:34 INFO  Stage 1 complete — input rows processed
2026-05-17 01:06:27 INFO  Writing output Delta table (MERGE) 
2026-05-17 01:06:29 INFO  [clickstream_ingest.write_silver] Task completed successfully in 1429s (exit_code=0)",1,False,0
ml_feature_store,2026-05-17,fetch_training_data,2026-05-17 06:15:26,2026-05-17 06:20:21,"2026-05-17 06:15:26 INFO  [ml_feature_store.fetch_training_data] TaskInstance started — attempt 1
2026-05-17 06:15:28 INFO  Acquiring Spark session on job cluster (Photon enabled, DBR 15.4 LTS)
2026-05-17 06:15:31 INFO  Reading inputs from Unity Catalog main.curated.* 
2026-05-17 06:17:53 INFO  Stage 1 complete — input rows processed
2026-05-17 06:20:19 INFO  Writing output Delta table (MERGE) 
2026-05-17 06:20:21 INFO  [ml_feature_store.fetch_training_data] Task completed successfully in 295s (exit_code=0)",1,False,0
ml_feature_store,2026-05-17,compute_features,2026-05-17 06:20:35,2026-05-17 06:26:07,"2026-05-17 06:20:35 INFO  [ml_feature_store.compute_features] TaskInstance started — attempt 1
2026-05-17 06:20:37 INFO  Acquiring Spark session on job cluster (Photon enabled, DBR 15.4 LTS)
2026-05-17 06:20:40 INFO  Reading inputs from Unity Catalog main.curated.* 
2026-05-17 06:23:21 INFO  Stage 1 running…
2026-05-17 06:26:04 ERROR Executor: Exception in task 47.0 in stage 12.0 (TID 1893) java.lang.OutOfMemoryError: Java heap space
2026-05-17 06:26:05 ERROR   java.lang.OutOfMemoryError: Java heap space
                       	at org.apache.spark.sql.execution.aggregate.HashAggregateExec.doExecute(HashAggregateExec.scala:101)
                       	at org.apache.spark.sql.execution.exchange.ShuffleExchangeExec.prepareShuffleDependency(...)
                       	at org.apache.spark.scheduler.Task.run(Task.scala:139)
2026-05-17 06:26:07 ERROR [ml_feature_store.compute_features] Task failed on attempt 1 (exit_code=1)",1,True,1
ml_feature_store,2026-05-17,compute_features,2026-05-17 06:27:20,2026-05-17 06:43:45,"2026-05-17 06:27:20 INFO  [ml_feature_store.compute_features] TaskInstance started — attempt 2
2026-05-17 06:27:22 INFO  Acquiring Spark session on job cluster (Photon enabled, DBR 15.4 LTS)
2026-05-17 06:27:25 INFO  Reading inputs from Unity Catalog main.curated.* 
2026-05-17 06:35:32 INFO  Stage 1 complete — input rows processed
2026-05-17 06:43:43 INFO  Writing output Delta table (MERGE) 
2026-05-17 06:43:45 INFO  [ml_feature_store.compute_features] Task completed successfully in 985s (exit_code=0)",2,True,0
ml_feature_store,2026-05-17,validate_features,2026-05-17 06:44:35,2026-05-17 06:49:38,"2026-05-17 06:44:35 INFO  [ml_feature_store.validate_features] TaskInstance started — attempt 1
2026-05-17 06:44:37 INFO  Acquiring Spark session on job cluster (Photon enabled, DBR 15.4 LTS)
2026-05-17 06:44:40 INFO  Reading inputs from Unity Catalog main.curated.* 
2026-05-17 06:47:06 INFO  Stage 1 complete — input rows processed
2026-05-17 06:49:36 INFO  Writing output Delta table (MERGE) 
2026-05-17 06:49:38 INFO  [ml_feature_store.validate_features] Task completed successfully in 303s (exit_code=0)",1,False,0
ml_feature_store,2026-05-17,materialize_online,2026-05-17 06:50:11,2026-05-17 07:03:54,"2026-05-17 06:50:11 INFO  [ml_feature_store.materialize_online] TaskInstance started — attempt 1
2026-05-17 06:50:13 INFO  Acquiring Spark session on job cluster (Photon enabled, DBR 15.4 LTS)
2026-05-17 06:50:16 INFO  Reading inputs from Unity Catalog main.curated.* 
2026-05-17 06:57:02 INFO  Stage 1 complete — input rows processed
2026-05-17 07:03:52 INFO  Writing output Delta table (MERGE) 
2026-05-17 07:03:54 INFO  [ml_feature_store.materialize_online] Task completed successfully in 823s (exit_code=0)",1,False,0
data_quality_checks,2026-05-17,load_snapshots,2026-05-17 07:29:10,2026-05-17 07:38:29,"2026-05-17 07:29:10 INFO  [data_quality_checks.load_snapshots] TaskInstance started — attempt 1
2026-05-17 07:29:12 INFO  Acquiring Spark session on job cluster (Photon enabled, DBR 15.4 LTS)
2026-05-17 07:29:15 INFO  Reading inputs from Unity Catalog main.curated.* 
2026-05-17 07:33:49 INFO  Stage 1 complete — input rows processed
2026-05-17 07:38:27 INFO  Writing output Delta table (MERGE) 
2026-05-17 07:38:29 INFO  [data_quality_checks.load_snapshots] Task completed successfully in 559s (exit_code=0)",1,False,0
data_quality_checks,2026-05-17,run_expectations,2026-05-17 07:39:07,2026-05-17 07:43:56,"2026-05-17 07:39:07 INFO  [data_quality_checks.run_expectations] TaskInstance started — attempt 1
2026-05-17 07:39:09 INFO  Acquiring Spark session on job cluster (Photon enabled, DBR 15.4 LTS)
2026-05-17 07:39:12 INFO  Reading inputs from Unity Catalog main.curated.* 
2026-05-17 07:41:31 INFO  Stage 1 running…
2026-05-17 07:43:53 ERROR TaskRunner: Task exceeded execution_timeout (3600s) and was terminated.
2026-05-17 07:43:54 ERROR   java.util.concurrent.TimeoutException: Task exceeded the configured execution_timeout of 3600s
                       	at org.apache.airflow.executors.TaskRunner.enforceTimeout(...)
2026-05-17 07:43:56 ERROR [data_quality_checks.run_expectations] Task failed on attempt 1 (exit_code=1)",1,True,1
data_quality_checks,2026-05-17,run_expectations,2026-05-17 07:46:49,2026-05-17 07:50:15,"2026-05-17 07:46:49 INFO  [data_quality_checks.run_expectations] TaskInstance started — attempt 2
2026-05-17 07:46:51 INFO  Acquiring Spark session on job cluster (Photon enabled, DBR 15.4 LTS)
2026-05-17 07:46:54 INFO  Reading inputs from Unity Catalog main.curated.* 
2026-05-17 07:48:32 INFO  Stage 1 running…
2026-05-17 07:50:12 ERROR TaskRunner: Task exceeded execution_timeout (3600s) and was terminated.
2026-05-17 07:50:13 ERROR   java.util.concurrent.TimeoutException: Task exceeded the configured execution_timeout of 3600s
                       	at org.apache.airflow.executors.TaskRunner.enforceTimeout(...)
2026-05-17 07:50:15 ERROR [data_quality_checks.run_expectations] Task failed on attempt 2 (exit_code=1)",2,True,1
data_quality_checks,2026-05-17,run_expectations,2026-05-17 07:51:42,2026-05-17 08:10:39,"2026-05-17 07:51:42 INFO  [data_quality_checks.run_expectations] TaskInstance started — attempt 3
2026-05-17 07:51:44 INFO  Acquiring Spark session on job cluster (Photon enabled, DBR 15.4 LTS)
2026-05-17 07:51:47 INFO  Reading inputs from Unity Catalog main.curated.* 
2026-05-17 08:01:10 INFO  Stage 1 complete — input rows processed
2026-05-17 08:10:37 INFO  Writing output Delta table (MERGE) 
2026-05-17 08:10:39 INFO  [data_quality_checks.run_expectations] Task completed successfully in 1137s (exit_code=0)",3,True,0
data_quality_checks,2026-05-17,summarize_results,2026-05-17 08:10:44,2026-05-17 08:16:24,"2026-05-17 08:10:44 INFO  [data_quality_checks.summarize_results] TaskInstance started — attempt 1
2026-05-17 08:10:46 INFO  Acquiring Spark session on job cluster (Photon enabled, DBR 15.4 LTS)
2026-05-17 08:10:49 INFO  Reading inputs from Unity Catalog main.curated.* 
2026-05-17 08:13:34 INFO  Stage 1 complete — input rows processed
2026-05-17 08:16:22 INFO  Writing output Delta table (MERGE) 
2026-05-17 08:16:24 INFO  [data_quality_checks.summarize_results] Task completed successfully in 340s (exit_code=0)",1,False,0
revenue_reporting,2026-05-17,aggregate_daily_revenue,2026-05-17 08:13:56,2026-05-17 08:24:00,"2026-05-17 08:13:56 INFO  [revenue_reporting.aggregate_daily_revenue] TaskInstance started — attempt 1
2026-05-17 08:13:58 INFO  Acquiring Spark session on job cluster (Photon enabled, DBR 15.4 LTS)
2026-05-17 08:14:01 INFO  Reading inputs from Unity Catalog main.curated.* 
2026-05-17 08:18:58 INFO  Stage 1 complete — input rows processed
2026-05-17 08:23:58 INFO  Writing output Delta table (MERGE) 
2026-05-17 08:24:00 INFO  [revenue_reporting.aggregate_daily_revenue] Task completed successfully in 604s (exit_code=0)",1,False,0
revenue_reporting,2026-05-17,currency_convert,2026-05-17 08:24:54,2026-05-17 08:38:26,"2026-05-17 08:24:54 INFO  [revenue_reporting.currency_convert] TaskInstance started — attempt 1
2026-05-17 08:24:56 INFO  Acquiring Spark session on job cluster (Photon enabled, DBR 15.4 LTS)
2026-05-17 08:24:59 INFO  Reading inputs from Unity Catalog main.curated.* 
2026-05-17 08:31:40 INFO  Stage 1 complete — input rows processed
2026-05-17 08:38:24 INFO  Writing output Delta table (MERGE) 
2026-05-17 08:38:26 INFO  [revenue_reporting.currency_convert] Task completed successfully in 812s (exit_code=0)",1,False,0
revenue_reporting,2026-05-17,build_dashboards_tbl,2026-05-17 08:38:58,2026-05-17 08:44:08,"2026-05-17 08:38:58 INFO  [revenue_reporting.build_dashboards_tbl] TaskInstance started — attempt 1
2026-05-17 08:39:00 INFO  Acquiring Spark session on job cluster (Photon enabled, DBR 15.4 LTS)
2026-05-17 08:39:03 INFO  Reading inputs from Unity Catalog main.curated.* 
2026-05-17 08:41:33 INFO  Stage 1 running…
2026-05-17 08:44:05 ERROR TaskRunner: Task exceeded execution_timeout (3600s) and was terminated.
2026-05-17 08:44:06 ERROR   java.util.concurrent.TimeoutException: Task exceeded the configured execution_timeout of 3600s
                       	at org.apache.airflow.executors.TaskRunner.enforceTimeout(...)
2026-05-17 08:44:08 ERROR [revenue_reporting.build_dashboards_tbl] Task failed on attempt 1 (exit_code=1)",1,True,1
revenue_reporting,2026-05-17,build_dashboards_tbl,2026-05-17 08:47:26,2026-05-17 08:53:25,"2026-05-17 08:47:26 INFO  [revenue_reporting.build_dashboards_tbl] TaskInstance started — attempt 2
2026-05-17 08:47:28 INFO  Acquiring Spark session on job cluster (Photon enabled, DBR 15.4 LTS)
2026-05-17 08:47:31 INFO  Reading inputs from Unity Catalog main.curated.* 
2026-05-17 08:50:25 INFO  Stage 1 complete — input rows processed
2026-05-17 08:53:23 INFO  Writing output Delta table (MERGE) 
2026-05-17 08:53:25 INFO  [revenue_reporting.build_dashboards_tbl] Task completed successfully in 359s (exit_code=0)",2,True,0
user_segmentation,2026-05-17,load_activity,2026-05-17 09:06:20,2026-05-17 09:15:15,"2026-05-17 09:06:20 INFO  [user_segmentation.load_activity] TaskInstance started — attempt 1
2026-05-17 09:06:22 INFO  Acquiring Spark session on job cluster (Photon enabled, DBR 15.4 LTS)
2026-05-17 09:06:25 INFO  Reading inputs from Unity Catalog main.curated.* 
2026-05-17 09:10:47 INFO  Stage 1 running…
2026-05-17 09:15:12 ERROR TaskRunner: Task exceeded execution_timeout (3600s) and was terminated.
2026-05-17 09:15:13 ERROR   java.util.concurrent.TimeoutException: Task exceeded the configured execution_timeout of 3600s
                       	at org.apache.airflow.executors.TaskRunner.enforceTimeout(...)
2026-05-17 09:15:15 ERROR [user_segmentation.load_activity] Task failed on attempt 1 (exit_code=1)",1,True,1
user_segmentation,2026-05-17,load_activity,2026-05-17 09:18:55,2026-05-17 09:38:06,"2026-05-17 09:18:55 INFO  [user_segmentation.load_activity] TaskInstance started — attempt 2
2026-05-17 09:18:57 INFO  Acquiring Spark session on job cluster (Photon enabled, DBR 15.4 LTS)
2026-05-17 09:19:00 INFO  Reading inputs from Unity Catalog main.curated.* 
2026-05-17 09:28:30 INFO  Stage 1 complete — input rows processed
2026-05-17 09:38:04 INFO  Writing output Delta table (MERGE) 
2026-05-17 09:38:06 INFO  [user_segmentation.load_activity] Task completed successfully in 1151s (exit_code=0)",2,True,0
user_segmentation,2026-05-17,compute_rfm,2026-05-17 09:39:00,2026-05-17 09:41:32,"2026-05-17 09:39:00 INFO  [user_segmentation.compute_rfm] TaskInstance started — attempt 1
2026-05-17 09:39:02 INFO  Acquiring Spark session on job cluster (Photon enabled, DBR 15.4 LTS)
2026-05-17 09:39:05 INFO  Reading inputs from Unity Catalog main.curated.* 
2026-05-17 09:40:16 INFO  Stage 1 running…
2026-05-17 09:41:29 ERROR Executor: Exception in task 47.0 in stage 12.0 (TID 1893) java.lang.OutOfMemoryError: Java heap space
2026-05-17 09:41:30 ERROR   java.lang.OutOfMemoryError: Java heap space
                       	at org.apache.spark.sql.execution.aggregate.HashAggregateExec.doExecute(HashAggregateExec.scala:101)
                       	at org.apache.spark.sql.execution.exchange.ShuffleExchangeExec.prepareShuffleDependency(...)
                       	at org.apache.spark.scheduler.Task.run(Task.scala:139)
2026-05-17 09:41:32 ERROR [user_segmentation.compute_rfm] Task failed on attempt 1 (exit_code=1)",1,True,1
user_segmentation,2026-05-17,compute_rfm,2026-05-17 09:42:47,2026-05-17 09:46:58,"2026-05-17 09:42:47 INFO  [user_segmentation.compute_rfm] TaskInstance started — attempt 2
2026-05-17 09:42:49 INFO  Acquiring Spark session on job cluster (Photon enabled, DBR 15.4 LTS)
2026-05-17 09:42:52 INFO  Reading inputs from Unity Catalog main.curated.* 
2026-05-17 09:44:52 INFO  Stage 1 running…
2026-05-17 09:46:55 ERROR Executor: Exception in task 47.0 in stage 12.0 (TID 1893) java.lang.OutOfMemoryError: Java heap space
2026-05-17 09:46:56 ERROR   java.lang.OutOfMemoryError: Java heap space
                       	at org.apache.spark.sql.execution.aggregate.HashAggregateExec.doExecute(HashAggregateExec.scala:101)
                       	at org.apache.spark.sql.execution.exchange.ShuffleExchangeExec.prepareShuffleDependency(...)
                       	at org.apache.spark.scheduler.Task.run(Task.scala:139)
2026-05-17 09:46:58 ERROR [user_segmentation.compute_rfm] Task failed on attempt 2 (exit_code=1)",2,True,1
user_segmentation,2026-05-17,compute_rfm,2026-05-17 09:48:47,2026-05-17 10:05:35,"2026-05-17 09:48:47 INFO  [user_segmentation.compute_rfm] TaskInstance started — attempt 3
2026-05-17 09:48:49 INFO  Acquiring Spark session on job cluster (Photon enabled, DBR 15.4 LTS)
2026-05-17 09:48:52 INFO  Reading inputs from Unity Catalog main.curated.* 
2026-05-17 09:57:11 INFO  Stage 1 complete — input rows processed
2026-05-17 10:05:33 INFO  Writing output Delta table (MERGE) 
2026-05-17 10:05:35 INFO  [user_segmentation.compute_rfm] Task completed successfully in 1008s (exit_code=0)",3,True,0
user_segmentation,2026-05-17,assign_segments,2026-05-17 10:06:27,2026-05-17 10:11:35,"2026-05-17 10:06:27 INFO  [user_segmentation.assign_segments] TaskInstance started — attempt 1
2026-05-17 10:06:29 INFO  Acquiring Spark session on job cluster (Photon enabled, DBR 15.4 LTS)
2026-05-17 10:06:32 INFO  Reading inputs from Unity Catalog main.curated.* 
2026-05-17 10:09:01 INFO  Stage 1 complete — input rows processed
2026-05-17 10:11:33 INFO  Writing output Delta table (MERGE) 
2026-05-17 10:11:35 INFO  [user_segmentation.assign_segments] Task completed successfully in 308s (exit_code=0)",1,False,0
user_segmentation,2026-05-17,push_to_crm,2026-05-17 10:12:01,2026-05-17 10:27:24,"2026-05-17 10:12:01 INFO  [user_segmentation.push_to_crm] TaskInstance started — attempt 1
2026-05-17 10:12:03 INFO  Acquiring Spark session on job cluster (Photon enabled, DBR 15.4 LTS)
2026-05-17 10:12:06 INFO  Reading inputs from Unity Catalog main.curated.* 
2026-05-17 10:19:42 INFO  Stage 1 complete — input rows processed
2026-05-17 10:27:22 INFO  Writing output Delta table (MERGE) 
2026-05-17 10:27:24 INFO  [user_segmentation.push_to_crm] Task completed successfully in 923s (exit_code=0)",1,False,0
daily_sales_etl,2026-05-18,extract_orders,2026-05-18 02:01:16,2026-05-18 02:15:04,"2026-05-18 02:01:16 INFO  [daily_sales_etl.extract_orders] TaskInstance started — attempt 1
2026-05-18 02:01:18 INFO  Acquiring Spark session on job cluster (Photon enabled, DBR 15.4 LTS)
2026-05-18 02:01:21 INFO  Reading inputs from Unity Catalog main.curated.* 
2026-05-18 02:08:10 INFO  Stage 1 complete — input rows processed
2026-05-18 02:15:02 INFO  Writing output Delta table (MERGE) 
2026-05-18 02:15:04 INFO  [daily_sales_etl.extract_orders] Task completed successfully in 828s (exit_code=0)",1,False,0
daily_sales_etl,2026-05-18,extract_returns,2026-05-18 02:15:28,2026-05-18 02:18:35,"2026-05-18 02:15:28 INFO  [daily_sales_etl.extract_returns] TaskInstance started — attempt 1
2026-05-18 02:15:30 INFO  Acquiring Spark session on job cluster (Photon enabled, DBR 15.4 LTS)
2026-05-18 02:15:33 INFO  Reading inputs from Unity Catalog main.curated.* 
2026-05-18 02:17:01 INFO  Stage 1 complete — input rows processed
2026-05-18 02:18:33 INFO  Writing output Delta table (MERGE) 
2026-05-18 02:18:35 INFO  [daily_sales_etl.extract_returns] Task completed successfully in 187s (exit_code=0)",1,False,0
daily_sales_etl,2026-05-18,transform_sales,2026-05-18 02:19:18,2026-05-18 02:43:56,"2026-05-18 02:19:18 INFO  [daily_sales_etl.transform_sales] TaskInstance started — attempt 1
2026-05-18 02:19:20 INFO  Acquiring Spark session on job cluster (Photon enabled, DBR 15.4 LTS)
2026-05-18 02:19:23 INFO  Reading inputs from Unity Catalog main.curated.* 
2026-05-18 02:31:37 INFO  Stage 1 complete — input rows processed
2026-05-18 02:43:54 INFO  Writing output Delta table (MERGE) 
2026-05-18 02:43:56 INFO  [daily_sales_etl.transform_sales] Task completed successfully in 1478s (exit_code=0)",1,False,0
daily_sales_etl,2026-05-18,dq_check_sales,2026-05-18 02:44:05,2026-05-18 02:47:54,"2026-05-18 02:44:05 INFO  [daily_sales_etl.dq_check_sales] TaskInstance started — attempt 1
2026-05-18 02:44:07 INFO  Acquiring Spark session on job cluster (Photon enabled, DBR 15.4 LTS)
2026-05-18 02:44:10 INFO  Reading inputs from Unity Catalog main.curated.* 
2026-05-18 02:45:59 INFO  Stage 1 complete — input rows processed
2026-05-18 02:47:52 INFO  Writing output Delta table (MERGE) 
2026-05-18 02:47:54 INFO  [daily_sales_etl.dq_check_sales] Task completed successfully in 229s (exit_code=0)",1,False,0
daily_sales_etl,2026-05-18,load_fact_sales,2026-05-18 02:48:05,2026-05-18 03:07:18,"2026-05-18 02:48:05 INFO  [daily_sales_etl.load_fact_sales] TaskInstance started — attempt 1
2026-05-18 02:48:07 INFO  Acquiring Spark session on job cluster (Photon enabled, DBR 15.4 LTS)
2026-05-18 02:48:10 INFO  Reading inputs from Unity Catalog main.curated.* 
2026-05-18 02:57:41 INFO  Stage 1 complete — input rows processed
2026-05-18 03:07:16 INFO  Writing output Delta table (MERGE) 
2026-05-18 03:07:18 INFO  [daily_sales_etl.load_fact_sales] Task completed successfully in 1153s (exit_code=0)",1,False,0
customer_360_pipeline,2026-05-18,ingest_crm,2026-05-18 01:30:49,2026-05-18 01:42:23,"2026-05-18 01:30:49 INFO  [customer_360_pipeline.ingest_crm] TaskInstance started — attempt 1
2026-05-18 01:30:51 INFO  Acquiring Spark session on job cluster (Photon enabled, DBR 15.4 LTS)
2026-05-18 01:30:54 INFO  Reading inputs from Unity Catalog main.curated.* 
2026-05-18 01:36:36 INFO  Stage 1 complete — input rows processed
2026-05-18 01:42:21 INFO  Writing output Delta table (MERGE) 
2026-05-18 01:42:23 INFO  [customer_360_pipeline.ingest_crm] Task completed successfully in 694s (exit_code=0)",1,False,0
customer_360_pipeline,2026-05-18,ingest_web_events,2026-05-18 01:43:20,2026-05-18 02:03:10,"2026-05-18 01:43:20 INFO  [customer_360_pipeline.ingest_web_events] TaskInstance started — attempt 1
2026-05-18 01:43:22 INFO  Acquiring Spark session on job cluster (Photon enabled, DBR 15.4 LTS)
2026-05-18 01:43:25 INFO  Reading inputs from Unity Catalog main.curated.* 
2026-05-18 01:53:15 INFO  Stage 1 complete — input rows processed
2026-05-18 02:03:08 INFO  Writing output Delta table (MERGE) 
2026-05-18 02:03:10 INFO  [customer_360_pipeline.ingest_web_events] Task completed successfully in 1190s (exit_code=0)",1,False,0
customer_360_pipeline,2026-05-18,resolve_identity,2026-05-18 02:03:46,2026-05-18 02:10:56,"2026-05-18 02:03:46 INFO  [customer_360_pipeline.resolve_identity] TaskInstance started — attempt 1
2026-05-18 02:03:48 INFO  Acquiring Spark session on job cluster (Photon enabled, DBR 15.4 LTS)
2026-05-18 02:03:51 INFO  Reading inputs from Unity Catalog main.curated.* 
2026-05-18 02:07:21 INFO  Stage 1 running…
2026-05-18 02:10:53 ERROR ShuffleBlockFetcherIterator: Failed to fetch shuffle block from a lost executor.
2026-05-18 02:10:54 ERROR   org.apache.spark.shuffle.FetchFailedException: Failed to connect to executor-7.cluster:35421
                       	at org.apache.spark.storage.ShuffleBlockFetcherIterator.throwFetchFailedException(...)
                       	at org.apache.spark.scheduler.ShuffleMapTask.runTask(ShuffleMapTask.scala:99)
2026-05-18 02:10:56 ERROR [customer_360_pipeline.resolve_identity] Task failed on attempt 1 (exit_code=1)",1,True,1
customer_360_pipeline,2026-05-18,resolve_identity,2026-05-18 02:12:56,2026-05-18 02:22:10,"2026-05-18 02:12:56 INFO  [customer_360_pipeline.resolve_identity] TaskInstance started — attempt 2
2026-05-18 02:12:58 INFO  Acquiring Spark session on job cluster (Photon enabled, DBR 15.4 LTS)
2026-05-18 02:13:01 INFO  Reading inputs from Unity Catalog main.curated.* 
2026-05-18 02:17:33 INFO  Stage 1 complete — input rows processed
2026-05-18 02:22:08 INFO  Writing output Delta table (MERGE) 
2026-05-18 02:22:10 INFO  [customer_360_pipeline.resolve_identity] Task completed successfully in 554s (exit_code=0)",2,True,0
customer_360_pipeline,2026-05-18,build_profiles,2026-05-18 02:22:35,2026-05-18 02:36:29,"2026-05-18 02:22:35 INFO  [customer_360_pipeline.build_profiles] TaskInstance started — attempt 1
2026-05-18 02:22:37 INFO  Acquiring Spark session on job cluster (Photon enabled, DBR 15.4 LTS)
2026-05-18 02:22:40 INFO  Reading inputs from Unity Catalog main.curated.* 
2026-05-18 02:29:32 INFO  Stage 1 complete — input rows processed
2026-05-18 02:36:27 INFO  Writing output Delta table (MERGE) 
2026-05-18 02:36:29 INFO  [customer_360_pipeline.build_profiles] Task completed successfully in 834s (exit_code=0)",1,False,0
customer_360_pipeline,2026-05-18,publish_features,2026-05-18 02:37:24,2026-05-18 03:00:44,"2026-05-18 02:37:24 INFO  [customer_360_pipeline.publish_features] TaskInstance started — attempt 1
2026-05-18 02:37:26 INFO  Acquiring Spark session on job cluster (Photon enabled, DBR 15.4 LTS)
2026-05-18 02:37:29 INFO  Reading inputs from Unity Catalog main.curated.* 
2026-05-18 02:49:04 INFO  Stage 1 complete — input rows processed
2026-05-18 03:00:42 INFO  Writing output Delta table (MERGE) 
2026-05-18 03:00:44 INFO  [customer_360_pipeline.publish_features] Task completed successfully in 1400s (exit_code=0)",1,False,0
inventory_sync,2026-05-18,pull_warehouse_api,2026-05-18 03:12:48,2026-05-18 03:19:30,"2026-05-18 03:12:48 INFO  [inventory_sync.pull_warehouse_api] TaskInstance started — attempt 1
2026-05-18 03:12:50 INFO  Acquiring Spark session on job cluster (Photon enabled, DBR 15.4 LTS)
2026-05-18 03:12:53 INFO  Reading inputs from Unity Catalog main.curated.* 
2026-05-18 03:16:09 INFO  Stage 1 running…
2026-05-18 03:19:27 ERROR Executor: Exception in task 47.0 in stage 12.0 (TID 1893) java.lang.OutOfMemoryError: Java heap space
2026-05-18 03:19:28 ERROR   java.lang.OutOfMemoryError: Java heap space
                       	at org.apache.spark.sql.execution.aggregate.HashAggregateExec.doExecute(HashAggregateExec.scala:101)
                       	at org.apache.spark.sql.execution.exchange.ShuffleExchangeExec.prepareShuffleDependency(...)
                       	at org.apache.spark.scheduler.Task.run(Task.scala:139)
2026-05-18 03:19:30 ERROR [inventory_sync.pull_warehouse_api] Task failed on attempt 1 (exit_code=1)",1,True,1
inventory_sync,2026-05-18,pull_warehouse_api,2026-05-18 03:22:49,2026-05-18 03:27:35,"2026-05-18 03:22:49 INFO  [inventory_sync.pull_warehouse_api] TaskInstance started — attempt 2
2026-05-18 03:22:51 INFO  Acquiring Spark session on job cluster (Photon enabled, DBR 15.4 LTS)
2026-05-18 03:22:54 INFO  Reading inputs from Unity Catalog main.curated.* 
2026-05-18 03:25:12 INFO  Stage 1 running…
2026-05-18 03:27:32 ERROR Executor: Exception in task 47.0 in stage 12.0 (TID 1893) java.lang.OutOfMemoryError: Java heap space
2026-05-18 03:27:33 ERROR   java.lang.OutOfMemoryError: Java heap space
                       	at org.apache.spark.sql.execution.aggregate.HashAggregateExec.doExecute(HashAggregateExec.scala:101)
                       	at org.apache.spark.sql.execution.exchange.ShuffleExchangeExec.prepareShuffleDependency(...)
                       	at org.apache.spark.scheduler.Task.run(Task.scala:139)
2026-05-18 03:27:35 ERROR [inventory_sync.pull_warehouse_api] Task failed on attempt 2 (exit_code=1)",2,True,1
inventory_sync,2026-05-18,pull_warehouse_api,2026-05-18 03:29:16,2026-05-18 03:46:11,"2026-05-18 03:29:16 INFO  [inventory_sync.pull_warehouse_api] TaskInstance started — attempt 3
2026-05-18 03:29:18 INFO  Acquiring Spark session on job cluster (Photon enabled, DBR 15.4 LTS)
2026-05-18 03:29:21 INFO  Reading inputs from Unity Catalog main.curated.* 
2026-05-18 03:37:43 INFO  Stage 1 complete — input rows processed
2026-05-18 03:46:09 INFO  Writing output Delta table (MERGE) 
2026-05-18 03:46:11 INFO  [inventory_sync.pull_warehouse_api] Task completed successfully in 1015s (exit_code=0)",3,True,0
inventory_sync,2026-05-18,normalize_sku,2026-05-18 03:46:43,2026-05-18 03:53:18,"2026-05-18 03:46:43 INFO  [inventory_sync.normalize_sku] TaskInstance started — attempt 1
2026-05-18 03:46:45 INFO  Acquiring Spark session on job cluster (Photon enabled, DBR 15.4 LTS)
2026-05-18 03:46:48 INFO  Reading inputs from Unity Catalog main.curated.* 
2026-05-18 03:50:00 INFO  Stage 1 complete — input rows processed
2026-05-18 03:53:16 INFO  Writing output Delta table (MERGE) 
2026-05-18 03:53:18 INFO  [inventory_sync.normalize_sku] Task completed successfully in 395s (exit_code=0)",1,False,0
inventory_sync,2026-05-18,reconcile_stock,2026-05-18 03:53:39,2026-05-18 04:17:58,"2026-05-18 03:53:39 INFO  [inventory_sync.reconcile_stock] TaskInstance started — attempt 1
2026-05-18 03:53:41 INFO  Acquiring Spark session on job cluster (Photon enabled, DBR 15.4 LTS)
2026-05-18 03:53:44 INFO  Reading inputs from Unity Catalog main.curated.* 
2026-05-18 04:05:48 INFO  Stage 1 complete — input rows processed
2026-05-18 04:17:56 INFO  Writing output Delta table (MERGE) 
2026-05-18 04:17:58 INFO  [inventory_sync.reconcile_stock] Task completed successfully in 1459s (exit_code=0)",1,False,0
inventory_sync,2026-05-18,write_delta,2026-05-18 04:18:09,2026-05-18 04:35:31,"2026-05-18 04:18:09 INFO  [inventory_sync.write_delta] TaskInstance started — attempt 1
2026-05-18 04:18:11 INFO  Acquiring Spark session on job cluster (Photon enabled, DBR 15.4 LTS)
2026-05-18 04:18:14 INFO  Reading inputs from Unity Catalog main.curated.* 
2026-05-18 04:26:50 INFO  Stage 1 complete — input rows processed
2026-05-18 04:35:29 INFO  Writing output Delta table (MERGE) 
2026-05-18 04:35:31 INFO  [inventory_sync.write_delta] Task completed successfully in 1042s (exit_code=0)",1,False,0
marketing_attribution,2026-05-18,load_ad_spend,2026-05-18 04:14:11,2026-05-18 04:31:24,"2026-05-18 04:14:11 INFO  [marketing_attribution.load_ad_spend] TaskInstance started — attempt 1
2026-05-18 04:14:13 INFO  Acquiring Spark session on job cluster (Photon enabled, DBR 15.4 LTS)
2026-05-18 04:14:16 INFO  Reading inputs from Unity Catalog main.curated.* 
2026-05-18 04:22:47 INFO  Stage 1 complete — input rows processed
2026-05-18 04:31:22 INFO  Writing output Delta table (MERGE) 
2026-05-18 04:31:24 INFO  [marketing_attribution.load_ad_spend] Task completed successfully in 1033s (exit_code=0)",1,False,0
marketing_attribution,2026-05-18,load_conversions,2026-05-18 04:32:12,2026-05-18 04:43:13,"2026-05-18 04:32:12 INFO  [marketing_attribution.load_conversions] TaskInstance started — attempt 1
2026-05-18 04:32:14 INFO  Acquiring Spark session on job cluster (Photon enabled, DBR 15.4 LTS)
2026-05-18 04:32:17 INFO  Reading inputs from Unity Catalog main.curated.* 
2026-05-18 04:37:42 INFO  Stage 1 complete — input rows processed
2026-05-18 04:43:11 INFO  Writing output Delta table (MERGE) 
2026-05-18 04:43:13 INFO  [marketing_attribution.load_conversions] Task completed successfully in 661s (exit_code=0)",1,False,0
marketing_attribution,2026-05-18,join_touchpoints,2026-05-18 04:44:12,2026-05-18 04:51:20,"2026-05-18 04:44:12 INFO  [marketing_attribution.join_touchpoints] TaskInstance started — attempt 1
2026-05-18 04:44:14 INFO  Acquiring Spark session on job cluster (Photon enabled, DBR 15.4 LTS)
2026-05-18 04:44:17 INFO  Reading inputs from Unity Catalog main.curated.* 
2026-05-18 04:47:46 INFO  Stage 1 complete — input rows processed
2026-05-18 04:51:18 INFO  Writing output Delta table (MERGE) 
2026-05-18 04:51:20 INFO  [marketing_attribution.join_touchpoints] Task completed successfully in 428s (exit_code=0)",1,False,0
marketing_attribution,2026-05-18,attribute_revenue,2026-05-18 04:51:43,2026-05-18 05:04:44,"2026-05-18 04:51:43 INFO  [marketing_attribution.attribute_revenue] TaskInstance started — attempt 1
2026-05-18 04:51:45 INFO  Acquiring Spark session on job cluster (Photon enabled, DBR 15.4 LTS)
2026-05-18 04:51:48 INFO  Reading inputs from Unity Catalog main.curated.* 
2026-05-18 04:58:13 INFO  Stage 1 complete — input rows processed
2026-05-18 05:04:42 INFO  Writing output Delta table (MERGE) 
2026-05-18 05:04:44 INFO  [marketing_attribution.attribute_revenue] Task completed successfully in 781s (exit_code=0)",1,False,0
finance_reconciliation,2026-05-18,extract_ledger,2026-05-18 05:11:16,2026-05-18 05:21:03,"2026-05-18 05:11:16 INFO  [finance_reconciliation.extract_ledger] TaskInstance started — attempt 1
2026-05-18 05:11:18 INFO  Acquiring Spark session on job cluster (Photon enabled, DBR 15.4 LTS)
2026-05-18 05:11:21 INFO  Reading inputs from Unity Catalog main.curated.* 
2026-05-18 05:16:09 INFO  Stage 1 complete — input rows processed
2026-05-18 05:21:01 INFO  Writing output Delta table (MERGE) 
2026-05-18 05:21:03 INFO  [finance_reconciliation.extract_ledger] Task completed successfully in 587s (exit_code=0)",1,False,0
finance_reconciliation,2026-05-18,extract_payments,2026-05-18 05:21:19,2026-05-18 05:32:41,"2026-05-18 05:21:19 INFO  [finance_reconciliation.extract_payments] TaskInstance started — attempt 1
2026-05-18 05:21:21 INFO  Acquiring Spark session on job cluster (Photon enabled, DBR 15.4 LTS)
2026-05-18 05:21:24 INFO  Reading inputs from Unity Catalog main.curated.* 
2026-05-18 05:27:00 INFO  Stage 1 complete — input rows processed
2026-05-18 05:32:39 INFO  Writing output Delta table (MERGE) 
2026-05-18 05:32:41 INFO  [finance_reconciliation.extract_payments] Task completed successfully in 682s (exit_code=0)",1,False,0
finance_reconciliation,2026-05-18,reconcile,2026-05-18 05:33:04,2026-05-18 05:55:48,"2026-05-18 05:33:04 INFO  [finance_reconciliation.reconcile] TaskInstance started — attempt 1
2026-05-18 05:33:06 INFO  Acquiring Spark session on job cluster (Photon enabled, DBR 15.4 LTS)
2026-05-18 05:33:09 INFO  Reading inputs from Unity Catalog main.curated.* 
2026-05-18 05:44:26 INFO  Stage 1 complete — input rows processed
2026-05-18 05:55:46 INFO  Writing output Delta table (MERGE) 
2026-05-18 05:55:48 INFO  [finance_reconciliation.reconcile] Task completed successfully in 1364s (exit_code=0)",1,False,0
finance_reconciliation,2026-05-18,gl_validation,2026-05-18 05:55:57,2026-05-18 06:12:28,"2026-05-18 05:55:57 INFO  [finance_reconciliation.gl_validation] TaskInstance started — attempt 1
2026-05-18 05:55:59 INFO  Acquiring Spark session on job cluster (Photon enabled, DBR 15.4 LTS)
2026-05-18 05:56:02 INFO  Reading inputs from Unity Catalog main.curated.* 
2026-05-18 06:04:12 INFO  Stage 1 complete — input rows processed
2026-05-18 06:12:26 INFO  Writing output Delta table (MERGE) 
2026-05-18 06:12:28 INFO  [finance_reconciliation.gl_validation] Task completed successfully in 991s (exit_code=0)",1,False,0
finance_reconciliation,2026-05-18,export_report,2026-05-18 06:12:48,2026-05-18 06:33:07,"2026-05-18 06:12:48 INFO  [finance_reconciliation.export_report] TaskInstance started — attempt 1
2026-05-18 06:12:50 INFO  Acquiring Spark session on job cluster (Photon enabled, DBR 15.4 LTS)
2026-05-18 06:12:53 INFO  Reading inputs from Unity Catalog main.curated.* 
2026-05-18 06:22:57 INFO  Stage 1 complete — input rows processed
2026-05-18 06:33:05 INFO  Writing output Delta table (MERGE) 
2026-05-18 06:33:07 INFO  [finance_reconciliation.export_report] Task completed successfully in 1219s (exit_code=0)",1,False,0
clickstream_ingest,2026-05-18,read_kafka_offsets,2026-05-18 00:25:06,2026-05-18 00:29:21,"2026-05-18 00:25:06 INFO  [clickstream_ingest.read_kafka_offsets] TaskInstance started — attempt 1
2026-05-18 00:25:08 INFO  Acquiring Spark session on job cluster (Photon enabled, DBR 15.4 LTS)
2026-05-18 00:25:11 INFO  Reading inputs from Unity Catalog main.curated.* 
2026-05-18 00:27:13 INFO  Stage 1 complete — input rows processed
2026-05-18 00:29:19 INFO  Writing output Delta table (MERGE) 
2026-05-18 00:29:21 INFO  [clickstream_ingest.read_kafka_offsets] Task completed successfully in 255s (exit_code=0)",1,False,0
clickstream_ingest,2026-05-18,parse_events,2026-05-18 00:29:56,2026-05-18 00:40:49,"2026-05-18 00:29:56 INFO  [clickstream_ingest.parse_events] TaskInstance started — attempt 1
2026-05-18 00:29:58 INFO  Acquiring Spark session on job cluster (Photon enabled, DBR 15.4 LTS)
2026-05-18 00:30:01 INFO  Reading inputs from Unity Catalog main.curated.* 
2026-05-18 00:35:22 INFO  Stage 1 complete — input rows processed
2026-05-18 00:40:47 INFO  Writing output Delta table (MERGE) 
2026-05-18 00:40:49 INFO  [clickstream_ingest.parse_events] Task completed successfully in 653s (exit_code=0)",1,False,0
clickstream_ingest,2026-05-18,sessionize,2026-05-18 00:41:17,2026-05-18 00:45:39,"2026-05-18 00:41:17 INFO  [clickstream_ingest.sessionize] TaskInstance started — attempt 1
2026-05-18 00:41:19 INFO  Acquiring Spark session on job cluster (Photon enabled, DBR 15.4 LTS)
2026-05-18 00:41:22 INFO  Reading inputs from Unity Catalog main.curated.* 
2026-05-18 00:43:28 INFO  Stage 1 complete — input rows processed
2026-05-18 00:45:37 INFO  Writing output Delta table (MERGE) 
2026-05-18 00:45:39 INFO  [clickstream_ingest.sessionize] Task completed successfully in 262s (exit_code=0)",1,False,0
clickstream_ingest,2026-05-18,write_bronze,2026-05-18 00:45:58,2026-05-18 00:51:08,"2026-05-18 00:45:58 INFO  [clickstream_ingest.write_bronze] TaskInstance started — attempt 1
2026-05-18 00:46:00 INFO  Acquiring Spark session on job cluster (Photon enabled, DBR 15.4 LTS)
2026-05-18 00:46:03 INFO  Reading inputs from Unity Catalog main.curated.* 
2026-05-18 00:48:33 INFO  Stage 1 running…
2026-05-18 00:51:05 ERROR JDBCRDD: Connection timed out after 30000ms while reading from source DB.
2026-05-18 00:51:06 ERROR   java.sql.SQLTransientConnectionException: HikariPool-1 - Connection is not available, request timed out after 30000ms
                       	at com.zaxxer.hikari.pool.HikariPool.getConnection(HikariPool.java:213)
                       	at org.apache.spark.sql.execution.datasources.jdbc.JDBCRDD.compute(...)
2026-05-18 00:51:08 ERROR [clickstream_ingest.write_bronze] Task failed on attempt 1 (exit_code=1)",1,True,1
clickstream_ingest,2026-05-18,write_bronze,2026-05-18 00:54:19,2026-05-18 01:01:23,"2026-05-18 00:54:19 INFO  [clickstream_ingest.write_bronze] TaskInstance started — attempt 2
2026-05-18 00:54:21 INFO  Acquiring Spark session on job cluster (Photon enabled, DBR 15.4 LTS)
2026-05-18 00:54:24 INFO  Reading inputs from Unity Catalog main.curated.* 
2026-05-18 00:57:51 INFO  Stage 1 complete — input rows processed
2026-05-18 01:01:21 INFO  Writing output Delta table (MERGE) 
2026-05-18 01:01:23 INFO  [clickstream_ingest.write_bronze] Task completed successfully in 424s (exit_code=0)",2,True,0
clickstream_ingest,2026-05-18,write_silver,2026-05-18 01:02:23,2026-05-18 01:11:27,"2026-05-18 01:02:23 INFO  [clickstream_ingest.write_silver] TaskInstance started — attempt 1
2026-05-18 01:02:25 INFO  Acquiring Spark session on job cluster (Photon enabled, DBR 15.4 LTS)
2026-05-18 01:02:28 INFO  Reading inputs from Unity Catalog main.curated.* 
2026-05-18 01:06:55 INFO  Stage 1 complete — input rows processed
2026-05-18 01:11:25 INFO  Writing output Delta table (MERGE) 
2026-05-18 01:11:27 INFO  [clickstream_ingest.write_silver] Task completed successfully in 544s (exit_code=0)",1,False,0
ml_feature_store,2026-05-18,fetch_training_data,2026-05-18 06:24:49,2026-05-18 06:28:01,"2026-05-18 06:24:49 INFO  [ml_feature_store.fetch_training_data] TaskInstance started — attempt 1
2026-05-18 06:24:51 INFO  Acquiring Spark session on job cluster (Photon enabled, DBR 15.4 LTS)
2026-05-18 06:24:54 INFO  Reading inputs from Unity Catalog main.curated.* 
2026-05-18 06:26:25 INFO  Stage 1 complete — input rows processed
2026-05-18 06:27:59 INFO  Writing output Delta table (MERGE) 
2026-05-18 06:28:01 INFO  [ml_feature_store.fetch_training_data] Task completed successfully in 192s (exit_code=0)",1,False,0
ml_feature_store,2026-05-18,compute_features,2026-05-18 06:28:44,2026-05-18 06:52:53,"2026-05-18 06:28:44 INFO  [ml_feature_store.compute_features] TaskInstance started — attempt 1
2026-05-18 06:28:46 INFO  Acquiring Spark session on job cluster (Photon enabled, DBR 15.4 LTS)
2026-05-18 06:28:49 INFO  Reading inputs from Unity Catalog main.curated.* 
2026-05-18 06:40:48 INFO  Stage 1 complete — input rows processed
2026-05-18 06:52:51 INFO  Writing output Delta table (MERGE) 
2026-05-18 06:52:53 INFO  [ml_feature_store.compute_features] Task completed successfully in 1449s (exit_code=0)",1,False,0
ml_feature_store,2026-05-18,validate_features,2026-05-18 06:53:00,2026-05-18 07:08:35,"2026-05-18 06:53:00 INFO  [ml_feature_store.validate_features] TaskInstance started — attempt 1
2026-05-18 06:53:02 INFO  Acquiring Spark session on job cluster (Photon enabled, DBR 15.4 LTS)
2026-05-18 06:53:05 INFO  Reading inputs from Unity Catalog main.curated.* 
2026-05-18 07:00:47 INFO  Stage 1 complete — input rows processed
2026-05-18 07:08:33 INFO  Writing output Delta table (MERGE) 
2026-05-18 07:08:35 INFO  [ml_feature_store.validate_features] Task completed successfully in 935s (exit_code=0)",1,False,0
ml_feature_store,2026-05-18,materialize_online,2026-05-18 07:08:42,2026-05-18 07:18:39,"2026-05-18 07:08:42 INFO  [ml_feature_store.materialize_online] TaskInstance started — attempt 1
2026-05-18 07:08:44 INFO  Acquiring Spark session on job cluster (Photon enabled, DBR 15.4 LTS)
2026-05-18 07:08:47 INFO  Reading inputs from Unity Catalog main.curated.* 
2026-05-18 07:13:40 INFO  Stage 1 complete — input rows processed
2026-05-18 07:18:37 INFO  Writing output Delta table (MERGE) 
2026-05-18 07:18:39 INFO  [ml_feature_store.materialize_online] Task completed successfully in 597s (exit_code=0)",1,False,0
data_quality_checks,2026-05-18,load_snapshots,2026-05-18 07:19:46,2026-05-18 07:29:42,"2026-05-18 07:19:46 INFO  [data_quality_checks.load_snapshots] TaskInstance started — attempt 1
2026-05-18 07:19:48 INFO  Acquiring Spark session on job cluster (Photon enabled, DBR 15.4 LTS)
2026-05-18 07:19:51 INFO  Reading inputs from Unity Catalog main.curated.* 
2026-05-18 07:24:44 INFO  Stage 1 complete — input rows processed
2026-05-18 07:29:40 INFO  Writing output Delta table (MERGE) 
2026-05-18 07:29:42 INFO  [data_quality_checks.load_snapshots] Task completed successfully in 596s (exit_code=0)",1,False,0
data_quality_checks,2026-05-18,run_expectations,2026-05-18 07:30:39,2026-05-18 07:44:49,"2026-05-18 07:30:39 INFO  [data_quality_checks.run_expectations] TaskInstance started — attempt 1
2026-05-18 07:30:41 INFO  Acquiring Spark session on job cluster (Photon enabled, DBR 15.4 LTS)
2026-05-18 07:30:44 INFO  Reading inputs from Unity Catalog main.curated.* 
2026-05-18 07:37:44 INFO  Stage 1 complete — input rows processed
2026-05-18 07:44:47 INFO  Writing output Delta table (MERGE) 
2026-05-18 07:44:49 INFO  [data_quality_checks.run_expectations] Task completed successfully in 850s (exit_code=0)",1,False,0
data_quality_checks,2026-05-18,summarize_results,2026-05-18 07:45:17,2026-05-18 07:54:36,"2026-05-18 07:45:17 INFO  [data_quality_checks.summarize_results] TaskInstance started — attempt 1
2026-05-18 07:45:19 INFO  Acquiring Spark session on job cluster (Photon enabled, DBR 15.4 LTS)
2026-05-18 07:45:22 INFO  Reading inputs from Unity Catalog main.curated.* 
2026-05-18 07:49:56 INFO  Stage 1 complete — input rows processed
2026-05-18 07:54:34 INFO  Writing output Delta table (MERGE) 
2026-05-18 07:54:36 INFO  [data_quality_checks.summarize_results] Task completed successfully in 559s (exit_code=0)",1,False,0
revenue_reporting,2026-05-18,aggregate_daily_revenue,2026-05-18 08:06:02,2026-05-18 08:27:44,"2026-05-18 08:06:02 INFO  [revenue_reporting.aggregate_daily_revenue] TaskInstance started — attempt 1
2026-05-18 08:06:04 INFO  Acquiring Spark session on job cluster (Photon enabled, DBR 15.4 LTS)
2026-05-18 08:06:07 INFO  Reading inputs from Unity Catalog main.curated.* 
2026-05-18 08:16:53 INFO  Stage 1 complete — input rows processed
2026-05-18 08:27:42 INFO  Writing output Delta table (MERGE) 
2026-05-18 08:27:44 INFO  [revenue_reporting.aggregate_daily_revenue] Task completed successfully in 1302s (exit_code=0)",1,False,0
revenue_reporting,2026-05-18,currency_convert,2026-05-18 08:28:15,2026-05-18 08:34:42,"2026-05-18 08:28:15 INFO  [revenue_reporting.currency_convert] TaskInstance started — attempt 1
2026-05-18 08:28:17 INFO  Acquiring Spark session on job cluster (Photon enabled, DBR 15.4 LTS)
2026-05-18 08:28:20 INFO  Reading inputs from Unity Catalog main.curated.* 
2026-05-18 08:31:28 INFO  Stage 1 complete — input rows processed
2026-05-18 08:34:40 INFO  Writing output Delta table (MERGE) 
2026-05-18 08:34:42 INFO  [revenue_reporting.currency_convert] Task completed successfully in 387s (exit_code=0)",1,False,0
revenue_reporting,2026-05-18,build_dashboards_tbl,2026-05-18 08:35:29,2026-05-18 08:57:15,"2026-05-18 08:35:29 INFO  [revenue_reporting.build_dashboards_tbl] TaskInstance started — attempt 1
2026-05-18 08:35:31 INFO  Acquiring Spark session on job cluster (Photon enabled, DBR 15.4 LTS)
2026-05-18 08:35:34 INFO  Reading inputs from Unity Catalog main.curated.* 
2026-05-18 08:46:22 INFO  Stage 1 complete — input rows processed
2026-05-18 08:57:13 INFO  Writing output Delta table (MERGE) 
2026-05-18 08:57:15 INFO  [revenue_reporting.build_dashboards_tbl] Task completed successfully in 1306s (exit_code=0)",1,False,0
user_segmentation,2026-05-18,load_activity,2026-05-18 09:02:41,2026-05-18 09:14:56,"2026-05-18 09:02:41 INFO  [user_segmentation.load_activity] TaskInstance started — attempt 1
2026-05-18 09:02:43 INFO  Acquiring Spark session on job cluster (Photon enabled, DBR 15.4 LTS)
2026-05-18 09:02:46 INFO  Reading inputs from Unity Catalog main.curated.* 
2026-05-18 09:08:48 INFO  Stage 1 complete — input rows processed
2026-05-18 09:14:54 INFO  Writing output Delta table (MERGE) 
2026-05-18 09:14:56 INFO  [user_segmentation.load_activity] Task completed successfully in 735s (exit_code=0)",1,False,0
user_segmentation,2026-05-18,compute_rfm,2026-05-18 09:15:19,2026-05-18 09:28:48,"2026-05-18 09:15:19 INFO  [user_segmentation.compute_rfm] TaskInstance started — attempt 1
2026-05-18 09:15:21 INFO  Acquiring Spark session on job cluster (Photon enabled, DBR 15.4 LTS)
2026-05-18 09:15:24 INFO  Reading inputs from Unity Catalog main.curated.* 
2026-05-18 09:22:03 INFO  Stage 1 complete — input rows processed
2026-05-18 09:28:46 INFO  Writing output Delta table (MERGE) 
2026-05-18 09:28:48 INFO  [user_segmentation.compute_rfm] Task completed successfully in 809s (exit_code=0)",1,False,0
user_segmentation,2026-05-18,assign_segments,2026-05-18 09:28:56,2026-05-18 09:42:35,"2026-05-18 09:28:56 INFO  [user_segmentation.assign_segments] TaskInstance started — attempt 1
2026-05-18 09:28:58 INFO  Acquiring Spark session on job cluster (Photon enabled, DBR 15.4 LTS)
2026-05-18 09:29:01 INFO  Reading inputs from Unity Catalog main.curated.* 
2026-05-18 09:35:45 INFO  Stage 1 complete — input rows processed
2026-05-18 09:42:33 INFO  Writing output Delta table (MERGE) 
2026-05-18 09:42:35 INFO  [user_segmentation.assign_segments] Task completed successfully in 819s (exit_code=0)",1,False,0
user_segmentation,2026-05-18,push_to_crm,2026-05-18 09:43:02,2026-05-18 10:00:10,"2026-05-18 09:43:02 INFO  [user_segmentation.push_to_crm] TaskInstance started — attempt 1
2026-05-18 09:43:04 INFO  Acquiring Spark session on job cluster (Photon enabled, DBR 15.4 LTS)
2026-05-18 09:43:07 INFO  Reading inputs from Unity Catalog main.curated.* 
2026-05-18 09:51:36 INFO  Stage 1 complete — input rows processed
2026-05-18 10:00:08 INFO  Writing output Delta table (MERGE) 
2026-05-18 10:00:10 INFO  [user_segmentation.push_to_crm] Task completed successfully in 1028s (exit_code=0)",1,False,0
daily_sales_etl,2026-05-19,extract_orders,2026-05-19 02:24:51,2026-05-19 02:34:34,"2026-05-19 02:24:51 INFO  [daily_sales_etl.extract_orders] TaskInstance started — attempt 1
2026-05-19 02:24:53 INFO  Acquiring Spark session on job cluster (Photon enabled, DBR 15.4 LTS)
2026-05-19 02:24:56 INFO  Reading inputs from Unity Catalog main.curated.* 
2026-05-19 02:29:42 INFO  Stage 1 complete — input rows processed
2026-05-19 02:34:32 INFO  Writing output Delta table (MERGE) 
2026-05-19 02:34:34 INFO  [daily_sales_etl.extract_orders] Task completed successfully in 583s (exit_code=0)",1,False,0
daily_sales_etl,2026-05-19,extract_returns,2026-05-19 02:35:04,2026-05-19 02:45:01,"2026-05-19 02:35:04 INFO  [daily_sales_etl.extract_returns] TaskInstance started — attempt 1
2026-05-19 02:35:06 INFO  Acquiring Spark session on job cluster (Photon enabled, DBR 15.4 LTS)
2026-05-19 02:35:09 INFO  Reading inputs from Unity Catalog main.curated.* 
2026-05-19 02:40:02 INFO  Stage 1 complete — input rows processed
2026-05-19 02:44:59 INFO  Writing output Delta table (MERGE) 
2026-05-19 02:45:01 INFO  [daily_sales_etl.extract_returns] Task completed successfully in 597s (exit_code=0)",1,False,0
daily_sales_etl,2026-05-19,transform_sales,2026-05-19 02:45:33,2026-05-19 02:53:53,"2026-05-19 02:45:33 INFO  [daily_sales_etl.transform_sales] TaskInstance started — attempt 1
2026-05-19 02:45:35 INFO  Acquiring Spark session on job cluster (Photon enabled, DBR 15.4 LTS)
2026-05-19 02:45:38 INFO  Reading inputs from Unity Catalog main.curated.* 
2026-05-19 02:49:43 INFO  Stage 1 complete — input rows processed
2026-05-19 02:53:51 INFO  Writing output Delta table (MERGE) 
2026-05-19 02:53:53 INFO  [daily_sales_etl.transform_sales] Task completed successfully in 500s (exit_code=0)",1,False,0
daily_sales_etl,2026-05-19,dq_check_sales,2026-05-19 02:54:50,2026-05-19 03:00:55,"2026-05-19 02:54:50 INFO  [daily_sales_etl.dq_check_sales] TaskInstance started — attempt 1
2026-05-19 02:54:52 INFO  Acquiring Spark session on job cluster (Photon enabled, DBR 15.4 LTS)
2026-05-19 02:54:55 INFO  Reading inputs from Unity Catalog main.curated.* 
2026-05-19 02:57:52 INFO  Stage 1 complete — input rows processed
2026-05-19 03:00:53 INFO  Writing output Delta table (MERGE) 
2026-05-19 03:00:55 INFO  [daily_sales_etl.dq_check_sales] Task completed successfully in 365s (exit_code=0)",1,False,0
daily_sales_etl,2026-05-19,load_fact_sales,2026-05-19 03:01:23,2026-05-19 03:20:06,"2026-05-19 03:01:23 INFO  [daily_sales_etl.load_fact_sales] TaskInstance started — attempt 1
2026-05-19 03:01:25 INFO  Acquiring Spark session on job cluster (Photon enabled, DBR 15.4 LTS)
2026-05-19 03:01:28 INFO  Reading inputs from Unity Catalog main.curated.* 
2026-05-19 03:10:44 INFO  Stage 1 complete — input rows processed
2026-05-19 03:20:04 INFO  Writing output Delta table (MERGE) 
2026-05-19 03:20:06 INFO  [daily_sales_etl.load_fact_sales] Task completed successfully in 1123s (exit_code=0)",1,False,0
customer_360_pipeline,2026-05-19,ingest_crm,2026-05-19 01:00:03,2026-05-19 01:24:55,"2026-05-19 01:00:03 INFO  [customer_360_pipeline.ingest_crm] TaskInstance started — attempt 1
2026-05-19 01:00:05 INFO  Acquiring Spark session on job cluster (Photon enabled, DBR 15.4 LTS)
2026-05-19 01:00:08 INFO  Reading inputs from Unity Catalog main.curated.* 
2026-05-19 01:12:29 INFO  Stage 1 complete — input rows processed
2026-05-19 01:24:53 INFO  Writing output Delta table (MERGE) 
2026-05-19 01:24:55 INFO  [customer_360_pipeline.ingest_crm] Task completed successfully in 1492s (exit_code=0)",1,False,0
customer_360_pipeline,2026-05-19,ingest_web_events,2026-05-19 01:25:25,2026-05-19 01:31:27,"2026-05-19 01:25:25 INFO  [customer_360_pipeline.ingest_web_events] TaskInstance started — attempt 1
2026-05-19 01:25:27 INFO  Acquiring Spark session on job cluster (Photon enabled, DBR 15.4 LTS)
2026-05-19 01:25:30 INFO  Reading inputs from Unity Catalog main.curated.* 
2026-05-19 01:28:26 INFO  Stage 1 complete — input rows processed
2026-05-19 01:31:25 INFO  Writing output Delta table (MERGE) 
2026-05-19 01:31:27 INFO  [customer_360_pipeline.ingest_web_events] Task completed successfully in 362s (exit_code=0)",1,False,0
customer_360_pipeline,2026-05-19,resolve_identity,2026-05-19 01:31:55,2026-05-19 01:52:08,"2026-05-19 01:31:55 INFO  [customer_360_pipeline.resolve_identity] TaskInstance started — attempt 1
2026-05-19 01:31:57 INFO  Acquiring Spark session on job cluster (Photon enabled, DBR 15.4 LTS)
2026-05-19 01:32:00 INFO  Reading inputs from Unity Catalog main.curated.* 
2026-05-19 01:42:01 INFO  Stage 1 complete — input rows processed
2026-05-19 01:52:06 INFO  Writing output Delta table (MERGE) 
2026-05-19 01:52:08 INFO  [customer_360_pipeline.resolve_identity] Task completed successfully in 1213s (exit_code=0)",1,False,0
customer_360_pipeline,2026-05-19,build_profiles,2026-05-19 01:52:35,2026-05-19 02:05:15,"2026-05-19 01:52:35 INFO  [customer_360_pipeline.build_profiles] TaskInstance started — attempt 1
2026-05-19 01:52:37 INFO  Acquiring Spark session on job cluster (Photon enabled, DBR 15.4 LTS)
2026-05-19 01:52:40 INFO  Reading inputs from Unity Catalog main.curated.* 
2026-05-19 01:58:55 INFO  Stage 1 complete — input rows processed
2026-05-19 02:05:13 INFO  Writing output Delta table (MERGE) 
2026-05-19 02:05:15 INFO  [customer_360_pipeline.build_profiles] Task completed successfully in 760s (exit_code=0)",1,False,0
customer_360_pipeline,2026-05-19,publish_features,2026-05-19 02:05:30,2026-05-19 02:10:47,"2026-05-19 02:05:30 INFO  [customer_360_pipeline.publish_features] TaskInstance started — attempt 1
2026-05-19 02:05:32 INFO  Acquiring Spark session on job cluster (Photon enabled, DBR 15.4 LTS)
2026-05-19 02:05:35 INFO  Reading inputs from Unity Catalog main.curated.* 
2026-05-19 02:08:08 INFO  Stage 1 complete — input rows processed
2026-05-19 02:10:45 INFO  Writing output Delta table (MERGE) 
2026-05-19 02:10:47 INFO  [customer_360_pipeline.publish_features] Task completed successfully in 317s (exit_code=0)",1,False,0
inventory_sync,2026-05-19,pull_warehouse_api,2026-05-19 03:24:51,2026-05-19 03:34:35,"2026-05-19 03:24:51 INFO  [inventory_sync.pull_warehouse_api] TaskInstance started — attempt 1
2026-05-19 03:24:53 INFO  Acquiring Spark session on job cluster (Photon enabled, DBR 15.4 LTS)
2026-05-19 03:24:56 INFO  Reading inputs from Unity Catalog main.curated.* 
2026-05-19 03:29:43 INFO  Stage 1 complete — input rows processed
2026-05-19 03:34:33 INFO  Writing output Delta table (MERGE) 
2026-05-19 03:34:35 INFO  [inventory_sync.pull_warehouse_api] Task completed successfully in 584s (exit_code=0)",1,False,0
inventory_sync,2026-05-19,normalize_sku,2026-05-19 03:35:33,2026-05-19 03:40:02,"2026-05-19 03:35:33 INFO  [inventory_sync.normalize_sku] TaskInstance started — attempt 1
2026-05-19 03:35:35 INFO  Acquiring Spark session on job cluster (Photon enabled, DBR 15.4 LTS)
2026-05-19 03:35:38 INFO  Reading inputs from Unity Catalog main.curated.* 
2026-05-19 03:37:47 INFO  Stage 1 complete — input rows processed
2026-05-19 03:40:00 INFO  Writing output Delta table (MERGE) 
2026-05-19 03:40:02 INFO  [inventory_sync.normalize_sku] Task completed successfully in 269s (exit_code=0)",1,False,0
inventory_sync,2026-05-19,reconcile_stock,2026-05-19 03:40:37,2026-05-19 03:50:19,"2026-05-19 03:40:37 INFO  [inventory_sync.reconcile_stock] TaskInstance started — attempt 1
2026-05-19 03:40:39 INFO  Acquiring Spark session on job cluster (Photon enabled, DBR 15.4 LTS)
2026-05-19 03:40:42 INFO  Reading inputs from Unity Catalog main.curated.* 
2026-05-19 03:45:28 INFO  Stage 1 running…
2026-05-19 03:50:16 ERROR TaskRunner: Task exceeded execution_timeout (3600s) and was terminated.
2026-05-19 03:50:17 ERROR   java.util.concurrent.TimeoutException: Task exceeded the configured execution_timeout of 3600s
                       	at org.apache.airflow.executors.TaskRunner.enforceTimeout(...)
2026-05-19 03:50:19 ERROR [inventory_sync.reconcile_stock] Task failed on attempt 1 (exit_code=1)",1,True,1
inventory_sync,2026-05-19,reconcile_stock,2026-05-19 03:53:57,2026-05-19 04:07:41,"2026-05-19 03:53:57 INFO  [inventory_sync.reconcile_stock] TaskInstance started — attempt 2
2026-05-19 03:53:59 INFO  Acquiring Spark session on job cluster (Photon enabled, DBR 15.4 LTS)
2026-05-19 03:54:02 INFO  Reading inputs from Unity Catalog main.curated.* 
2026-05-19 04:00:49 INFO  Stage 1 complete — input rows processed
2026-05-19 04:07:39 INFO  Writing output Delta table (MERGE) 
2026-05-19 04:07:41 INFO  [inventory_sync.reconcile_stock] Task completed successfully in 824s (exit_code=0)",2,True,0
inventory_sync,2026-05-19,write_delta,2026-05-19 04:08:30,2026-05-19 04:16:58,"2026-05-19 04:08:30 INFO  [inventory_sync.write_delta] TaskInstance started — attempt 1
2026-05-19 04:08:32 INFO  Acquiring Spark session on job cluster (Photon enabled, DBR 15.4 LTS)
2026-05-19 04:08:35 INFO  Reading inputs from Unity Catalog main.curated.* 
2026-05-19 04:12:44 INFO  Stage 1 complete — input rows processed
2026-05-19 04:16:56 INFO  Writing output Delta table (MERGE) 
2026-05-19 04:16:58 INFO  [inventory_sync.write_delta] Task completed successfully in 508s (exit_code=0)",1,False,0
marketing_attribution,2026-05-19,load_ad_spend,2026-05-19 04:07:39,2026-05-19 04:17:20,"2026-05-19 04:07:39 INFO  [marketing_attribution.load_ad_spend] TaskInstance started — attempt 1
2026-05-19 04:07:41 INFO  Acquiring Spark session on job cluster (Photon enabled, DBR 15.4 LTS)
2026-05-19 04:07:44 INFO  Reading inputs from Unity Catalog main.curated.* 
2026-05-19 04:12:29 INFO  Stage 1 complete — input rows processed
2026-05-19 04:17:18 INFO  Writing output Delta table (MERGE) 
2026-05-19 04:17:20 INFO  [marketing_attribution.load_ad_spend] Task completed successfully in 581s (exit_code=0)",1,False,0
marketing_attribution,2026-05-19,load_conversions,2026-05-19 04:17:36,2026-05-19 04:39:53,"2026-05-19 04:17:36 INFO  [marketing_attribution.load_conversions] TaskInstance started — attempt 1
2026-05-19 04:17:38 INFO  Acquiring Spark session on job cluster (Photon enabled, DBR 15.4 LTS)
2026-05-19 04:17:41 INFO  Reading inputs from Unity Catalog main.curated.* 
2026-05-19 04:28:44 INFO  Stage 1 complete — input rows processed
2026-05-19 04:39:51 INFO  Writing output Delta table (MERGE) 
2026-05-19 04:39:53 INFO  [marketing_attribution.load_conversions] Task completed successfully in 1337s (exit_code=0)",1,False,0
marketing_attribution,2026-05-19,join_touchpoints,2026-05-19 04:40:23,2026-05-19 05:01:03,"2026-05-19 04:40:23 INFO  [marketing_attribution.join_touchpoints] TaskInstance started — attempt 1
2026-05-19 04:40:25 INFO  Acquiring Spark session on job cluster (Photon enabled, DBR 15.4 LTS)
2026-05-19 04:40:28 INFO  Reading inputs from Unity Catalog main.curated.* 
2026-05-19 04:50:43 INFO  Stage 1 complete — input rows processed
2026-05-19 05:01:01 INFO  Writing output Delta table (MERGE) 
2026-05-19 05:01:03 INFO  [marketing_attribution.join_touchpoints] Task completed successfully in 1240s (exit_code=0)",1,False,0
marketing_attribution,2026-05-19,attribute_revenue,2026-05-19 05:01:30,2026-05-19 05:08:42,"2026-05-19 05:01:30 INFO  [marketing_attribution.attribute_revenue] TaskInstance started — attempt 1
2026-05-19 05:01:32 INFO  Acquiring Spark session on job cluster (Photon enabled, DBR 15.4 LTS)
2026-05-19 05:01:35 INFO  Reading inputs from Unity Catalog main.curated.* 
2026-05-19 05:05:06 INFO  Stage 1 complete — input rows processed
2026-05-19 05:08:40 INFO  Writing output Delta table (MERGE) 
2026-05-19 05:08:42 INFO  [marketing_attribution.attribute_revenue] Task completed successfully in 432s (exit_code=0)",1,False,0
finance_reconciliation,2026-05-19,extract_ledger,2026-05-19 05:26:57,2026-05-19 05:49:08,"2026-05-19 05:26:57 INFO  [finance_reconciliation.extract_ledger] TaskInstance started — attempt 1
2026-05-19 05:26:59 INFO  Acquiring Spark session on job cluster (Photon enabled, DBR 15.4 LTS)
2026-05-19 05:27:02 INFO  Reading inputs from Unity Catalog main.curated.* 
2026-05-19 05:38:02 INFO  Stage 1 complete — input rows processed
2026-05-19 05:49:06 INFO  Writing output Delta table (MERGE) 
2026-05-19 05:49:08 INFO  [finance_reconciliation.extract_ledger] Task completed successfully in 1331s (exit_code=0)",1,False,0
finance_reconciliation,2026-05-19,extract_payments,2026-05-19 05:49:56,2026-05-19 05:54:14,"2026-05-19 05:49:56 INFO  [finance_reconciliation.extract_payments] TaskInstance started — attempt 1
2026-05-19 05:49:58 INFO  Acquiring Spark session on job cluster (Photon enabled, DBR 15.4 LTS)
2026-05-19 05:50:01 INFO  Reading inputs from Unity Catalog main.curated.* 
2026-05-19 05:52:05 INFO  Stage 1 complete — input rows processed
2026-05-19 05:54:12 INFO  Writing output Delta table (MERGE) 
2026-05-19 05:54:14 INFO  [finance_reconciliation.extract_payments] Task completed successfully in 258s (exit_code=0)",1,False,0
finance_reconciliation,2026-05-19,reconcile,2026-05-19 05:54:39,2026-05-19 06:01:40,"2026-05-19 05:54:39 INFO  [finance_reconciliation.reconcile] TaskInstance started — attempt 1
2026-05-19 05:54:41 INFO  Acquiring Spark session on job cluster (Photon enabled, DBR 15.4 LTS)
2026-05-19 05:54:44 INFO  Reading inputs from Unity Catalog main.curated.* 
2026-05-19 05:58:09 INFO  Stage 1 complete — input rows processed
2026-05-19 06:01:38 INFO  Writing output Delta table (MERGE) 
2026-05-19 06:01:40 INFO  [finance_reconciliation.reconcile] Task completed successfully in 421s (exit_code=0)",1,False,0
finance_reconciliation,2026-05-19,gl_validation,2026-05-19 06:02:14,2026-05-19 06:24:00,"2026-05-19 06:02:14 INFO  [finance_reconciliation.gl_validation] TaskInstance started — attempt 1
2026-05-19 06:02:16 INFO  Acquiring Spark session on job cluster (Photon enabled, DBR 15.4 LTS)
2026-05-19 06:02:19 INFO  Reading inputs from Unity Catalog main.curated.* 
2026-05-19 06:13:07 INFO  Stage 1 complete — input rows processed
2026-05-19 06:23:58 INFO  Writing output Delta table (MERGE) 
2026-05-19 06:24:00 INFO  [finance_reconciliation.gl_validation] Task completed successfully in 1306s (exit_code=0)",1,False,0
finance_reconciliation,2026-05-19,export_report,2026-05-19 06:24:54,2026-05-19 06:38:21,"2026-05-19 06:24:54 INFO  [finance_reconciliation.export_report] TaskInstance started — attempt 1
2026-05-19 06:24:56 INFO  Acquiring Spark session on job cluster (Photon enabled, DBR 15.4 LTS)
2026-05-19 06:24:59 INFO  Reading inputs from Unity Catalog main.curated.* 
2026-05-19 06:31:37 INFO  Stage 1 complete — input rows processed
2026-05-19 06:38:19 INFO  Writing output Delta table (MERGE) 
2026-05-19 06:38:21 INFO  [finance_reconciliation.export_report] Task completed successfully in 807s (exit_code=0)",1,False,0
clickstream_ingest,2026-05-19,read_kafka_offsets,2026-05-19 00:18:15,2026-05-19 00:33:47,"2026-05-19 00:18:15 INFO  [clickstream_ingest.read_kafka_offsets] TaskInstance started — attempt 1
2026-05-19 00:18:17 INFO  Acquiring Spark session on job cluster (Photon enabled, DBR 15.4 LTS)
2026-05-19 00:18:20 INFO  Reading inputs from Unity Catalog main.curated.* 
2026-05-19 00:26:01 INFO  Stage 1 complete — input rows processed
2026-05-19 00:33:45 INFO  Writing output Delta table (MERGE) 
2026-05-19 00:33:47 INFO  [clickstream_ingest.read_kafka_offsets] Task completed successfully in 932s (exit_code=0)",1,False,0
clickstream_ingest,2026-05-19,parse_events,2026-05-19 00:34:20,2026-05-19 00:38:20,"2026-05-19 00:34:20 INFO  [clickstream_ingest.parse_events] TaskInstance started — attempt 1
2026-05-19 00:34:22 INFO  Acquiring Spark session on job cluster (Photon enabled, DBR 15.4 LTS)
2026-05-19 00:34:25 INFO  Reading inputs from Unity Catalog main.curated.* 
2026-05-19 00:36:20 INFO  Stage 1 running…
2026-05-19 00:38:17 ERROR TaskRunner: Task exceeded execution_timeout (3600s) and was terminated.
2026-05-19 00:38:18 ERROR   java.util.concurrent.TimeoutException: Task exceeded the configured execution_timeout of 3600s
                       	at org.apache.airflow.executors.TaskRunner.enforceTimeout(...)
2026-05-19 00:38:20 ERROR [clickstream_ingest.parse_events] Task failed on attempt 1 (exit_code=1)",1,True,1
clickstream_ingest,2026-05-19,parse_events,2026-05-19 00:41:14,2026-05-19 00:49:44,"2026-05-19 00:41:14 INFO  [clickstream_ingest.parse_events] TaskInstance started — attempt 2
2026-05-19 00:41:16 INFO  Acquiring Spark session on job cluster (Photon enabled, DBR 15.4 LTS)
2026-05-19 00:41:19 INFO  Reading inputs from Unity Catalog main.curated.* 
2026-05-19 00:45:29 INFO  Stage 1 running…
2026-05-19 00:49:41 ERROR TaskRunner: Task exceeded execution_timeout (3600s) and was terminated.
2026-05-19 00:49:42 ERROR   java.util.concurrent.TimeoutException: Task exceeded the configured execution_timeout of 3600s
                       	at org.apache.airflow.executors.TaskRunner.enforceTimeout(...)
2026-05-19 00:49:44 ERROR [clickstream_ingest.parse_events] Task failed on attempt 2 (exit_code=1)",2,True,1
clickstream_ingest,2026-05-19,parse_events,2026-05-19 00:53:22,2026-05-19 01:02:28,"2026-05-19 00:53:22 INFO  [clickstream_ingest.parse_events] TaskInstance started — attempt 3
2026-05-19 00:53:24 INFO  Acquiring Spark session on job cluster (Photon enabled, DBR 15.4 LTS)
2026-05-19 00:53:27 INFO  Reading inputs from Unity Catalog main.curated.* 
2026-05-19 00:57:55 INFO  Stage 1 complete — input rows processed
2026-05-19 01:02:26 INFO  Writing output Delta table (MERGE) 
2026-05-19 01:02:28 INFO  [clickstream_ingest.parse_events] Task completed successfully in 546s (exit_code=0)",3,True,0
clickstream_ingest,2026-05-19,sessionize,2026-05-19 01:03:22,2026-05-19 01:22:00,"2026-05-19 01:03:22 INFO  [clickstream_ingest.sessionize] TaskInstance started — attempt 1
2026-05-19 01:03:24 INFO  Acquiring Spark session on job cluster (Photon enabled, DBR 15.4 LTS)
2026-05-19 01:03:27 INFO  Reading inputs from Unity Catalog main.curated.* 
2026-05-19 01:12:41 INFO  Stage 1 complete — input rows processed
2026-05-19 01:21:58 INFO  Writing output Delta table (MERGE) 
2026-05-19 01:22:00 INFO  [clickstream_ingest.sessionize] Task completed successfully in 1118s (exit_code=0)",1,False,0
clickstream_ingest,2026-05-19,write_bronze,2026-05-19 01:22:56,2026-05-19 01:42:05,"2026-05-19 01:22:56 INFO  [clickstream_ingest.write_bronze] TaskInstance started — attempt 1
2026-05-19 01:22:58 INFO  Acquiring Spark session on job cluster (Photon enabled, DBR 15.4 LTS)
2026-05-19 01:23:01 INFO  Reading inputs from Unity Catalog main.curated.* 
2026-05-19 01:32:30 INFO  Stage 1 complete — input rows processed
2026-05-19 01:42:03 INFO  Writing output Delta table (MERGE) 
2026-05-19 01:42:05 INFO  [clickstream_ingest.write_bronze] Task completed successfully in 1149s (exit_code=0)",1,False,0
clickstream_ingest,2026-05-19,write_silver,2026-05-19 01:42:14,2026-05-19 01:49:37,"2026-05-19 01:42:14 INFO  [clickstream_ingest.write_silver] TaskInstance started — attempt 1
2026-05-19 01:42:16 INFO  Acquiring Spark session on job cluster (Photon enabled, DBR 15.4 LTS)
2026-05-19 01:42:19 INFO  Reading inputs from Unity Catalog main.curated.* 
2026-05-19 01:45:55 INFO  Stage 1 complete — input rows processed
2026-05-19 01:49:35 INFO  Writing output Delta table (MERGE) 
2026-05-19 01:49:37 INFO  [clickstream_ingest.write_silver] Task completed successfully in 443s (exit_code=0)",1,False,0
ml_feature_store,2026-05-19,fetch_training_data,2026-05-19 06:02:51,2026-05-19 06:23:15,"2026-05-19 06:02:51 INFO  [ml_feature_store.fetch_training_data] TaskInstance started — attempt 1
2026-05-19 06:02:53 INFO  Acquiring Spark session on job cluster (Photon enabled, DBR 15.4 LTS)
2026-05-19 06:02:56 INFO  Reading inputs from Unity Catalog main.curated.* 
2026-05-19 06:13:03 INFO  Stage 1 complete — input rows processed
2026-05-19 06:23:13 INFO  Writing output Delta table (MERGE) 
2026-05-19 06:23:15 INFO  [ml_feature_store.fetch_training_data] Task completed successfully in 1224s (exit_code=0)",1,False,0
ml_feature_store,2026-05-19,compute_features,2026-05-19 06:23:22,2026-05-19 06:48:05,"2026-05-19 06:23:22 INFO  [ml_feature_store.compute_features] TaskInstance started — attempt 1
2026-05-19 06:23:24 INFO  Acquiring Spark session on job cluster (Photon enabled, DBR 15.4 LTS)
2026-05-19 06:23:27 INFO  Reading inputs from Unity Catalog main.curated.* 
2026-05-19 06:35:43 INFO  Stage 1 complete — input rows processed
2026-05-19 06:48:03 INFO  Writing output Delta table (MERGE) 
2026-05-19 06:48:05 INFO  [ml_feature_store.compute_features] Task completed successfully in 1483s (exit_code=0)",1,False,0
ml_feature_store,2026-05-19,validate_features,2026-05-19 06:48:56,2026-05-19 07:02:38,"2026-05-19 06:48:56 INFO  [ml_feature_store.validate_features] TaskInstance started — attempt 1
2026-05-19 06:48:58 INFO  Acquiring Spark session on job cluster (Photon enabled, DBR 15.4 LTS)
2026-05-19 06:49:01 INFO  Reading inputs from Unity Catalog main.curated.* 
2026-05-19 06:55:47 INFO  Stage 1 complete — input rows processed
2026-05-19 07:02:36 INFO  Writing output Delta table (MERGE) 
2026-05-19 07:02:38 INFO  [ml_feature_store.validate_features] Task completed successfully in 822s (exit_code=0)",1,False,0
ml_feature_store,2026-05-19,materialize_online,2026-05-19 07:03:15,2026-05-19 07:05:28,"2026-05-19 07:03:15 INFO  [ml_feature_store.materialize_online] TaskInstance started — attempt 1
2026-05-19 07:03:17 INFO  Acquiring Spark session on job cluster (Photon enabled, DBR 15.4 LTS)
2026-05-19 07:03:20 INFO  Reading inputs from Unity Catalog main.curated.* 
2026-05-19 07:04:21 INFO  Stage 1 running…
2026-05-19 07:05:25 ERROR TaskRunner: Task exceeded execution_timeout (3600s) and was terminated.
2026-05-19 07:05:26 ERROR   java.util.concurrent.TimeoutException: Task exceeded the configured execution_timeout of 3600s
                       	at org.apache.airflow.executors.TaskRunner.enforceTimeout(...)
2026-05-19 07:05:28 ERROR [ml_feature_store.materialize_online] Task failed on attempt 1 (exit_code=1)",1,True,1
ml_feature_store,2026-05-19,materialize_online,2026-05-19 07:06:44,2026-05-19 07:12:27,"2026-05-19 07:06:44 INFO  [ml_feature_store.materialize_online] TaskInstance started — attempt 2
2026-05-19 07:06:46 INFO  Acquiring Spark session on job cluster (Photon enabled, DBR 15.4 LTS)
2026-05-19 07:06:49 INFO  Reading inputs from Unity Catalog main.curated.* 
2026-05-19 07:09:35 INFO  Stage 1 complete — input rows processed
2026-05-19 07:12:25 INFO  Writing output Delta table (MERGE) 
2026-05-19 07:12:27 INFO  [ml_feature_store.materialize_online] Task completed successfully in 343s (exit_code=0)",2,True,0
data_quality_checks,2026-05-19,load_snapshots,2026-05-19 07:23:44,2026-05-19 07:33:20,"2026-05-19 07:23:44 INFO  [data_quality_checks.load_snapshots] TaskInstance started — attempt 1
2026-05-19 07:23:46 INFO  Acquiring Spark session on job cluster (Photon enabled, DBR 15.4 LTS)
2026-05-19 07:23:49 INFO  Reading inputs from Unity Catalog main.curated.* 
2026-05-19 07:28:32 INFO  Stage 1 complete — input rows processed
2026-05-19 07:33:18 INFO  Writing output Delta table (MERGE) 
2026-05-19 07:33:20 INFO  [data_quality_checks.load_snapshots] Task completed successfully in 576s (exit_code=0)",1,False,0
data_quality_checks,2026-05-19,run_expectations,2026-05-19 07:33:56,2026-05-19 07:46:45,"2026-05-19 07:33:56 INFO  [data_quality_checks.run_expectations] TaskInstance started — attempt 1
2026-05-19 07:33:58 INFO  Acquiring Spark session on job cluster (Photon enabled, DBR 15.4 LTS)
2026-05-19 07:34:01 INFO  Reading inputs from Unity Catalog main.curated.* 
2026-05-19 07:40:20 INFO  Stage 1 complete — input rows processed
2026-05-19 07:46:43 INFO  Writing output Delta table (MERGE) 
2026-05-19 07:46:45 INFO  [data_quality_checks.run_expectations] Task completed successfully in 769s (exit_code=0)",1,False,0
data_quality_checks,2026-05-19,summarize_results,2026-05-19 07:47:40,2026-05-19 07:56:18,"2026-05-19 07:47:40 INFO  [data_quality_checks.summarize_results] TaskInstance started — attempt 1
2026-05-19 07:47:42 INFO  Acquiring Spark session on job cluster (Photon enabled, DBR 15.4 LTS)
2026-05-19 07:47:45 INFO  Reading inputs from Unity Catalog main.curated.* 
2026-05-19 07:51:59 INFO  Stage 1 complete — input rows processed
2026-05-19 07:56:16 INFO  Writing output Delta table (MERGE) 
2026-05-19 07:56:18 INFO  [data_quality_checks.summarize_results] Task completed successfully in 518s (exit_code=0)",1,False,0
revenue_reporting,2026-05-19,aggregate_daily_revenue,2026-05-19 08:29:14,2026-05-19 08:44:12,"2026-05-19 08:29:14 INFO  [revenue_reporting.aggregate_daily_revenue] TaskInstance started — attempt 1
2026-05-19 08:29:16 INFO  Acquiring Spark session on job cluster (Photon enabled, DBR 15.4 LTS)
2026-05-19 08:29:19 INFO  Reading inputs from Unity Catalog main.curated.* 
2026-05-19 08:36:43 INFO  Stage 1 complete — input rows processed
2026-05-19 08:44:10 INFO  Writing output Delta table (MERGE) 
2026-05-19 08:44:12 INFO  [revenue_reporting.aggregate_daily_revenue] Task completed successfully in 898s (exit_code=0)",1,False,0
revenue_reporting,2026-05-19,currency_convert,2026-05-19 08:44:33,2026-05-19 08:52:58,"2026-05-19 08:44:33 INFO  [revenue_reporting.currency_convert] TaskInstance started — attempt 1
2026-05-19 08:44:35 INFO  Acquiring Spark session on job cluster (Photon enabled, DBR 15.4 LTS)
2026-05-19 08:44:38 INFO  Reading inputs from Unity Catalog main.curated.* 
2026-05-19 08:48:45 INFO  Stage 1 complete — input rows processed
2026-05-19 08:52:56 INFO  Writing output Delta table (MERGE) 
2026-05-19 08:52:58 INFO  [revenue_reporting.currency_convert] Task completed successfully in 505s (exit_code=0)",1,False,0
revenue_reporting,2026-05-19,build_dashboards_tbl,2026-05-19 08:53:42,2026-05-19 09:06:05,"2026-05-19 08:53:42 INFO  [revenue_reporting.build_dashboards_tbl] TaskInstance started — attempt 1
2026-05-19 08:53:44 INFO  Acquiring Spark session on job cluster (Photon enabled, DBR 15.4 LTS)
2026-05-19 08:53:47 INFO  Reading inputs from Unity Catalog main.curated.* 
2026-05-19 08:59:53 INFO  Stage 1 complete — input rows processed
2026-05-19 09:06:03 INFO  Writing output Delta table (MERGE) 
2026-05-19 09:06:05 INFO  [revenue_reporting.build_dashboards_tbl] Task completed successfully in 743s (exit_code=0)",1,False,0
user_segmentation,2026-05-19,load_activity,2026-05-19 09:04:16,2026-05-19 09:23:39,"2026-05-19 09:04:16 INFO  [user_segmentation.load_activity] TaskInstance started — attempt 1
2026-05-19 09:04:18 INFO  Acquiring Spark session on job cluster (Photon enabled, DBR 15.4 LTS)
2026-05-19 09:04:21 INFO  Reading inputs from Unity Catalog main.curated.* 
2026-05-19 09:13:57 INFO  Stage 1 complete — input rows processed
2026-05-19 09:23:37 INFO  Writing output Delta table (MERGE) 
2026-05-19 09:23:39 INFO  [user_segmentation.load_activity] Task completed successfully in 1163s (exit_code=0)",1,False,0
user_segmentation,2026-05-19,compute_rfm,2026-05-19 09:24:00,2026-05-19 09:48:01,"2026-05-19 09:24:00 INFO  [user_segmentation.compute_rfm] TaskInstance started — attempt 1
2026-05-19 09:24:02 INFO  Acquiring Spark session on job cluster (Photon enabled, DBR 15.4 LTS)
2026-05-19 09:24:05 INFO  Reading inputs from Unity Catalog main.curated.* 
2026-05-19 09:36:00 INFO  Stage 1 complete — input rows processed
2026-05-19 09:47:59 INFO  Writing output Delta table (MERGE) 
2026-05-19 09:48:01 INFO  [user_segmentation.compute_rfm] Task completed successfully in 1441s (exit_code=0)",1,False,0
user_segmentation,2026-05-19,assign_segments,2026-05-19 09:48:26,2026-05-19 09:51:48,"2026-05-19 09:48:26 INFO  [user_segmentation.assign_segments] TaskInstance started — attempt 1
2026-05-19 09:48:28 INFO  Acquiring Spark session on job cluster (Photon enabled, DBR 15.4 LTS)
2026-05-19 09:48:31 INFO  Reading inputs from Unity Catalog main.curated.* 
2026-05-19 09:50:07 INFO  Stage 1 running…
2026-05-19 09:51:45 ERROR JDBCRDD: Connection timed out after 30000ms while reading from source DB.
2026-05-19 09:51:46 ERROR   java.sql.SQLTransientConnectionException: HikariPool-1 - Connection is not available, request timed out after 30000ms
                       	at com.zaxxer.hikari.pool.HikariPool.getConnection(HikariPool.java:213)
                       	at org.apache.spark.sql.execution.datasources.jdbc.JDBCRDD.compute(...)
2026-05-19 09:51:48 ERROR [user_segmentation.assign_segments] Task failed on attempt 1 (exit_code=1)",1,True,1
user_segmentation,2026-05-19,assign_segments,2026-05-19 09:55:30,2026-05-19 10:05:29,"2026-05-19 09:55:30 INFO  [user_segmentation.assign_segments] TaskInstance started — attempt 2
2026-05-19 09:55:32 INFO  Acquiring Spark session on job cluster (Photon enabled, DBR 15.4 LTS)
2026-05-19 09:55:35 INFO  Reading inputs from Unity Catalog main.curated.* 
2026-05-19 10:00:29 INFO  Stage 1 running…
2026-05-19 10:05:26 ERROR JDBCRDD: Connection timed out after 30000ms while reading from source DB.
2026-05-19 10:05:27 ERROR   java.sql.SQLTransientConnectionException: HikariPool-1 - Connection is not available, request timed out after 30000ms
                       	at com.zaxxer.hikari.pool.HikariPool.getConnection(HikariPool.java:213)
                       	at org.apache.spark.sql.execution.datasources.jdbc.JDBCRDD.compute(...)
2026-05-19 10:05:29 ERROR [user_segmentation.assign_segments] Task failed on attempt 2 (exit_code=1)",2,True,1
user_segmentation,2026-05-19,assign_segments,2026-05-19 10:07:40,2026-05-19 10:23:22,"2026-05-19 10:07:40 INFO  [user_segmentation.assign_segments] TaskInstance started — attempt 3
2026-05-19 10:07:42 INFO  Acquiring Spark session on job cluster (Photon enabled, DBR 15.4 LTS)
2026-05-19 10:07:45 INFO  Reading inputs from Unity Catalog main.curated.* 
2026-05-19 10:15:31 INFO  Stage 1 complete — input rows processed
2026-05-19 10:23:20 INFO  Writing output Delta table (MERGE) 
2026-05-19 10:23:22 INFO  [user_segmentation.assign_segments] Task completed successfully in 942s (exit_code=0)",3,True,0
user_segmentation,2026-05-19,push_to_crm,2026-05-19 10:24:10,2026-05-19 10:38:21,"2026-05-19 10:24:10 INFO  [user_segmentation.push_to_crm] TaskInstance started — attempt 1
2026-05-19 10:24:12 INFO  Acquiring Spark session on job cluster (Photon enabled, DBR 15.4 LTS)
2026-05-19 10:24:15 INFO  Reading inputs from Unity Catalog main.curated.* 
2026-05-19 10:31:15 INFO  Stage 1 complete — input rows processed
2026-05-19 10:38:19 INFO  Writing output Delta table (MERGE) 
2026-05-19 10:38:21 INFO  [user_segmentation.push_to_crm] Task completed successfully in 851s (exit_code=0)",1,False,0
daily_sales_etl,2026-05-20,extract_orders,2026-05-20 02:25:50,2026-05-20 02:32:34,"2026-05-20 02:25:50 INFO  [daily_sales_etl.extract_orders] TaskInstance started — attempt 1
2026-05-20 02:25:52 INFO  Acquiring Spark session on job cluster (Photon enabled, DBR 15.4 LTS)
2026-05-20 02:25:55 INFO  Reading inputs from Unity Catalog main.curated.* 
2026-05-20 02:29:12 INFO  Stage 1 running…
2026-05-20 02:32:31 ERROR ShuffleBlockFetcherIterator: Failed to fetch shuffle block from a lost executor.
2026-05-20 02:32:32 ERROR   org.apache.spark.shuffle.FetchFailedException: Failed to connect to executor-7.cluster:35421
                       	at org.apache.spark.storage.ShuffleBlockFetcherIterator.throwFetchFailedException(...)
                       	at org.apache.spark.scheduler.ShuffleMapTask.runTask(ShuffleMapTask.scala:99)
2026-05-20 02:32:34 ERROR [daily_sales_etl.extract_orders] Task failed on attempt 1 (exit_code=1)",1,True,1
daily_sales_etl,2026-05-20,extract_orders,2026-05-20 02:35:47,2026-05-20 02:42:43,"2026-05-20 02:35:47 INFO  [daily_sales_etl.extract_orders] TaskInstance started — attempt 2
2026-05-20 02:35:49 INFO  Acquiring Spark session on job cluster (Photon enabled, DBR 15.4 LTS)
2026-05-20 02:35:52 INFO  Reading inputs from Unity Catalog main.curated.* 
2026-05-20 02:39:15 INFO  Stage 1 running…
2026-05-20 02:42:40 ERROR ShuffleBlockFetcherIterator: Failed to fetch shuffle block from a lost executor.
2026-05-20 02:42:41 ERROR   org.apache.spark.shuffle.FetchFailedException: Failed to connect to executor-7.cluster:35421
                       	at org.apache.spark.storage.ShuffleBlockFetcherIterator.throwFetchFailedException(...)
                       	at org.apache.spark.scheduler.ShuffleMapTask.runTask(ShuffleMapTask.scala:99)
2026-05-20 02:42:43 ERROR [daily_sales_etl.extract_orders] Task failed on attempt 2 (exit_code=1)",2,True,1
daily_sales_etl,2026-05-20,extract_orders,2026-05-20 02:46:39,2026-05-20 03:07:45,"2026-05-20 02:46:39 INFO  [daily_sales_etl.extract_orders] TaskInstance started — attempt 3
2026-05-20 02:46:41 INFO  Acquiring Spark session on job cluster (Photon enabled, DBR 15.4 LTS)
2026-05-20 02:46:44 INFO  Reading inputs from Unity Catalog main.curated.* 
2026-05-20 02:57:12 INFO  Stage 1 complete — input rows processed
2026-05-20 03:07:43 INFO  Writing output Delta table (MERGE) 
2026-05-20 03:07:45 INFO  [daily_sales_etl.extract_orders] Task completed successfully in 1266s (exit_code=0)",3,True,0
daily_sales_etl,2026-05-20,extract_returns,2026-05-20 03:07:56,2026-05-20 03:19:32,"2026-05-20 03:07:56 INFO  [daily_sales_etl.extract_returns] TaskInstance started — attempt 1
2026-05-20 03:07:58 INFO  Acquiring Spark session on job cluster (Photon enabled, DBR 15.4 LTS)
2026-05-20 03:08:01 INFO  Reading inputs from Unity Catalog main.curated.* 
2026-05-20 03:13:44 INFO  Stage 1 complete — input rows processed
2026-05-20 03:19:30 INFO  Writing output Delta table (MERGE) 
2026-05-20 03:19:32 INFO  [daily_sales_etl.extract_returns] Task completed successfully in 696s (exit_code=0)",1,False,0
daily_sales_etl,2026-05-20,transform_sales,2026-05-20 03:20:17,2026-05-20 03:36:44,"2026-05-20 03:20:17 INFO  [daily_sales_etl.transform_sales] TaskInstance started — attempt 1
2026-05-20 03:20:19 INFO  Acquiring Spark session on job cluster (Photon enabled, DBR 15.4 LTS)
2026-05-20 03:20:22 INFO  Reading inputs from Unity Catalog main.curated.* 
2026-05-20 03:28:30 INFO  Stage 1 complete — input rows processed
2026-05-20 03:36:42 INFO  Writing output Delta table (MERGE) 
2026-05-20 03:36:44 INFO  [daily_sales_etl.transform_sales] Task completed successfully in 987s (exit_code=0)",1,False,0
daily_sales_etl,2026-05-20,dq_check_sales,2026-05-20 03:37:12,2026-05-20 03:49:14,"2026-05-20 03:37:12 INFO  [daily_sales_etl.dq_check_sales] TaskInstance started — attempt 1
2026-05-20 03:37:14 INFO  Acquiring Spark session on job cluster (Photon enabled, DBR 15.4 LTS)
2026-05-20 03:37:17 INFO  Reading inputs from Unity Catalog main.curated.* 
2026-05-20 03:43:13 INFO  Stage 1 complete — input rows processed
2026-05-20 03:49:12 INFO  Writing output Delta table (MERGE) 
2026-05-20 03:49:14 INFO  [daily_sales_etl.dq_check_sales] Task completed successfully in 722s (exit_code=0)",1,False,0
daily_sales_etl,2026-05-20,load_fact_sales,2026-05-20 03:49:42,2026-05-20 04:12:24,"2026-05-20 03:49:42 INFO  [daily_sales_etl.load_fact_sales] TaskInstance started — attempt 1
2026-05-20 03:49:44 INFO  Acquiring Spark session on job cluster (Photon enabled, DBR 15.4 LTS)
2026-05-20 03:49:47 INFO  Reading inputs from Unity Catalog main.curated.* 
2026-05-20 04:01:03 INFO  Stage 1 complete — input rows processed
2026-05-20 04:12:22 INFO  Writing output Delta table (MERGE) 
2026-05-20 04:12:24 INFO  [daily_sales_etl.load_fact_sales] Task completed successfully in 1362s (exit_code=0)",1,False,0
customer_360_pipeline,2026-05-20,ingest_crm,2026-05-20 01:24:05,2026-05-20 01:33:06,"2026-05-20 01:24:05 INFO  [customer_360_pipeline.ingest_crm] TaskInstance started — attempt 1
2026-05-20 01:24:07 INFO  Acquiring Spark session on job cluster (Photon enabled, DBR 15.4 LTS)
2026-05-20 01:24:10 INFO  Reading inputs from Unity Catalog main.curated.* 
2026-05-20 01:28:35 INFO  Stage 1 complete — input rows processed
2026-05-20 01:33:04 INFO  Writing output Delta table (MERGE) 
2026-05-20 01:33:06 INFO  [customer_360_pipeline.ingest_crm] Task completed successfully in 541s (exit_code=0)",1,False,0
customer_360_pipeline,2026-05-20,ingest_web_events,2026-05-20 01:33:14,2026-05-20 01:46:20,"2026-05-20 01:33:14 INFO  [customer_360_pipeline.ingest_web_events] TaskInstance started — attempt 1
2026-05-20 01:33:16 INFO  Acquiring Spark session on job cluster (Photon enabled, DBR 15.4 LTS)
2026-05-20 01:33:19 INFO  Reading inputs from Unity Catalog main.curated.* 
2026-05-20 01:39:47 INFO  Stage 1 complete — input rows processed
2026-05-20 01:46:18 INFO  Writing output Delta table (MERGE) 
2026-05-20 01:46:20 INFO  [customer_360_pipeline.ingest_web_events] Task completed successfully in 786s (exit_code=0)",1,False,0
customer_360_pipeline,2026-05-20,resolve_identity,2026-05-20 01:46:41,2026-05-20 02:00:16,"2026-05-20 01:46:41 INFO  [customer_360_pipeline.resolve_identity] TaskInstance started — attempt 1
2026-05-20 01:46:43 INFO  Acquiring Spark session on job cluster (Photon enabled, DBR 15.4 LTS)
2026-05-20 01:46:46 INFO  Reading inputs from Unity Catalog main.curated.* 
2026-05-20 01:53:28 INFO  Stage 1 complete — input rows processed
2026-05-20 02:00:14 INFO  Writing output Delta table (MERGE) 
2026-05-20 02:00:16 INFO  [customer_360_pipeline.resolve_identity] Task completed successfully in 815s (exit_code=0)",1,False,0
customer_360_pipeline,2026-05-20,build_profiles,2026-05-20 02:01:16,2026-05-20 02:24:15,"2026-05-20 02:01:16 INFO  [customer_360_pipeline.build_profiles] TaskInstance started — attempt 1
2026-05-20 02:01:18 INFO  Acquiring Spark session on job cluster (Photon enabled, DBR 15.4 LTS)
2026-05-20 02:01:21 INFO  Reading inputs from Unity Catalog main.curated.* 
2026-05-20 02:12:45 INFO  Stage 1 complete — input rows processed
2026-05-20 02:24:13 INFO  Writing output Delta table (MERGE) 
2026-05-20 02:24:15 INFO  [customer_360_pipeline.build_profiles] Task completed successfully in 1379s (exit_code=0)",1,False,0
customer_360_pipeline,2026-05-20,publish_features,2026-05-20 02:24:40,2026-05-20 02:27:43,"2026-05-20 02:24:40 INFO  [customer_360_pipeline.publish_features] TaskInstance started — attempt 1
2026-05-20 02:24:42 INFO  Acquiring Spark session on job cluster (Photon enabled, DBR 15.4 LTS)
2026-05-20 02:24:45 INFO  Reading inputs from Unity Catalog main.curated.* 
2026-05-20 02:26:11 INFO  Stage 1 complete — input rows processed
2026-05-20 02:27:41 INFO  Writing output Delta table (MERGE) 
2026-05-20 02:27:43 INFO  [customer_360_pipeline.publish_features] Task completed successfully in 183s (exit_code=0)",1,False,0
inventory_sync,2026-05-20,pull_warehouse_api,2026-05-20 03:04:18,2026-05-20 03:22:03,"2026-05-20 03:04:18 INFO  [inventory_sync.pull_warehouse_api] TaskInstance started — attempt 1
2026-05-20 03:04:20 INFO  Acquiring Spark session on job cluster (Photon enabled, DBR 15.4 LTS)
2026-05-20 03:04:23 INFO  Reading inputs from Unity Catalog main.curated.* 
2026-05-20 03:13:10 INFO  Stage 1 complete — input rows processed
2026-05-20 03:22:01 INFO  Writing output Delta table (MERGE) 
2026-05-20 03:22:03 INFO  [inventory_sync.pull_warehouse_api] Task completed successfully in 1065s (exit_code=0)",1,False,0
inventory_sync,2026-05-20,normalize_sku,2026-05-20 03:22:31,2026-05-20 03:27:08,"2026-05-20 03:22:31 INFO  [inventory_sync.normalize_sku] TaskInstance started — attempt 1
2026-05-20 03:22:33 INFO  Acquiring Spark session on job cluster (Photon enabled, DBR 15.4 LTS)
2026-05-20 03:22:36 INFO  Reading inputs from Unity Catalog main.curated.* 
2026-05-20 03:24:49 INFO  Stage 1 complete — input rows processed
2026-05-20 03:27:06 INFO  Writing output Delta table (MERGE) 
2026-05-20 03:27:08 INFO  [inventory_sync.normalize_sku] Task completed successfully in 277s (exit_code=0)",1,False,0
inventory_sync,2026-05-20,reconcile_stock,2026-05-20 03:27:27,2026-05-20 03:51:21,"2026-05-20 03:27:27 INFO  [inventory_sync.reconcile_stock] TaskInstance started — attempt 1
2026-05-20 03:27:29 INFO  Acquiring Spark session on job cluster (Photon enabled, DBR 15.4 LTS)
2026-05-20 03:27:32 INFO  Reading inputs from Unity Catalog main.curated.* 
2026-05-20 03:39:24 INFO  Stage 1 complete — input rows processed
2026-05-20 03:51:19 INFO  Writing output Delta table (MERGE) 
2026-05-20 03:51:21 INFO  [inventory_sync.reconcile_stock] Task completed successfully in 1434s (exit_code=0)",1,False,0
inventory_sync,2026-05-20,write_delta,2026-05-20 03:51:27,2026-05-20 03:54:21,"2026-05-20 03:51:27 INFO  [inventory_sync.write_delta] TaskInstance started — attempt 1
2026-05-20 03:51:29 INFO  Acquiring Spark session on job cluster (Photon enabled, DBR 15.4 LTS)
2026-05-20 03:51:32 INFO  Reading inputs from Unity Catalog main.curated.* 
2026-05-20 03:52:54 INFO  Stage 1 running…
2026-05-20 03:54:18 ERROR ShuffleBlockFetcherIterator: Failed to fetch shuffle block from a lost executor.
2026-05-20 03:54:19 ERROR   org.apache.spark.shuffle.FetchFailedException: Failed to connect to executor-7.cluster:35421
                       	at org.apache.spark.storage.ShuffleBlockFetcherIterator.throwFetchFailedException(...)
                       	at org.apache.spark.scheduler.ShuffleMapTask.runTask(ShuffleMapTask.scala:99)
2026-05-20 03:54:21 ERROR [inventory_sync.write_delta] Task failed on attempt 1 (exit_code=1)",1,True,1
inventory_sync,2026-05-20,write_delta,2026-05-20 03:57:34,2026-05-20 04:02:36,"2026-05-20 03:57:34 INFO  [inventory_sync.write_delta] TaskInstance started — attempt 2
2026-05-20 03:57:36 INFO  Acquiring Spark session on job cluster (Photon enabled, DBR 15.4 LTS)
2026-05-20 03:57:39 INFO  Reading inputs from Unity Catalog main.curated.* 
2026-05-20 04:00:05 INFO  Stage 1 running…
2026-05-20 04:02:33 ERROR ShuffleBlockFetcherIterator: Failed to fetch shuffle block from a lost executor.
2026-05-20 04:02:34 ERROR   org.apache.spark.shuffle.FetchFailedException: Failed to connect to executor-7.cluster:35421
                       	at org.apache.spark.storage.ShuffleBlockFetcherIterator.throwFetchFailedException(...)
                       	at org.apache.spark.scheduler.ShuffleMapTask.runTask(ShuffleMapTask.scala:99)
2026-05-20 04:02:36 ERROR [inventory_sync.write_delta] Task failed on attempt 2 (exit_code=1)",2,True,1
inventory_sync,2026-05-20,write_delta,2026-05-20 04:05:52,2026-05-20 04:10:43,"2026-05-20 04:05:52 INFO  [inventory_sync.write_delta] TaskInstance started — attempt 3
2026-05-20 04:05:54 INFO  Acquiring Spark session on job cluster (Photon enabled, DBR 15.4 LTS)
2026-05-20 04:05:57 INFO  Reading inputs from Unity Catalog main.curated.* 
2026-05-20 04:08:17 INFO  Stage 1 complete — input rows processed
2026-05-20 04:10:41 INFO  Writing output Delta table (MERGE) 
2026-05-20 04:10:43 INFO  [inventory_sync.write_delta] Task completed successfully in 291s (exit_code=0)",3,True,0
marketing_attribution,2026-05-20,load_ad_spend,2026-05-20 04:13:37,2026-05-20 04:21:10,"2026-05-20 04:13:37 INFO  [marketing_attribution.load_ad_spend] TaskInstance started — attempt 1
2026-05-20 04:13:39 INFO  Acquiring Spark session on job cluster (Photon enabled, DBR 15.4 LTS)
2026-05-20 04:13:42 INFO  Reading inputs from Unity Catalog main.curated.* 
2026-05-20 04:17:23 INFO  Stage 1 complete — input rows processed
2026-05-20 04:21:08 INFO  Writing output Delta table (MERGE) 
2026-05-20 04:21:10 INFO  [marketing_attribution.load_ad_spend] Task completed successfully in 453s (exit_code=0)",1,False,0
marketing_attribution,2026-05-20,load_conversions,2026-05-20 04:21:54,2026-05-20 04:41:06,"2026-05-20 04:21:54 INFO  [marketing_attribution.load_conversions] TaskInstance started — attempt 1
2026-05-20 04:21:56 INFO  Acquiring Spark session on job cluster (Photon enabled, DBR 15.4 LTS)
2026-05-20 04:21:59 INFO  Reading inputs from Unity Catalog main.curated.* 
2026-05-20 04:31:30 INFO  Stage 1 complete — input rows processed
2026-05-20 04:41:04 INFO  Writing output Delta table (MERGE) 
2026-05-20 04:41:06 INFO  [marketing_attribution.load_conversions] Task completed successfully in 1152s (exit_code=0)",1,False,0
marketing_attribution,2026-05-20,join_touchpoints,2026-05-20 04:41:11,2026-05-20 04:52:29,"2026-05-20 04:41:11 INFO  [marketing_attribution.join_touchpoints] TaskInstance started — attempt 1
2026-05-20 04:41:13 INFO  Acquiring Spark session on job cluster (Photon enabled, DBR 15.4 LTS)
2026-05-20 04:41:16 INFO  Reading inputs from Unity Catalog main.curated.* 
2026-05-20 04:46:50 INFO  Stage 1 complete — input rows processed
2026-05-20 04:52:27 INFO  Writing output Delta table (MERGE) 
2026-05-20 04:52:29 INFO  [marketing_attribution.join_touchpoints] Task completed successfully in 678s (exit_code=0)",1,False,0
marketing_attribution,2026-05-20,attribute_revenue,2026-05-20 04:53:02,2026-05-20 04:58:27,"2026-05-20 04:53:02 INFO  [marketing_attribution.attribute_revenue] TaskInstance started — attempt 1
2026-05-20 04:53:04 INFO  Acquiring Spark session on job cluster (Photon enabled, DBR 15.4 LTS)
2026-05-20 04:53:07 INFO  Reading inputs from Unity Catalog main.curated.* 
2026-05-20 04:55:44 INFO  Stage 1 running…
2026-05-20 04:58:24 ERROR JDBCRDD: Connection timed out after 30000ms while reading from source DB.
2026-05-20 04:58:25 ERROR   java.sql.SQLTransientConnectionException: HikariPool-1 - Connection is not available, request timed out after 30000ms
                       	at com.zaxxer.hikari.pool.HikariPool.getConnection(HikariPool.java:213)
                       	at org.apache.spark.sql.execution.datasources.jdbc.JDBCRDD.compute(...)
2026-05-20 04:58:27 ERROR [marketing_attribution.attribute_revenue] Task failed on attempt 1 (exit_code=1)",1,True,1
marketing_attribution,2026-05-20,attribute_revenue,2026-05-20 05:00:34,2026-05-20 05:02:39,"2026-05-20 05:00:34 INFO  [marketing_attribution.attribute_revenue] TaskInstance started — attempt 2
2026-05-20 05:00:36 INFO  Acquiring Spark session on job cluster (Photon enabled, DBR 15.4 LTS)
2026-05-20 05:00:39 INFO  Reading inputs from Unity Catalog main.curated.* 
2026-05-20 05:01:36 INFO  Stage 1 running…
2026-05-20 05:02:36 ERROR JDBCRDD: Connection timed out after 30000ms while reading from source DB.
2026-05-20 05:02:37 ERROR   java.sql.SQLTransientConnectionException: HikariPool-1 - Connection is not available, request timed out after 30000ms
                       	at com.zaxxer.hikari.pool.HikariPool.getConnection(HikariPool.java:213)
                       	at org.apache.spark.sql.execution.datasources.jdbc.JDBCRDD.compute(...)
2026-05-20 05:02:39 ERROR [marketing_attribution.attribute_revenue] Task failed on attempt 2 (exit_code=1)",2,True,1
marketing_attribution,2026-05-20,attribute_revenue,2026-05-20 05:03:53,2026-05-20 05:10:09,"2026-05-20 05:03:53 INFO  [marketing_attribution.attribute_revenue] TaskInstance started — attempt 3
2026-05-20 05:03:55 INFO  Acquiring Spark session on job cluster (Photon enabled, DBR 15.4 LTS)
2026-05-20 05:03:58 INFO  Reading inputs from Unity Catalog main.curated.* 
2026-05-20 05:07:01 INFO  Stage 1 complete — input rows processed
2026-05-20 05:10:07 INFO  Writing output Delta table (MERGE) 
2026-05-20 05:10:09 INFO  [marketing_attribution.attribute_revenue] Task completed successfully in 376s (exit_code=0)",3,True,0
finance_reconciliation,2026-05-20,extract_ledger,2026-05-20 05:26:35,2026-05-20 05:49:52,"2026-05-20 05:26:35 INFO  [finance_reconciliation.extract_ledger] TaskInstance started — attempt 1
2026-05-20 05:26:37 INFO  Acquiring Spark session on job cluster (Photon enabled, DBR 15.4 LTS)
2026-05-20 05:26:40 INFO  Reading inputs from Unity Catalog main.curated.* 
2026-05-20 05:38:13 INFO  Stage 1 complete — input rows processed
2026-05-20 05:49:50 INFO  Writing output Delta table (MERGE) 
2026-05-20 05:49:52 INFO  [finance_reconciliation.extract_ledger] Task completed successfully in 1397s (exit_code=0)",1,False,0
finance_reconciliation,2026-05-20,extract_payments,2026-05-20 05:50:25,2026-05-20 06:13:57,"2026-05-20 05:50:25 INFO  [finance_reconciliation.extract_payments] TaskInstance started — attempt 1
2026-05-20 05:50:27 INFO  Acquiring Spark session on job cluster (Photon enabled, DBR 15.4 LTS)
2026-05-20 05:50:30 INFO  Reading inputs from Unity Catalog main.curated.* 
2026-05-20 06:02:11 INFO  Stage 1 complete — input rows processed
2026-05-20 06:13:55 INFO  Writing output Delta table (MERGE) 
2026-05-20 06:13:57 INFO  [finance_reconciliation.extract_payments] Task completed successfully in 1412s (exit_code=0)",1,False,0
finance_reconciliation,2026-05-20,reconcile,2026-05-20 06:14:48,2026-05-20 06:34:37,"2026-05-20 06:14:48 INFO  [finance_reconciliation.reconcile] TaskInstance started — attempt 1
2026-05-20 06:14:50 INFO  Acquiring Spark session on job cluster (Photon enabled, DBR 15.4 LTS)
2026-05-20 06:14:53 INFO  Reading inputs from Unity Catalog main.curated.* 
2026-05-20 06:24:42 INFO  Stage 1 complete — input rows processed
2026-05-20 06:34:35 INFO  Writing output Delta table (MERGE) 
2026-05-20 06:34:37 INFO  [finance_reconciliation.reconcile] Task completed successfully in 1189s (exit_code=0)",1,False,0
finance_reconciliation,2026-05-20,gl_validation,2026-05-20 06:34:42,2026-05-20 06:38:17,"2026-05-20 06:34:42 INFO  [finance_reconciliation.gl_validation] TaskInstance started — attempt 1
2026-05-20 06:34:44 INFO  Acquiring Spark session on job cluster (Photon enabled, DBR 15.4 LTS)
2026-05-20 06:34:47 INFO  Reading inputs from Unity Catalog main.curated.* 
2026-05-20 06:36:29 INFO  Stage 1 running…
2026-05-20 06:38:14 ERROR Executor: Exception in task 47.0 in stage 12.0 (TID 1893) java.lang.OutOfMemoryError: Java heap space
2026-05-20 06:38:15 ERROR   java.lang.OutOfMemoryError: Java heap space
                       	at org.apache.spark.sql.execution.aggregate.HashAggregateExec.doExecute(HashAggregateExec.scala:101)
                       	at org.apache.spark.sql.execution.exchange.ShuffleExchangeExec.prepareShuffleDependency(...)
                       	at org.apache.spark.scheduler.Task.run(Task.scala:139)
2026-05-20 06:38:17 ERROR [finance_reconciliation.gl_validation] Task failed on attempt 1 (exit_code=1)",1,True,1
finance_reconciliation,2026-05-20,gl_validation,2026-05-20 06:40:17,2026-05-20 06:43:38,"2026-05-20 06:40:17 INFO  [finance_reconciliation.gl_validation] TaskInstance started — attempt 2
2026-05-20 06:40:19 INFO  Acquiring Spark session on job cluster (Photon enabled, DBR 15.4 LTS)
2026-05-20 06:40:22 INFO  Reading inputs from Unity Catalog main.curated.* 
2026-05-20 06:41:57 INFO  Stage 1 running…
2026-05-20 06:43:35 ERROR Executor: Exception in task 47.0 in stage 12.0 (TID 1893) java.lang.OutOfMemoryError: Java heap space
2026-05-20 06:43:36 ERROR   java.lang.OutOfMemoryError: Java heap space
                       	at org.apache.spark.sql.execution.aggregate.HashAggregateExec.doExecute(HashAggregateExec.scala:101)
                       	at org.apache.spark.sql.execution.exchange.ShuffleExchangeExec.prepareShuffleDependency(...)
                       	at org.apache.spark.scheduler.Task.run(Task.scala:139)
2026-05-20 06:43:38 ERROR [finance_reconciliation.gl_validation] Task failed on attempt 2 (exit_code=1)",2,True,1
finance_reconciliation,2026-05-20,gl_validation,2026-05-20 06:44:52,2026-05-20 06:49:22,"2026-05-20 06:44:52 INFO  [finance_reconciliation.gl_validation] TaskInstance started — attempt 3
2026-05-20 06:44:54 INFO  Acquiring Spark session on job cluster (Photon enabled, DBR 15.4 LTS)
2026-05-20 06:44:57 INFO  Reading inputs from Unity Catalog main.curated.* 
2026-05-20 06:47:07 INFO  Stage 1 complete — input rows processed
2026-05-20 06:49:20 INFO  Writing output Delta table (MERGE) 
2026-05-20 06:49:22 INFO  [finance_reconciliation.gl_validation] Task completed successfully in 270s (exit_code=0)",3,True,0
finance_reconciliation,2026-05-20,export_report,2026-05-20 06:50:16,2026-05-20 06:55:47,"2026-05-20 06:50:16 INFO  [finance_reconciliation.export_report] TaskInstance started — attempt 1
2026-05-20 06:50:18 INFO  Acquiring Spark session on job cluster (Photon enabled, DBR 15.4 LTS)
2026-05-20 06:50:21 INFO  Reading inputs from Unity Catalog main.curated.* 
2026-05-20 06:53:01 INFO  Stage 1 running…
2026-05-20 06:55:44 ERROR JDBCRDD: Connection timed out after 30000ms while reading from source DB.
2026-05-20 06:55:45 ERROR   java.sql.SQLTransientConnectionException: HikariPool-1 - Connection is not available, request timed out after 30000ms
                       	at com.zaxxer.hikari.pool.HikariPool.getConnection(HikariPool.java:213)
                       	at org.apache.spark.sql.execution.datasources.jdbc.JDBCRDD.compute(...)
2026-05-20 06:55:47 ERROR [finance_reconciliation.export_report] Task failed on attempt 1 (exit_code=1)",1,True,1
finance_reconciliation,2026-05-20,export_report,2026-05-20 06:57:38,2026-05-20 07:04:12,"2026-05-20 06:57:38 INFO  [finance_reconciliation.export_report] TaskInstance started — attempt 2
2026-05-20 06:57:40 INFO  Acquiring Spark session on job cluster (Photon enabled, DBR 15.4 LTS)
2026-05-20 06:57:43 INFO  Reading inputs from Unity Catalog main.curated.* 
2026-05-20 07:00:55 INFO  Stage 1 complete — input rows processed
2026-05-20 07:04:10 INFO  Writing output Delta table (MERGE) 
2026-05-20 07:04:12 INFO  [finance_reconciliation.export_report] Task completed successfully in 394s (exit_code=0)",2,True,0
clickstream_ingest,2026-05-20,read_kafka_offsets,2026-05-20 00:19:41,2026-05-20 00:44:34,"2026-05-20 00:19:41 INFO  [clickstream_ingest.read_kafka_offsets] TaskInstance started — attempt 1
2026-05-20 00:19:43 INFO  Acquiring Spark session on job cluster (Photon enabled, DBR 15.4 LTS)
2026-05-20 00:19:46 INFO  Reading inputs from Unity Catalog main.curated.* 
2026-05-20 00:32:07 INFO  Stage 1 complete — input rows processed
2026-05-20 00:44:32 INFO  Writing output Delta table (MERGE) 
2026-05-20 00:44:34 INFO  [clickstream_ingest.read_kafka_offsets] Task completed successfully in 1493s (exit_code=0)",1,False,0
clickstream_ingest,2026-05-20,parse_events,2026-05-20 00:45:18,2026-05-20 00:54:15,"2026-05-20 00:45:18 INFO  [clickstream_ingest.parse_events] TaskInstance started — attempt 1
2026-05-20 00:45:20 INFO  Acquiring Spark session on job cluster (Photon enabled, DBR 15.4 LTS)
2026-05-20 00:45:23 INFO  Reading inputs from Unity Catalog main.curated.* 
2026-05-20 00:49:46 INFO  Stage 1 complete — input rows processed
2026-05-20 00:54:13 INFO  Writing output Delta table (MERGE) 
2026-05-20 00:54:15 INFO  [clickstream_ingest.parse_events] Task completed successfully in 537s (exit_code=0)",1,False,0
clickstream_ingest,2026-05-20,sessionize,2026-05-20 00:54:24,2026-05-20 01:07:38,"2026-05-20 00:54:24 INFO  [clickstream_ingest.sessionize] TaskInstance started — attempt 1
2026-05-20 00:54:26 INFO  Acquiring Spark session on job cluster (Photon enabled, DBR 15.4 LTS)
2026-05-20 00:54:29 INFO  Reading inputs from Unity Catalog main.curated.* 
2026-05-20 01:01:01 INFO  Stage 1 complete — input rows processed
2026-05-20 01:07:36 INFO  Writing output Delta table (MERGE) 
2026-05-20 01:07:38 INFO  [clickstream_ingest.sessionize] Task completed successfully in 794s (exit_code=0)",1,False,0
clickstream_ingest,2026-05-20,write_bronze,2026-05-20 01:08:29,2026-05-20 01:27:47,"2026-05-20 01:08:29 INFO  [clickstream_ingest.write_bronze] TaskInstance started — attempt 1
2026-05-20 01:08:31 INFO  Acquiring Spark session on job cluster (Photon enabled, DBR 15.4 LTS)
2026-05-20 01:08:34 INFO  Reading inputs from Unity Catalog main.curated.* 
2026-05-20 01:18:08 INFO  Stage 1 complete — input rows processed
2026-05-20 01:27:45 INFO  Writing output Delta table (MERGE) 
2026-05-20 01:27:47 INFO  [clickstream_ingest.write_bronze] Task completed successfully in 1158s (exit_code=0)",1,False,0
clickstream_ingest,2026-05-20,write_silver,2026-05-20 01:27:52,2026-05-20 01:43:40,"2026-05-20 01:27:52 INFO  [clickstream_ingest.write_silver] TaskInstance started — attempt 1
2026-05-20 01:27:54 INFO  Acquiring Spark session on job cluster (Photon enabled, DBR 15.4 LTS)
2026-05-20 01:27:57 INFO  Reading inputs from Unity Catalog main.curated.* 
2026-05-20 01:35:46 INFO  Stage 1 complete — input rows processed
2026-05-20 01:43:38 INFO  Writing output Delta table (MERGE) 
2026-05-20 01:43:40 INFO  [clickstream_ingest.write_silver] Task completed successfully in 948s (exit_code=0)",1,False,0
ml_feature_store,2026-05-20,fetch_training_data,2026-05-20 06:29:29,2026-05-20 06:40:11,"2026-05-20 06:29:29 INFO  [ml_feature_store.fetch_training_data] TaskInstance started — attempt 1
2026-05-20 06:29:31 INFO  Acquiring Spark session on job cluster (Photon enabled, DBR 15.4 LTS)
2026-05-20 06:29:34 INFO  Reading inputs from Unity Catalog main.curated.* 
2026-05-20 06:34:50 INFO  Stage 1 complete — input rows processed
2026-05-20 06:40:09 INFO  Writing output Delta table (MERGE) 
2026-05-20 06:40:11 INFO  [ml_feature_store.fetch_training_data] Task completed successfully in 642s (exit_code=0)",1,False,0
ml_feature_store,2026-05-20,compute_features,2026-05-20 06:40:32,2026-05-20 06:51:27,"2026-05-20 06:40:32 INFO  [ml_feature_store.compute_features] TaskInstance started — attempt 1
2026-05-20 06:40:34 INFO  Acquiring Spark session on job cluster (Photon enabled, DBR 15.4 LTS)
2026-05-20 06:40:37 INFO  Reading inputs from Unity Catalog main.curated.* 
2026-05-20 06:45:59 INFO  Stage 1 complete — input rows processed
2026-05-20 06:51:25 INFO  Writing output Delta table (MERGE) 
2026-05-20 06:51:27 INFO  [ml_feature_store.compute_features] Task completed successfully in 655s (exit_code=0)",1,False,0
ml_feature_store,2026-05-20,validate_features,2026-05-20 06:51:39,2026-05-20 07:06:06,"2026-05-20 06:51:39 INFO  [ml_feature_store.validate_features] TaskInstance started — attempt 1
2026-05-20 06:51:41 INFO  Acquiring Spark session on job cluster (Photon enabled, DBR 15.4 LTS)
2026-05-20 06:51:44 INFO  Reading inputs from Unity Catalog main.curated.* 
2026-05-20 06:58:52 INFO  Stage 1 complete — input rows processed
2026-05-20 07:06:04 INFO  Writing output Delta table (MERGE) 
2026-05-20 07:06:06 INFO  [ml_feature_store.validate_features] Task completed successfully in 867s (exit_code=0)",1,False,0
ml_feature_store,2026-05-20,materialize_online,2026-05-20 07:06:55,2026-05-20 07:18:54,"2026-05-20 07:06:55 INFO  [ml_feature_store.materialize_online] TaskInstance started — attempt 1
2026-05-20 07:06:57 INFO  Acquiring Spark session on job cluster (Photon enabled, DBR 15.4 LTS)
2026-05-20 07:07:00 INFO  Reading inputs from Unity Catalog main.curated.* 
2026-05-20 07:12:54 INFO  Stage 1 running…
2026-05-20 07:18:51 ERROR Analyzer: cannot resolve column 'customer_id' — upstream schema changed.
2026-05-20 07:18:52 ERROR   org.apache.spark.sql.AnalysisException: cannot resolve 'customer_id' given input columns: [cust_id, ...]
                       	at org.apache.spark.sql.catalyst.analysis.CheckAnalysis.failAnalysis(...)
                       	at org.apache.spark.sql.Dataset.select(Dataset.scala:1685)
2026-05-20 07:18:54 ERROR [ml_feature_store.materialize_online] Task failed on attempt 1 (exit_code=1)",1,False,1
ml_feature_store,2026-05-20,materialize_online,2026-05-20 07:22:56,2026-05-20 07:34:55,"2026-05-20 07:22:56 INFO  [ml_feature_store.materialize_online] TaskInstance started — attempt 2
2026-05-20 07:22:58 INFO  Acquiring Spark session on job cluster (Photon enabled, DBR 15.4 LTS)
2026-05-20 07:23:01 INFO  Reading inputs from Unity Catalog main.curated.* 
2026-05-20 07:28:55 INFO  Stage 1 running…
2026-05-20 07:34:52 ERROR Analyzer: cannot resolve column 'customer_id' — upstream schema changed.
2026-05-20 07:34:53 ERROR   org.apache.spark.sql.AnalysisException: cannot resolve 'customer_id' given input columns: [cust_id, ...]
                       	at org.apache.spark.sql.catalyst.analysis.CheckAnalysis.failAnalysis(...)
                       	at org.apache.spark.sql.Dataset.select(Dataset.scala:1685)
2026-05-20 07:34:55 ERROR [ml_feature_store.materialize_online] Task failed on attempt 2 (exit_code=1)",2,False,1
ml_feature_store,2026-05-20,materialize_online,2026-05-20 07:36:08,2026-05-20 07:48:07,"2026-05-20 07:36:08 INFO  [ml_feature_store.materialize_online] TaskInstance started — attempt 3
2026-05-20 07:36:10 INFO  Acquiring Spark session on job cluster (Photon enabled, DBR 15.4 LTS)
2026-05-20 07:36:13 INFO  Reading inputs from Unity Catalog main.curated.* 
2026-05-20 07:42:07 INFO  Stage 1 running…
2026-05-20 07:48:04 ERROR Analyzer: cannot resolve column 'customer_id' — upstream schema changed.
2026-05-20 07:48:05 ERROR   org.apache.spark.sql.AnalysisException: cannot resolve 'customer_id' given input columns: [cust_id, ...]
                       	at org.apache.spark.sql.catalyst.analysis.CheckAnalysis.failAnalysis(...)
                       	at org.apache.spark.sql.Dataset.select(Dataset.scala:1685)
2026-05-20 07:48:07 ERROR [ml_feature_store.materialize_online] Task failed on attempt 3 (exit_code=1)",3,False,1
ml_feature_store,2026-05-20,materialize_online,2026-05-20 07:50:15,2026-05-20 08:02:14,"2026-05-20 07:50:15 INFO  [ml_feature_store.materialize_online] TaskInstance started — attempt 4
2026-05-20 07:50:17 INFO  Acquiring Spark session on job cluster (Photon enabled, DBR 15.4 LTS)
2026-05-20 07:50:20 INFO  Reading inputs from Unity Catalog main.curated.* 
2026-05-20 07:56:14 INFO  Stage 1 running…
2026-05-20 08:02:11 ERROR Analyzer: cannot resolve column 'customer_id' — upstream schema changed.
2026-05-20 08:02:12 ERROR   org.apache.spark.sql.AnalysisException: cannot resolve 'customer_id' given input columns: [cust_id, ...]
                       	at org.apache.spark.sql.catalyst.analysis.CheckAnalysis.failAnalysis(...)
                       	at org.apache.spark.sql.Dataset.select(Dataset.scala:1685)
2026-05-20 08:02:14 ERROR [ml_feature_store.materialize_online] Task failed on attempt 4 (exit_code=1)",4,False,1
data_quality_checks,2026-05-20,load_snapshots,2026-05-20 07:17:43,2026-05-20 07:38:34,"2026-05-20 07:17:43 INFO  [data_quality_checks.load_snapshots] TaskInstance started — attempt 1
2026-05-20 07:17:45 INFO  Acquiring Spark session on job cluster (Photon enabled, DBR 15.4 LTS)
2026-05-20 07:17:48 INFO  Reading inputs from Unity Catalog main.curated.* 
2026-05-20 07:28:08 INFO  Stage 1 complete — input rows processed
2026-05-20 07:38:32 INFO  Writing output Delta table (MERGE) 
2026-05-20 07:38:34 INFO  [data_quality_checks.load_snapshots] Task completed successfully in 1251s (exit_code=0)",1,False,0
data_quality_checks,2026-05-20,run_expectations,2026-05-20 07:38:57,2026-05-20 08:03:51,"2026-05-20 07:38:57 INFO  [data_quality_checks.run_expectations] TaskInstance started — attempt 1
2026-05-20 07:38:59 INFO  Acquiring Spark session on job cluster (Photon enabled, DBR 15.4 LTS)
2026-05-20 07:39:02 INFO  Reading inputs from Unity Catalog main.curated.* 
2026-05-20 07:51:24 INFO  Stage 1 complete — input rows processed
2026-05-20 08:03:49 INFO  Writing output Delta table (MERGE) 
2026-05-20 08:03:51 INFO  [data_quality_checks.run_expectations] Task completed successfully in 1494s (exit_code=0)",1,False,0
data_quality_checks,2026-05-20,summarize_results,2026-05-20 08:04:09,2026-05-20 08:10:03,"2026-05-20 08:04:09 INFO  [data_quality_checks.summarize_results] TaskInstance started — attempt 1
2026-05-20 08:04:11 INFO  Acquiring Spark session on job cluster (Photon enabled, DBR 15.4 LTS)
2026-05-20 08:04:14 INFO  Reading inputs from Unity Catalog main.curated.* 
2026-05-20 08:07:06 INFO  Stage 1 complete — input rows processed
2026-05-20 08:10:01 INFO  Writing output Delta table (MERGE) 
2026-05-20 08:10:03 INFO  [data_quality_checks.summarize_results] Task completed successfully in 354s (exit_code=0)",1,False,0
revenue_reporting,2026-05-20,aggregate_daily_revenue,2026-05-20 08:05:16,2026-05-20 08:15:11,"2026-05-20 08:05:16 INFO  [revenue_reporting.aggregate_daily_revenue] TaskInstance started — attempt 1
2026-05-20 08:05:18 INFO  Acquiring Spark session on job cluster (Photon enabled, DBR 15.4 LTS)
2026-05-20 08:05:21 INFO  Reading inputs from Unity Catalog main.curated.* 
2026-05-20 08:10:13 INFO  Stage 1 complete — input rows processed
2026-05-20 08:15:09 INFO  Writing output Delta table (MERGE) 
2026-05-20 08:15:11 INFO  [revenue_reporting.aggregate_daily_revenue] Task completed successfully in 595s (exit_code=0)",1,False,0
revenue_reporting,2026-05-20,currency_convert,2026-05-20 08:16:03,2026-05-20 08:30:12,"2026-05-20 08:16:03 INFO  [revenue_reporting.currency_convert] TaskInstance started — attempt 1
2026-05-20 08:16:05 INFO  Acquiring Spark session on job cluster (Photon enabled, DBR 15.4 LTS)
2026-05-20 08:16:08 INFO  Reading inputs from Unity Catalog main.curated.* 
2026-05-20 08:23:07 INFO  Stage 1 complete — input rows processed
2026-05-20 08:30:10 INFO  Writing output Delta table (MERGE) 
2026-05-20 08:30:12 INFO  [revenue_reporting.currency_convert] Task completed successfully in 849s (exit_code=0)",1,False,0
revenue_reporting,2026-05-20,build_dashboards_tbl,2026-05-20 08:30:41,2026-05-20 08:44:53,"2026-05-20 08:30:41 INFO  [revenue_reporting.build_dashboards_tbl] TaskInstance started — attempt 1
2026-05-20 08:30:43 INFO  Acquiring Spark session on job cluster (Photon enabled, DBR 15.4 LTS)
2026-05-20 08:30:46 INFO  Reading inputs from Unity Catalog main.curated.* 
2026-05-20 08:37:47 INFO  Stage 1 complete — input rows processed
2026-05-20 08:44:51 INFO  Writing output Delta table (MERGE) 
2026-05-20 08:44:53 INFO  [revenue_reporting.build_dashboards_tbl] Task completed successfully in 852s (exit_code=0)",1,False,0
user_segmentation,2026-05-20,load_activity,2026-05-20 09:29:54,2026-05-20 09:51:12,"2026-05-20 09:29:54 INFO  [user_segmentation.load_activity] TaskInstance started — attempt 1
2026-05-20 09:29:56 INFO  Acquiring Spark session on job cluster (Photon enabled, DBR 15.4 LTS)
2026-05-20 09:29:59 INFO  Reading inputs from Unity Catalog main.curated.* 
2026-05-20 09:40:33 INFO  Stage 1 complete — input rows processed
2026-05-20 09:51:10 INFO  Writing output Delta table (MERGE) 
2026-05-20 09:51:12 INFO  [user_segmentation.load_activity] Task completed successfully in 1278s (exit_code=0)",1,False,0
user_segmentation,2026-05-20,compute_rfm,2026-05-20 09:52:10,2026-05-20 10:13:16,"2026-05-20 09:52:10 INFO  [user_segmentation.compute_rfm] TaskInstance started — attempt 1
2026-05-20 09:52:12 INFO  Acquiring Spark session on job cluster (Photon enabled, DBR 15.4 LTS)
2026-05-20 09:52:15 INFO  Reading inputs from Unity Catalog main.curated.* 
2026-05-20 10:02:43 INFO  Stage 1 complete — input rows processed
2026-05-20 10:13:14 INFO  Writing output Delta table (MERGE) 
2026-05-20 10:13:16 INFO  [user_segmentation.compute_rfm] Task completed successfully in 1266s (exit_code=0)",1,False,0
user_segmentation,2026-05-20,assign_segments,2026-05-20 10:14:15,2026-05-20 10:18:09,"2026-05-20 10:14:15 INFO  [user_segmentation.assign_segments] TaskInstance started — attempt 1
2026-05-20 10:14:17 INFO  Acquiring Spark session on job cluster (Photon enabled, DBR 15.4 LTS)
2026-05-20 10:14:20 INFO  Reading inputs from Unity Catalog main.curated.* 
2026-05-20 10:16:12 INFO  Stage 1 complete — input rows processed
2026-05-20 10:18:07 INFO  Writing output Delta table (MERGE) 
2026-05-20 10:18:09 INFO  [user_segmentation.assign_segments] Task completed successfully in 234s (exit_code=0)",1,False,0
user_segmentation,2026-05-20,push_to_crm,2026-05-20 10:19:00,2026-05-20 10:29:58,"2026-05-20 10:19:00 INFO  [user_segmentation.push_to_crm] TaskInstance started — attempt 1
2026-05-20 10:19:02 INFO  Acquiring Spark session on job cluster (Photon enabled, DBR 15.4 LTS)
2026-05-20 10:19:05 INFO  Reading inputs from Unity Catalog main.curated.* 
2026-05-20 10:24:29 INFO  Stage 1 complete — input rows processed
2026-05-20 10:29:56 INFO  Writing output Delta table (MERGE) 
2026-05-20 10:29:58 INFO  [user_segmentation.push_to_crm] Task completed successfully in 658s (exit_code=0)",1,False,0
daily_sales_etl,2026-05-21,extract_orders,2026-05-21 02:25:13,2026-05-21 02:48:11,"2026-05-21 02:25:13 INFO  [daily_sales_etl.extract_orders] TaskInstance started — attempt 1
2026-05-21 02:25:15 INFO  Acquiring Spark session on job cluster (Photon enabled, DBR 15.4 LTS)
2026-05-21 02:25:18 INFO  Reading inputs from Unity Catalog main.curated.* 
2026-05-21 02:36:42 INFO  Stage 1 complete — input rows processed
2026-05-21 02:48:09 INFO  Writing output Delta table (MERGE) 
2026-05-21 02:48:11 INFO  [daily_sales_etl.extract_orders] Task completed successfully in 1378s (exit_code=0)",1,False,0
daily_sales_etl,2026-05-21,extract_returns,2026-05-21 02:48:26,2026-05-21 02:55:44,"2026-05-21 02:48:26 INFO  [daily_sales_etl.extract_returns] TaskInstance started — attempt 1
2026-05-21 02:48:28 INFO  Acquiring Spark session on job cluster (Photon enabled, DBR 15.4 LTS)
2026-05-21 02:48:31 INFO  Reading inputs from Unity Catalog main.curated.* 
2026-05-21 02:52:05 INFO  Stage 1 running…
2026-05-21 02:55:41 ERROR Executor: Exception in task 47.0 in stage 12.0 (TID 1893) java.lang.OutOfMemoryError: Java heap space
2026-05-21 02:55:42 ERROR   java.lang.OutOfMemoryError: Java heap space
                       	at org.apache.spark.sql.execution.aggregate.HashAggregateExec.doExecute(HashAggregateExec.scala:101)
                       	at org.apache.spark.sql.execution.exchange.ShuffleExchangeExec.prepareShuffleDependency(...)
                       	at org.apache.spark.scheduler.Task.run(Task.scala:139)
2026-05-21 02:55:44 ERROR [daily_sales_etl.extract_returns] Task failed on attempt 1 (exit_code=1)",1,True,1
daily_sales_etl,2026-05-21,extract_returns,2026-05-21 02:57:25,2026-05-21 03:05:21,"2026-05-21 02:57:25 INFO  [daily_sales_etl.extract_returns] TaskInstance started — attempt 2
2026-05-21 02:57:27 INFO  Acquiring Spark session on job cluster (Photon enabled, DBR 15.4 LTS)
2026-05-21 02:57:30 INFO  Reading inputs from Unity Catalog main.curated.* 
2026-05-21 03:01:23 INFO  Stage 1 complete — input rows processed
2026-05-21 03:05:19 INFO  Writing output Delta table (MERGE) 
2026-05-21 03:05:21 INFO  [daily_sales_etl.extract_returns] Task completed successfully in 476s (exit_code=0)",2,True,0
daily_sales_etl,2026-05-21,transform_sales,2026-05-21 03:05:48,2026-05-21 03:13:38,"2026-05-21 03:05:48 INFO  [daily_sales_etl.transform_sales] TaskInstance started — attempt 1
2026-05-21 03:05:50 INFO  Acquiring Spark session on job cluster (Photon enabled, DBR 15.4 LTS)
2026-05-21 03:05:53 INFO  Reading inputs from Unity Catalog main.curated.* 
2026-05-21 03:09:43 INFO  Stage 1 complete — input rows processed
2026-05-21 03:13:36 INFO  Writing output Delta table (MERGE) 
2026-05-21 03:13:38 INFO  [daily_sales_etl.transform_sales] Task completed successfully in 470s (exit_code=0)",1,False,0
daily_sales_etl,2026-05-21,dq_check_sales,2026-05-21 03:13:44,2026-05-21 03:18:09,"2026-05-21 03:13:44 INFO  [daily_sales_etl.dq_check_sales] TaskInstance started — attempt 1
2026-05-21 03:13:46 INFO  Acquiring Spark session on job cluster (Photon enabled, DBR 15.4 LTS)
2026-05-21 03:13:49 INFO  Reading inputs from Unity Catalog main.curated.* 
2026-05-21 03:15:56 INFO  Stage 1 complete — input rows processed
2026-05-21 03:18:07 INFO  Writing output Delta table (MERGE) 
2026-05-21 03:18:09 INFO  [daily_sales_etl.dq_check_sales] Task completed successfully in 265s (exit_code=0)",1,False,0
daily_sales_etl,2026-05-21,load_fact_sales,2026-05-21 03:18:55,2026-05-21 03:21:28,"2026-05-21 03:18:55 INFO  [daily_sales_etl.load_fact_sales] TaskInstance started — attempt 1
2026-05-21 03:18:57 INFO  Acquiring Spark session on job cluster (Photon enabled, DBR 15.4 LTS)
2026-05-21 03:19:00 INFO  Reading inputs from Unity Catalog main.curated.* 
2026-05-21 03:20:11 INFO  Stage 1 running…
2026-05-21 03:21:25 ERROR Executor: Exception in task 47.0 in stage 12.0 (TID 1893) java.lang.OutOfMemoryError: Java heap space
2026-05-21 03:21:26 ERROR   java.lang.OutOfMemoryError: Java heap space
                       	at org.apache.spark.sql.execution.aggregate.HashAggregateExec.doExecute(HashAggregateExec.scala:101)
                       	at org.apache.spark.sql.execution.exchange.ShuffleExchangeExec.prepareShuffleDependency(...)
                       	at org.apache.spark.scheduler.Task.run(Task.scala:139)
2026-05-21 03:21:28 ERROR [daily_sales_etl.load_fact_sales] Task failed on attempt 1 (exit_code=1)",1,True,1
daily_sales_etl,2026-05-21,load_fact_sales,2026-05-21 03:24:59,2026-05-21 03:49:37,"2026-05-21 03:24:59 INFO  [daily_sales_etl.load_fact_sales] TaskInstance started — attempt 2
2026-05-21 03:25:01 INFO  Acquiring Spark session on job cluster (Photon enabled, DBR 15.4 LTS)
2026-05-21 03:25:04 INFO  Reading inputs from Unity Catalog main.curated.* 
2026-05-21 03:37:18 INFO  Stage 1 complete — input rows processed
2026-05-21 03:49:35 INFO  Writing output Delta table (MERGE) 
2026-05-21 03:49:37 INFO  [daily_sales_etl.load_fact_sales] Task completed successfully in 1478s (exit_code=0)",2,True,0
customer_360_pipeline,2026-05-21,ingest_crm,2026-05-21 01:11:12,2026-05-21 01:32:25,"2026-05-21 01:11:12 INFO  [customer_360_pipeline.ingest_crm] TaskInstance started — attempt 1
2026-05-21 01:11:14 INFO  Acquiring Spark session on job cluster (Photon enabled, DBR 15.4 LTS)
2026-05-21 01:11:17 INFO  Reading inputs from Unity Catalog main.curated.* 
2026-05-21 01:21:48 INFO  Stage 1 complete — input rows processed
2026-05-21 01:32:23 INFO  Writing output Delta table (MERGE) 
2026-05-21 01:32:25 INFO  [customer_360_pipeline.ingest_crm] Task completed successfully in 1273s (exit_code=0)",1,False,0
customer_360_pipeline,2026-05-21,ingest_web_events,2026-05-21 01:32:34,2026-05-21 01:48:40,"2026-05-21 01:32:34 INFO  [customer_360_pipeline.ingest_web_events] TaskInstance started — attempt 1
2026-05-21 01:32:36 INFO  Acquiring Spark session on job cluster (Photon enabled, DBR 15.4 LTS)
2026-05-21 01:32:39 INFO  Reading inputs from Unity Catalog main.curated.* 
2026-05-21 01:40:37 INFO  Stage 1 complete — input rows processed
2026-05-21 01:48:38 INFO  Writing output Delta table (MERGE) 
2026-05-21 01:48:40 INFO  [customer_360_pipeline.ingest_web_events] Task completed successfully in 966s (exit_code=0)",1,False,0
customer_360_pipeline,2026-05-21,resolve_identity,2026-05-21 01:48:58,2026-05-21 01:58:54,"2026-05-21 01:48:58 INFO  [customer_360_pipeline.resolve_identity] TaskInstance started — attempt 1
2026-05-21 01:49:00 INFO  Acquiring Spark session on job cluster (Photon enabled, DBR 15.4 LTS)
2026-05-21 01:49:03 INFO  Reading inputs from Unity Catalog main.curated.* 
2026-05-21 01:53:56 INFO  Stage 1 complete — input rows processed
2026-05-21 01:58:52 INFO  Writing output Delta table (MERGE) 
2026-05-21 01:58:54 INFO  [customer_360_pipeline.resolve_identity] Task completed successfully in 596s (exit_code=0)",1,False,0
customer_360_pipeline,2026-05-21,build_profiles,2026-05-21 01:59:01,2026-05-21 02:23:39,"2026-05-21 01:59:01 INFO  [customer_360_pipeline.build_profiles] TaskInstance started — attempt 1
2026-05-21 01:59:03 INFO  Acquiring Spark session on job cluster (Photon enabled, DBR 15.4 LTS)
2026-05-21 01:59:06 INFO  Reading inputs from Unity Catalog main.curated.* 
2026-05-21 02:11:20 INFO  Stage 1 complete — input rows processed
2026-05-21 02:23:37 INFO  Writing output Delta table (MERGE) 
2026-05-21 02:23:39 INFO  [customer_360_pipeline.build_profiles] Task completed successfully in 1478s (exit_code=0)",1,False,0
customer_360_pipeline,2026-05-21,publish_features,2026-05-21 02:24:32,2026-05-21 02:49:05,"2026-05-21 02:24:32 INFO  [customer_360_pipeline.publish_features] TaskInstance started — attempt 1
2026-05-21 02:24:34 INFO  Acquiring Spark session on job cluster (Photon enabled, DBR 15.4 LTS)
2026-05-21 02:24:37 INFO  Reading inputs from Unity Catalog main.curated.* 
2026-05-21 02:36:48 INFO  Stage 1 complete — input rows processed
2026-05-21 02:49:03 INFO  Writing output Delta table (MERGE) 
2026-05-21 02:49:05 INFO  [customer_360_pipeline.publish_features] Task completed successfully in 1473s (exit_code=0)",1,False,0
inventory_sync,2026-05-21,pull_warehouse_api,2026-05-21 03:03:08,2026-05-21 03:17:01,"2026-05-21 03:03:08 INFO  [inventory_sync.pull_warehouse_api] TaskInstance started — attempt 1
2026-05-21 03:03:10 INFO  Acquiring Spark session on job cluster (Photon enabled, DBR 15.4 LTS)
2026-05-21 03:03:13 INFO  Reading inputs from Unity Catalog main.curated.* 
2026-05-21 03:10:04 INFO  Stage 1 complete — input rows processed
2026-05-21 03:16:59 INFO  Writing output Delta table (MERGE) 
2026-05-21 03:17:01 INFO  [inventory_sync.pull_warehouse_api] Task completed successfully in 833s (exit_code=0)",1,False,0
inventory_sync,2026-05-21,normalize_sku,2026-05-21 03:17:22,2026-05-21 03:21:04,"2026-05-21 03:17:22 INFO  [inventory_sync.normalize_sku] TaskInstance started — attempt 1
2026-05-21 03:17:24 INFO  Acquiring Spark session on job cluster (Photon enabled, DBR 15.4 LTS)
2026-05-21 03:17:27 INFO  Reading inputs from Unity Catalog main.curated.* 
2026-05-21 03:19:13 INFO  Stage 1 running…
2026-05-21 03:21:01 ERROR JDBCRDD: Connection timed out after 30000ms while reading from source DB.
2026-05-21 03:21:02 ERROR   java.sql.SQLTransientConnectionException: HikariPool-1 - Connection is not available, request timed out after 30000ms
                       	at com.zaxxer.hikari.pool.HikariPool.getConnection(HikariPool.java:213)
                       	at org.apache.spark.sql.execution.datasources.jdbc.JDBCRDD.compute(...)
2026-05-21 03:21:04 ERROR [inventory_sync.normalize_sku] Task failed on attempt 1 (exit_code=1)",1,False,1
inventory_sync,2026-05-21,normalize_sku,2026-05-21 03:23:33,2026-05-21 03:27:15,"2026-05-21 03:23:33 INFO  [inventory_sync.normalize_sku] TaskInstance started — attempt 2
2026-05-21 03:23:35 INFO  Acquiring Spark session on job cluster (Photon enabled, DBR 15.4 LTS)
2026-05-21 03:23:38 INFO  Reading inputs from Unity Catalog main.curated.* 
2026-05-21 03:25:24 INFO  Stage 1 running…
2026-05-21 03:27:12 ERROR JDBCRDD: Connection timed out after 30000ms while reading from source DB.
2026-05-21 03:27:13 ERROR   java.sql.SQLTransientConnectionException: HikariPool-1 - Connection is not available, request timed out after 30000ms
                       	at com.zaxxer.hikari.pool.HikariPool.getConnection(HikariPool.java:213)
                       	at org.apache.spark.sql.execution.datasources.jdbc.JDBCRDD.compute(...)
2026-05-21 03:27:15 ERROR [inventory_sync.normalize_sku] Task failed on attempt 2 (exit_code=1)",2,False,1
inventory_sync,2026-05-21,normalize_sku,2026-05-21 03:29:20,2026-05-21 03:33:02,"2026-05-21 03:29:20 INFO  [inventory_sync.normalize_sku] TaskInstance started — attempt 3
2026-05-21 03:29:22 INFO  Acquiring Spark session on job cluster (Photon enabled, DBR 15.4 LTS)
2026-05-21 03:29:25 INFO  Reading inputs from Unity Catalog main.curated.* 
2026-05-21 03:31:11 INFO  Stage 1 running…
2026-05-21 03:32:59 ERROR JDBCRDD: Connection timed out after 30000ms while reading from source DB.
2026-05-21 03:33:00 ERROR   java.sql.SQLTransientConnectionException: HikariPool-1 - Connection is not available, request timed out after 30000ms
                       	at com.zaxxer.hikari.pool.HikariPool.getConnection(HikariPool.java:213)
                       	at org.apache.spark.sql.execution.datasources.jdbc.JDBCRDD.compute(...)
2026-05-21 03:33:02 ERROR [inventory_sync.normalize_sku] Task failed on attempt 3 (exit_code=1)",3,False,1
marketing_attribution,2026-05-21,load_ad_spend,2026-05-21 04:09:03,2026-05-21 04:24:36,"2026-05-21 04:09:03 INFO  [marketing_attribution.load_ad_spend] TaskInstance started — attempt 1
2026-05-21 04:09:05 INFO  Acquiring Spark session on job cluster (Photon enabled, DBR 15.4 LTS)
2026-05-21 04:09:08 INFO  Reading inputs from Unity Catalog main.curated.* 
2026-05-21 04:16:49 INFO  Stage 1 complete — input rows processed
2026-05-21 04:24:34 INFO  Writing output Delta table (MERGE) 
2026-05-21 04:24:36 INFO  [marketing_attribution.load_ad_spend] Task completed successfully in 933s (exit_code=0)",1,False,0
marketing_attribution,2026-05-21,load_conversions,2026-05-21 04:25:30,2026-05-21 04:49:02,"2026-05-21 04:25:30 INFO  [marketing_attribution.load_conversions] TaskInstance started — attempt 1
2026-05-21 04:25:32 INFO  Acquiring Spark session on job cluster (Photon enabled, DBR 15.4 LTS)
2026-05-21 04:25:35 INFO  Reading inputs from Unity Catalog main.curated.* 
2026-05-21 04:37:16 INFO  Stage 1 complete — input rows processed
2026-05-21 04:49:00 INFO  Writing output Delta table (MERGE) 
2026-05-21 04:49:02 INFO  [marketing_attribution.load_conversions] Task completed successfully in 1412s (exit_code=0)",1,False,0
marketing_attribution,2026-05-21,join_touchpoints,2026-05-21 04:50:01,2026-05-21 05:02:50,"2026-05-21 04:50:01 INFO  [marketing_attribution.join_touchpoints] TaskInstance started — attempt 1
2026-05-21 04:50:03 INFO  Acquiring Spark session on job cluster (Photon enabled, DBR 15.4 LTS)
2026-05-21 04:50:06 INFO  Reading inputs from Unity Catalog main.curated.* 
2026-05-21 04:56:25 INFO  Stage 1 complete — input rows processed
2026-05-21 05:02:48 INFO  Writing output Delta table (MERGE) 
2026-05-21 05:02:50 INFO  [marketing_attribution.join_touchpoints] Task completed successfully in 769s (exit_code=0)",1,False,0
marketing_attribution,2026-05-21,attribute_revenue,2026-05-21 05:02:56,2026-05-21 05:08:56,"2026-05-21 05:02:56 INFO  [marketing_attribution.attribute_revenue] TaskInstance started — attempt 1
2026-05-21 05:02:58 INFO  Acquiring Spark session on job cluster (Photon enabled, DBR 15.4 LTS)
2026-05-21 05:03:01 INFO  Reading inputs from Unity Catalog main.curated.* 
2026-05-21 05:05:56 INFO  Stage 1 running…
2026-05-21 05:08:53 ERROR Executor: Exception in task 47.0 in stage 12.0 (TID 1893) java.lang.OutOfMemoryError: Java heap space
2026-05-21 05:08:54 ERROR   java.lang.OutOfMemoryError: Java heap space
                       	at org.apache.spark.sql.execution.aggregate.HashAggregateExec.doExecute(HashAggregateExec.scala:101)
                       	at org.apache.spark.sql.execution.exchange.ShuffleExchangeExec.prepareShuffleDependency(...)
                       	at org.apache.spark.scheduler.Task.run(Task.scala:139)
2026-05-21 05:08:56 ERROR [marketing_attribution.attribute_revenue] Task failed on attempt 1 (exit_code=1)",1,True,1
marketing_attribution,2026-05-21,attribute_revenue,2026-05-21 05:12:56,2026-05-21 05:15:20,"2026-05-21 05:12:56 INFO  [marketing_attribution.attribute_revenue] TaskInstance started — attempt 2
2026-05-21 05:12:58 INFO  Acquiring Spark session on job cluster (Photon enabled, DBR 15.4 LTS)
2026-05-21 05:13:01 INFO  Reading inputs from Unity Catalog main.curated.* 
2026-05-21 05:14:08 INFO  Stage 1 running…
2026-05-21 05:15:17 ERROR Executor: Exception in task 47.0 in stage 12.0 (TID 1893) java.lang.OutOfMemoryError: Java heap space
2026-05-21 05:15:18 ERROR   java.lang.OutOfMemoryError: Java heap space
                       	at org.apache.spark.sql.execution.aggregate.HashAggregateExec.doExecute(HashAggregateExec.scala:101)
                       	at org.apache.spark.sql.execution.exchange.ShuffleExchangeExec.prepareShuffleDependency(...)
                       	at org.apache.spark.scheduler.Task.run(Task.scala:139)
2026-05-21 05:15:20 ERROR [marketing_attribution.attribute_revenue] Task failed on attempt 2 (exit_code=1)",2,True,1
marketing_attribution,2026-05-21,attribute_revenue,2026-05-21 05:18:37,2026-05-21 05:35:42,"2026-05-21 05:18:37 INFO  [marketing_attribution.attribute_revenue] TaskInstance started — attempt 3
2026-05-21 05:18:39 INFO  Acquiring Spark session on job cluster (Photon enabled, DBR 15.4 LTS)
2026-05-21 05:18:42 INFO  Reading inputs from Unity Catalog main.curated.* 
2026-05-21 05:27:09 INFO  Stage 1 complete — input rows processed
2026-05-21 05:35:40 INFO  Writing output Delta table (MERGE) 
2026-05-21 05:35:42 INFO  [marketing_attribution.attribute_revenue] Task completed successfully in 1025s (exit_code=0)",3,True,0
finance_reconciliation,2026-05-21,extract_ledger,2026-05-21 05:06:45,2026-05-21 05:12:51,"2026-05-21 05:06:45 INFO  [finance_reconciliation.extract_ledger] TaskInstance started — attempt 1
2026-05-21 05:06:47 INFO  Acquiring Spark session on job cluster (Photon enabled, DBR 15.4 LTS)
2026-05-21 05:06:50 INFO  Reading inputs from Unity Catalog main.curated.* 
2026-05-21 05:09:48 INFO  Stage 1 complete — input rows processed
2026-05-21 05:12:49 INFO  Writing output Delta table (MERGE) 
2026-05-21 05:12:51 INFO  [finance_reconciliation.extract_ledger] Task completed successfully in 366s (exit_code=0)",1,False,0
finance_reconciliation,2026-05-21,extract_payments,2026-05-21 05:13:14,2026-05-21 05:22:02,"2026-05-21 05:13:14 INFO  [finance_reconciliation.extract_payments] TaskInstance started — attempt 1
2026-05-21 05:13:16 INFO  Acquiring Spark session on job cluster (Photon enabled, DBR 15.4 LTS)
2026-05-21 05:13:19 INFO  Reading inputs from Unity Catalog main.curated.* 
2026-05-21 05:17:38 INFO  Stage 1 complete — input rows processed
2026-05-21 05:22:00 INFO  Writing output Delta table (MERGE) 
2026-05-21 05:22:02 INFO  [finance_reconciliation.extract_payments] Task completed successfully in 528s (exit_code=0)",1,False,0
finance_reconciliation,2026-05-21,reconcile,2026-05-21 05:22:40,2026-05-21 05:32:33,"2026-05-21 05:22:40 INFO  [finance_reconciliation.reconcile] TaskInstance started — attempt 1
2026-05-21 05:22:42 INFO  Acquiring Spark session on job cluster (Photon enabled, DBR 15.4 LTS)
2026-05-21 05:22:45 INFO  Reading inputs from Unity Catalog main.curated.* 
2026-05-21 05:27:36 INFO  Stage 1 complete — input rows processed
2026-05-21 05:32:31 INFO  Writing output Delta table (MERGE) 
2026-05-21 05:32:33 INFO  [finance_reconciliation.reconcile] Task completed successfully in 593s (exit_code=0)",1,False,0
finance_reconciliation,2026-05-21,gl_validation,2026-05-21 05:33:26,2026-05-21 05:39:37,"2026-05-21 05:33:26 INFO  [finance_reconciliation.gl_validation] TaskInstance started — attempt 1
2026-05-21 05:33:28 INFO  Acquiring Spark session on job cluster (Photon enabled, DBR 15.4 LTS)
2026-05-21 05:33:31 INFO  Reading inputs from Unity Catalog main.curated.* 
2026-05-21 05:36:31 INFO  Stage 1 running…
2026-05-21 05:39:34 ERROR TaskRunner: Task exceeded execution_timeout (3600s) and was terminated.
2026-05-21 05:39:35 ERROR   java.util.concurrent.TimeoutException: Task exceeded the configured execution_timeout of 3600s
                       	at org.apache.airflow.executors.TaskRunner.enforceTimeout(...)
2026-05-21 05:39:37 ERROR [finance_reconciliation.gl_validation] Task failed on attempt 1 (exit_code=1)",1,True,1
finance_reconciliation,2026-05-21,gl_validation,2026-05-21 05:43:34,2026-05-21 05:48:24,"2026-05-21 05:43:34 INFO  [finance_reconciliation.gl_validation] TaskInstance started — attempt 2
2026-05-21 05:43:36 INFO  Acquiring Spark session on job cluster (Photon enabled, DBR 15.4 LTS)
2026-05-21 05:43:39 INFO  Reading inputs from Unity Catalog main.curated.* 
2026-05-21 05:45:59 INFO  Stage 1 complete — input rows processed
2026-05-21 05:48:22 INFO  Writing output Delta table (MERGE) 
2026-05-21 05:48:24 INFO  [finance_reconciliation.gl_validation] Task completed successfully in 290s (exit_code=0)",2,True,0
finance_reconciliation,2026-05-21,export_report,2026-05-21 05:49:19,2026-05-21 05:58:36,"2026-05-21 05:49:19 INFO  [finance_reconciliation.export_report] TaskInstance started — attempt 1
2026-05-21 05:49:21 INFO  Acquiring Spark session on job cluster (Photon enabled, DBR 15.4 LTS)
2026-05-21 05:49:24 INFO  Reading inputs from Unity Catalog main.curated.* 
2026-05-21 05:53:57 INFO  Stage 1 complete — input rows processed
2026-05-21 05:58:34 INFO  Writing output Delta table (MERGE) 
2026-05-21 05:58:36 INFO  [finance_reconciliation.export_report] Task completed successfully in 557s (exit_code=0)",1,False,0
clickstream_ingest,2026-05-21,read_kafka_offsets,2026-05-21 00:11:53,2026-05-21 00:34:36,"2026-05-21 00:11:53 INFO  [clickstream_ingest.read_kafka_offsets] TaskInstance started — attempt 1
2026-05-21 00:11:55 INFO  Acquiring Spark session on job cluster (Photon enabled, DBR 15.4 LTS)
2026-05-21 00:11:58 INFO  Reading inputs from Unity Catalog main.curated.* 
2026-05-21 00:23:14 INFO  Stage 1 complete — input rows processed
2026-05-21 00:34:34 INFO  Writing output Delta table (MERGE) 
2026-05-21 00:34:36 INFO  [clickstream_ingest.read_kafka_offsets] Task completed successfully in 1363s (exit_code=0)",1,False,0
clickstream_ingest,2026-05-21,parse_events,2026-05-21 00:34:59,2026-05-21 00:45:18,"2026-05-21 00:34:59 INFO  [clickstream_ingest.parse_events] TaskInstance started — attempt 1
2026-05-21 00:35:01 INFO  Acquiring Spark session on job cluster (Photon enabled, DBR 15.4 LTS)
2026-05-21 00:35:04 INFO  Reading inputs from Unity Catalog main.curated.* 
2026-05-21 00:40:08 INFO  Stage 1 complete — input rows processed
2026-05-21 00:45:16 INFO  Writing output Delta table (MERGE) 
2026-05-21 00:45:18 INFO  [clickstream_ingest.parse_events] Task completed successfully in 619s (exit_code=0)",1,False,0
clickstream_ingest,2026-05-21,sessionize,2026-05-21 00:45:37,2026-05-21 01:05:37,"2026-05-21 00:45:37 INFO  [clickstream_ingest.sessionize] TaskInstance started — attempt 1
2026-05-21 00:45:39 INFO  Acquiring Spark session on job cluster (Photon enabled, DBR 15.4 LTS)
2026-05-21 00:45:42 INFO  Reading inputs from Unity Catalog main.curated.* 
2026-05-21 00:55:37 INFO  Stage 1 complete — input rows processed
2026-05-21 01:05:35 INFO  Writing output Delta table (MERGE) 
2026-05-21 01:05:37 INFO  [clickstream_ingest.sessionize] Task completed successfully in 1200s (exit_code=0)",1,False,0
clickstream_ingest,2026-05-21,write_bronze,2026-05-21 01:06:22,2026-05-21 01:12:07,"2026-05-21 01:06:22 INFO  [clickstream_ingest.write_bronze] TaskInstance started — attempt 1
2026-05-21 01:06:24 INFO  Acquiring Spark session on job cluster (Photon enabled, DBR 15.4 LTS)
2026-05-21 01:06:27 INFO  Reading inputs from Unity Catalog main.curated.* 
2026-05-21 01:09:14 INFO  Stage 1 complete — input rows processed
2026-05-21 01:12:05 INFO  Writing output Delta table (MERGE) 
2026-05-21 01:12:07 INFO  [clickstream_ingest.write_bronze] Task completed successfully in 345s (exit_code=0)",1,False,0
clickstream_ingest,2026-05-21,write_silver,2026-05-21 01:12:56,2026-05-21 01:35:05,"2026-05-21 01:12:56 INFO  [clickstream_ingest.write_silver] TaskInstance started — attempt 1
2026-05-21 01:12:58 INFO  Acquiring Spark session on job cluster (Photon enabled, DBR 15.4 LTS)
2026-05-21 01:13:01 INFO  Reading inputs from Unity Catalog main.curated.* 
2026-05-21 01:24:00 INFO  Stage 1 complete — input rows processed
2026-05-21 01:35:03 INFO  Writing output Delta table (MERGE) 
2026-05-21 01:35:05 INFO  [clickstream_ingest.write_silver] Task completed successfully in 1329s (exit_code=0)",1,False,0
ml_feature_store,2026-05-21,fetch_training_data,2026-05-21 06:10:22,2026-05-21 06:27:46,"2026-05-21 06:10:22 INFO  [ml_feature_store.fetch_training_data] TaskInstance started — attempt 1
2026-05-21 06:10:24 INFO  Acquiring Spark session on job cluster (Photon enabled, DBR 15.4 LTS)
2026-05-21 06:10:27 INFO  Reading inputs from Unity Catalog main.curated.* 
2026-05-21 06:19:04 INFO  Stage 1 complete — input rows processed
2026-05-21 06:27:44 INFO  Writing output Delta table (MERGE) 
2026-05-21 06:27:46 INFO  [ml_feature_store.fetch_training_data] Task completed successfully in 1044s (exit_code=0)",1,False,0
ml_feature_store,2026-05-21,compute_features,2026-05-21 06:27:52,2026-05-21 06:43:33,"2026-05-21 06:27:52 INFO  [ml_feature_store.compute_features] TaskInstance started — attempt 1
2026-05-21 06:27:54 INFO  Acquiring Spark session on job cluster (Photon enabled, DBR 15.4 LTS)
2026-05-21 06:27:57 INFO  Reading inputs from Unity Catalog main.curated.* 
2026-05-21 06:35:42 INFO  Stage 1 complete — input rows processed
2026-05-21 06:43:31 INFO  Writing output Delta table (MERGE) 
2026-05-21 06:43:33 INFO  [ml_feature_store.compute_features] Task completed successfully in 941s (exit_code=0)",1,False,0
ml_feature_store,2026-05-21,validate_features,2026-05-21 06:43:54,2026-05-21 07:01:30,"2026-05-21 06:43:54 INFO  [ml_feature_store.validate_features] TaskInstance started — attempt 1
2026-05-21 06:43:56 INFO  Acquiring Spark session on job cluster (Photon enabled, DBR 15.4 LTS)
2026-05-21 06:43:59 INFO  Reading inputs from Unity Catalog main.curated.* 
2026-05-21 06:52:42 INFO  Stage 1 complete — input rows processed
2026-05-21 07:01:28 INFO  Writing output Delta table (MERGE) 
2026-05-21 07:01:30 INFO  [ml_feature_store.validate_features] Task completed successfully in 1056s (exit_code=0)",1,False,0
ml_feature_store,2026-05-21,materialize_online,2026-05-21 07:02:07,2026-05-21 07:10:57,"2026-05-21 07:02:07 INFO  [ml_feature_store.materialize_online] TaskInstance started — attempt 1
2026-05-21 07:02:09 INFO  Acquiring Spark session on job cluster (Photon enabled, DBR 15.4 LTS)
2026-05-21 07:02:12 INFO  Reading inputs from Unity Catalog main.curated.* 
2026-05-21 07:06:32 INFO  Stage 1 running…
2026-05-21 07:10:54 ERROR DataSource: Path does not exist for the current run partition; 0 input files matched.
2026-05-21 07:10:55 ERROR   org.apache.spark.sql.AnalysisException: Path does not exist: s3://lake/raw/materialize_online/dt=...
                       	at org.apache.spark.sql.execution.datasources.DataSource.checkAndGlobPathIfNecessary(...)
                       	at org.apache.spark.sql.DataFrameReader.load(DataFrameReader.scala:309)
2026-05-21 07:10:57 ERROR [ml_feature_store.materialize_online] Task failed on attempt 1 (exit_code=1)",1,False,1
ml_feature_store,2026-05-21,materialize_online,2026-05-21 07:13:34,2026-05-21 07:22:24,"2026-05-21 07:13:34 INFO  [ml_feature_store.materialize_online] TaskInstance started — attempt 2
2026-05-21 07:13:36 INFO  Acquiring Spark session on job cluster (Photon enabled, DBR 15.4 LTS)
2026-05-21 07:13:39 INFO  Reading inputs from Unity Catalog main.curated.* 
2026-05-21 07:17:59 INFO  Stage 1 running…
2026-05-21 07:22:21 ERROR DataSource: Path does not exist for the current run partition; 0 input files matched.
2026-05-21 07:22:22 ERROR   org.apache.spark.sql.AnalysisException: Path does not exist: s3://lake/raw/materialize_online/dt=...
                       	at org.apache.spark.sql.execution.datasources.DataSource.checkAndGlobPathIfNecessary(...)
                       	at org.apache.spark.sql.DataFrameReader.load(DataFrameReader.scala:309)
2026-05-21 07:22:24 ERROR [ml_feature_store.materialize_online] Task failed on attempt 2 (exit_code=1)",2,False,1
ml_feature_store,2026-05-21,materialize_online,2026-05-21 07:27:10,2026-05-21 07:36:00,"2026-05-21 07:27:10 INFO  [ml_feature_store.materialize_online] TaskInstance started — attempt 3
2026-05-21 07:27:12 INFO  Acquiring Spark session on job cluster (Photon enabled, DBR 15.4 LTS)
2026-05-21 07:27:15 INFO  Reading inputs from Unity Catalog main.curated.* 
2026-05-21 07:31:35 INFO  Stage 1 running…
2026-05-21 07:35:57 ERROR DataSource: Path does not exist for the current run partition; 0 input files matched.
2026-05-21 07:35:58 ERROR   org.apache.spark.sql.AnalysisException: Path does not exist: s3://lake/raw/materialize_online/dt=...
                       	at org.apache.spark.sql.execution.datasources.DataSource.checkAndGlobPathIfNecessary(...)
                       	at org.apache.spark.sql.DataFrameReader.load(DataFrameReader.scala:309)
2026-05-21 07:36:00 ERROR [ml_feature_store.materialize_online] Task failed on attempt 3 (exit_code=1)",3,False,1
ml_feature_store,2026-05-21,materialize_online,2026-05-21 07:39:41,2026-05-21 07:48:31,"2026-05-21 07:39:41 INFO  [ml_feature_store.materialize_online] TaskInstance started — attempt 4
2026-05-21 07:39:43 INFO  Acquiring Spark session on job cluster (Photon enabled, DBR 15.4 LTS)
2026-05-21 07:39:46 INFO  Reading inputs from Unity Catalog main.curated.* 
2026-05-21 07:44:06 INFO  Stage 1 running…
2026-05-21 07:48:28 ERROR DataSource: Path does not exist for the current run partition; 0 input files matched.
2026-05-21 07:48:29 ERROR   org.apache.spark.sql.AnalysisException: Path does not exist: s3://lake/raw/materialize_online/dt=...
                       	at org.apache.spark.sql.execution.datasources.DataSource.checkAndGlobPathIfNecessary(...)
                       	at org.apache.spark.sql.DataFrameReader.load(DataFrameReader.scala:309)
2026-05-21 07:48:31 ERROR [ml_feature_store.materialize_online] Task failed on attempt 4 (exit_code=1)",4,False,1
data_quality_checks,2026-05-21,load_snapshots,2026-05-21 07:30:29,2026-05-21 07:53:45,"2026-05-21 07:30:29 INFO  [data_quality_checks.load_snapshots] TaskInstance started — attempt 1
2026-05-21 07:30:31 INFO  Acquiring Spark session on job cluster (Photon enabled, DBR 15.4 LTS)
2026-05-21 07:30:34 INFO  Reading inputs from Unity Catalog main.curated.* 
2026-05-21 07:42:07 INFO  Stage 1 complete — input rows processed
2026-05-21 07:53:43 INFO  Writing output Delta table (MERGE) 
2026-05-21 07:53:45 INFO  [data_quality_checks.load_snapshots] Task completed successfully in 1396s (exit_code=0)",1,False,0
data_quality_checks,2026-05-21,run_expectations,2026-05-21 07:54:38,2026-05-21 08:18:17,"2026-05-21 07:54:38 INFO  [data_quality_checks.run_expectations] TaskInstance started — attempt 1
2026-05-21 07:54:40 INFO  Acquiring Spark session on job cluster (Photon enabled, DBR 15.4 LTS)
2026-05-21 07:54:43 INFO  Reading inputs from Unity Catalog main.curated.* 
2026-05-21 08:06:27 INFO  Stage 1 complete — input rows processed
2026-05-21 08:18:15 INFO  Writing output Delta table (MERGE) 
2026-05-21 08:18:17 INFO  [data_quality_checks.run_expectations] Task completed successfully in 1419s (exit_code=0)",1,False,0
data_quality_checks,2026-05-21,summarize_results,2026-05-21 08:18:44,2026-05-21 08:41:35,"2026-05-21 08:18:44 INFO  [data_quality_checks.summarize_results] TaskInstance started — attempt 1
2026-05-21 08:18:46 INFO  Acquiring Spark session on job cluster (Photon enabled, DBR 15.4 LTS)
2026-05-21 08:18:49 INFO  Reading inputs from Unity Catalog main.curated.* 
2026-05-21 08:30:09 INFO  Stage 1 complete — input rows processed
2026-05-21 08:41:33 INFO  Writing output Delta table (MERGE) 
2026-05-21 08:41:35 INFO  [data_quality_checks.summarize_results] Task completed successfully in 1371s (exit_code=0)",1,False,0
revenue_reporting,2026-05-21,aggregate_daily_revenue,2026-05-21 08:27:53,2026-05-21 08:49:47,"2026-05-21 08:27:53 INFO  [revenue_reporting.aggregate_daily_revenue] TaskInstance started — attempt 1
2026-05-21 08:27:55 INFO  Acquiring Spark session on job cluster (Photon enabled, DBR 15.4 LTS)
2026-05-21 08:27:58 INFO  Reading inputs from Unity Catalog main.curated.* 
2026-05-21 08:38:50 INFO  Stage 1 complete — input rows processed
2026-05-21 08:49:45 INFO  Writing output Delta table (MERGE) 
2026-05-21 08:49:47 INFO  [revenue_reporting.aggregate_daily_revenue] Task completed successfully in 1314s (exit_code=0)",1,False,0
revenue_reporting,2026-05-21,currency_convert,2026-05-21 08:50:02,2026-05-21 09:08:50,"2026-05-21 08:50:02 INFO  [revenue_reporting.currency_convert] TaskInstance started — attempt 1
2026-05-21 08:50:04 INFO  Acquiring Spark session on job cluster (Photon enabled, DBR 15.4 LTS)
2026-05-21 08:50:07 INFO  Reading inputs from Unity Catalog main.curated.* 
2026-05-21 08:59:26 INFO  Stage 1 complete — input rows processed
2026-05-21 09:08:48 INFO  Writing output Delta table (MERGE) 
2026-05-21 09:08:50 INFO  [revenue_reporting.currency_convert] Task completed successfully in 1128s (exit_code=0)",1,False,0
revenue_reporting,2026-05-21,build_dashboards_tbl,2026-05-21 09:09:44,2026-05-21 09:21:30,"2026-05-21 09:09:44 INFO  [revenue_reporting.build_dashboards_tbl] TaskInstance started — attempt 1
2026-05-21 09:09:46 INFO  Acquiring Spark session on job cluster (Photon enabled, DBR 15.4 LTS)
2026-05-21 09:09:49 INFO  Reading inputs from Unity Catalog main.curated.* 
2026-05-21 09:15:37 INFO  Stage 1 complete — input rows processed
2026-05-21 09:21:28 INFO  Writing output Delta table (MERGE) 
2026-05-21 09:21:30 INFO  [revenue_reporting.build_dashboards_tbl] Task completed successfully in 706s (exit_code=0)",1,False,0
user_segmentation,2026-05-21,load_activity,2026-05-21 09:10:29,2026-05-21 09:21:36,"2026-05-21 09:10:29 INFO  [user_segmentation.load_activity] TaskInstance started — attempt 1
2026-05-21 09:10:31 INFO  Acquiring Spark session on job cluster (Photon enabled, DBR 15.4 LTS)
2026-05-21 09:10:34 INFO  Reading inputs from Unity Catalog main.curated.* 
2026-05-21 09:16:02 INFO  Stage 1 complete — input rows processed
2026-05-21 09:21:34 INFO  Writing output Delta table (MERGE) 
2026-05-21 09:21:36 INFO  [user_segmentation.load_activity] Task completed successfully in 667s (exit_code=0)",1,False,0
user_segmentation,2026-05-21,compute_rfm,2026-05-21 09:21:58,2026-05-21 09:35:15,"2026-05-21 09:21:58 INFO  [user_segmentation.compute_rfm] TaskInstance started — attempt 1
2026-05-21 09:22:00 INFO  Acquiring Spark session on job cluster (Photon enabled, DBR 15.4 LTS)
2026-05-21 09:22:03 INFO  Reading inputs from Unity Catalog main.curated.* 
2026-05-21 09:28:36 INFO  Stage 1 complete — input rows processed
2026-05-21 09:35:13 INFO  Writing output Delta table (MERGE) 
2026-05-21 09:35:15 INFO  [user_segmentation.compute_rfm] Task completed successfully in 797s (exit_code=0)",1,False,0
user_segmentation,2026-05-21,assign_segments,2026-05-21 09:36:12,2026-05-21 10:00:16,"2026-05-21 09:36:12 INFO  [user_segmentation.assign_segments] TaskInstance started — attempt 1
2026-05-21 09:36:14 INFO  Acquiring Spark session on job cluster (Photon enabled, DBR 15.4 LTS)
2026-05-21 09:36:17 INFO  Reading inputs from Unity Catalog main.curated.* 
2026-05-21 09:48:14 INFO  Stage 1 complete — input rows processed
2026-05-21 10:00:14 INFO  Writing output Delta table (MERGE) 
2026-05-21 10:00:16 INFO  [user_segmentation.assign_segments] Task completed successfully in 1444s (exit_code=0)",1,False,0
user_segmentation,2026-05-21,push_to_crm,2026-05-21 10:00:30,2026-05-21 10:11:57,"2026-05-21 10:00:30 INFO  [user_segmentation.push_to_crm] TaskInstance started — attempt 1
2026-05-21 10:00:32 INFO  Acquiring Spark session on job cluster (Photon enabled, DBR 15.4 LTS)
2026-05-21 10:00:35 INFO  Reading inputs from Unity Catalog main.curated.* 
2026-05-21 10:06:13 INFO  Stage 1 complete — input rows processed
2026-05-21 10:11:55 INFO  Writing output Delta table (MERGE) 
2026-05-21 10:11:57 INFO  [user_segmentation.push_to_crm] Task completed successfully in 687s (exit_code=0)",1,False,0
daily_sales_etl,2026-05-22,extract_orders,2026-05-22 02:16:22,2026-05-22 02:30:33,"2026-05-22 02:16:22 INFO  [daily_sales_etl.extract_orders] TaskInstance started — attempt 1
2026-05-22 02:16:24 INFO  Acquiring Spark session on job cluster (Photon enabled, DBR 15.4 LTS)
2026-05-22 02:16:27 INFO  Reading inputs from Unity Catalog main.curated.* 
2026-05-22 02:23:27 INFO  Stage 1 complete — input rows processed
2026-05-22 02:30:31 INFO  Writing output Delta table (MERGE) 
2026-05-22 02:30:33 INFO  [daily_sales_etl.extract_orders] Task completed successfully in 851s (exit_code=0)",1,False,0
daily_sales_etl,2026-05-22,extract_returns,2026-05-22 02:30:54,2026-05-22 02:37:22,"2026-05-22 02:30:54 INFO  [daily_sales_etl.extract_returns] TaskInstance started — attempt 1
2026-05-22 02:30:56 INFO  Acquiring Spark session on job cluster (Photon enabled, DBR 15.4 LTS)
2026-05-22 02:30:59 INFO  Reading inputs from Unity Catalog main.curated.* 
2026-05-22 02:34:08 INFO  Stage 1 complete — input rows processed
2026-05-22 02:37:20 INFO  Writing output Delta table (MERGE) 
2026-05-22 02:37:22 INFO  [daily_sales_etl.extract_returns] Task completed successfully in 388s (exit_code=0)",1,False,0
daily_sales_etl,2026-05-22,transform_sales,2026-05-22 02:38:09,2026-05-22 02:44:37,"2026-05-22 02:38:09 INFO  [daily_sales_etl.transform_sales] TaskInstance started — attempt 1
2026-05-22 02:38:11 INFO  Acquiring Spark session on job cluster (Photon enabled, DBR 15.4 LTS)
2026-05-22 02:38:14 INFO  Reading inputs from Unity Catalog main.curated.* 
2026-05-22 02:41:23 INFO  Stage 1 complete — input rows processed
2026-05-22 02:44:35 INFO  Writing output Delta table (MERGE) 
2026-05-22 02:44:37 INFO  [daily_sales_etl.transform_sales] Task completed successfully in 388s (exit_code=0)",1,False,0
daily_sales_etl,2026-05-22,dq_check_sales,2026-05-22 02:44:51,2026-05-22 02:52:54,"2026-05-22 02:44:51 INFO  [daily_sales_etl.dq_check_sales] TaskInstance started — attempt 1
2026-05-22 02:44:53 INFO  Acquiring Spark session on job cluster (Photon enabled, DBR 15.4 LTS)
2026-05-22 02:44:56 INFO  Reading inputs from Unity Catalog main.curated.* 
2026-05-22 02:48:52 INFO  Stage 1 complete — input rows processed
2026-05-22 02:52:52 INFO  Writing output Delta table (MERGE) 
2026-05-22 02:52:54 INFO  [daily_sales_etl.dq_check_sales] Task completed successfully in 483s (exit_code=0)",1,False,0
daily_sales_etl,2026-05-22,load_fact_sales,2026-05-22 02:53:45,2026-05-22 03:06:54,"2026-05-22 02:53:45 INFO  [daily_sales_etl.load_fact_sales] TaskInstance started — attempt 1
2026-05-22 02:53:47 INFO  Acquiring Spark session on job cluster (Photon enabled, DBR 15.4 LTS)
2026-05-22 02:53:50 INFO  Reading inputs from Unity Catalog main.curated.* 
2026-05-22 03:00:19 INFO  Stage 1 complete — input rows processed
2026-05-22 03:06:52 INFO  Writing output Delta table (MERGE) 
2026-05-22 03:06:54 INFO  [daily_sales_etl.load_fact_sales] Task completed successfully in 789s (exit_code=0)",1,False,0
customer_360_pipeline,2026-05-22,ingest_crm,2026-05-22 01:03:40,2026-05-22 01:16:15,"2026-05-22 01:03:40 INFO  [customer_360_pipeline.ingest_crm] TaskInstance started — attempt 1
2026-05-22 01:03:42 INFO  Acquiring Spark session on job cluster (Photon enabled, DBR 15.4 LTS)
2026-05-22 01:03:45 INFO  Reading inputs from Unity Catalog main.curated.* 
2026-05-22 01:09:57 INFO  Stage 1 complete — input rows processed
2026-05-22 01:16:13 INFO  Writing output Delta table (MERGE) 
2026-05-22 01:16:15 INFO  [customer_360_pipeline.ingest_crm] Task completed successfully in 755s (exit_code=0)",1,False,0
customer_360_pipeline,2026-05-22,ingest_web_events,2026-05-22 01:16:44,2026-05-22 01:24:39,"2026-05-22 01:16:44 INFO  [customer_360_pipeline.ingest_web_events] TaskInstance started — attempt 1
2026-05-22 01:16:46 INFO  Acquiring Spark session on job cluster (Photon enabled, DBR 15.4 LTS)
2026-05-22 01:16:49 INFO  Reading inputs from Unity Catalog main.curated.* 
2026-05-22 01:20:41 INFO  Stage 1 running…
2026-05-22 01:24:36 ERROR TaskRunner: Task exceeded execution_timeout (3600s) and was terminated.
2026-05-22 01:24:37 ERROR   java.util.concurrent.TimeoutException: Task exceeded the configured execution_timeout of 3600s
                       	at org.apache.airflow.executors.TaskRunner.enforceTimeout(...)
2026-05-22 01:24:39 ERROR [customer_360_pipeline.ingest_web_events] Task failed on attempt 1 (exit_code=1)",1,True,1
customer_360_pipeline,2026-05-22,ingest_web_events,2026-05-22 01:26:35,2026-05-22 01:32:51,"2026-05-22 01:26:35 INFO  [customer_360_pipeline.ingest_web_events] TaskInstance started — attempt 2
2026-05-22 01:26:37 INFO  Acquiring Spark session on job cluster (Photon enabled, DBR 15.4 LTS)
2026-05-22 01:26:40 INFO  Reading inputs from Unity Catalog main.curated.* 
2026-05-22 01:29:43 INFO  Stage 1 running…
2026-05-22 01:32:48 ERROR TaskRunner: Task exceeded execution_timeout (3600s) and was terminated.
2026-05-22 01:32:49 ERROR   java.util.concurrent.TimeoutException: Task exceeded the configured execution_timeout of 3600s
                       	at org.apache.airflow.executors.TaskRunner.enforceTimeout(...)
2026-05-22 01:32:51 ERROR [customer_360_pipeline.ingest_web_events] Task failed on attempt 2 (exit_code=1)",2,True,1
customer_360_pipeline,2026-05-22,ingest_web_events,2026-05-22 01:36:32,2026-05-22 01:55:22,"2026-05-22 01:36:32 INFO  [customer_360_pipeline.ingest_web_events] TaskInstance started — attempt 3
2026-05-22 01:36:34 INFO  Acquiring Spark session on job cluster (Photon enabled, DBR 15.4 LTS)
2026-05-22 01:36:37 INFO  Reading inputs from Unity Catalog main.curated.* 
2026-05-22 01:45:57 INFO  Stage 1 complete — input rows processed
2026-05-22 01:55:20 INFO  Writing output Delta table (MERGE) 
2026-05-22 01:55:22 INFO  [customer_360_pipeline.ingest_web_events] Task completed successfully in 1130s (exit_code=0)",3,True,0
customer_360_pipeline,2026-05-22,resolve_identity,2026-05-22 01:55:45,2026-05-22 01:57:47,"2026-05-22 01:55:45 INFO  [customer_360_pipeline.resolve_identity] TaskInstance started — attempt 1
2026-05-22 01:55:47 INFO  Acquiring Spark session on job cluster (Photon enabled, DBR 15.4 LTS)
2026-05-22 01:55:50 INFO  Reading inputs from Unity Catalog main.curated.* 
2026-05-22 01:56:46 INFO  Stage 1 running…
2026-05-22 01:57:44 ERROR ShuffleBlockFetcherIterator: Failed to fetch shuffle block from a lost executor.
2026-05-22 01:57:45 ERROR   org.apache.spark.shuffle.FetchFailedException: Failed to connect to executor-7.cluster:35421
                       	at org.apache.spark.storage.ShuffleBlockFetcherIterator.throwFetchFailedException(...)
                       	at org.apache.spark.scheduler.ShuffleMapTask.runTask(ShuffleMapTask.scala:99)
2026-05-22 01:57:47 ERROR [customer_360_pipeline.resolve_identity] Task failed on attempt 1 (exit_code=1)",1,True,1
customer_360_pipeline,2026-05-22,resolve_identity,2026-05-22 01:59:49,2026-05-22 02:09:33,"2026-05-22 01:59:49 INFO  [customer_360_pipeline.resolve_identity] TaskInstance started — attempt 2
2026-05-22 01:59:51 INFO  Acquiring Spark session on job cluster (Photon enabled, DBR 15.4 LTS)
2026-05-22 01:59:54 INFO  Reading inputs from Unity Catalog main.curated.* 
2026-05-22 02:04:41 INFO  Stage 1 running…
2026-05-22 02:09:30 ERROR ShuffleBlockFetcherIterator: Failed to fetch shuffle block from a lost executor.
2026-05-22 02:09:31 ERROR   org.apache.spark.shuffle.FetchFailedException: Failed to connect to executor-7.cluster:35421
                       	at org.apache.spark.storage.ShuffleBlockFetcherIterator.throwFetchFailedException(...)
                       	at org.apache.spark.scheduler.ShuffleMapTask.runTask(ShuffleMapTask.scala:99)
2026-05-22 02:09:33 ERROR [customer_360_pipeline.resolve_identity] Task failed on attempt 2 (exit_code=1)",2,True,1
customer_360_pipeline,2026-05-22,resolve_identity,2026-05-22 02:12:23,2026-05-22 02:31:11,"2026-05-22 02:12:23 INFO  [customer_360_pipeline.resolve_identity] TaskInstance started — attempt 3
2026-05-22 02:12:25 INFO  Acquiring Spark session on job cluster (Photon enabled, DBR 15.4 LTS)
2026-05-22 02:12:28 INFO  Reading inputs from Unity Catalog main.curated.* 
2026-05-22 02:21:47 INFO  Stage 1 complete — input rows processed
2026-05-22 02:31:09 INFO  Writing output Delta table (MERGE) 
2026-05-22 02:31:11 INFO  [customer_360_pipeline.resolve_identity] Task completed successfully in 1128s (exit_code=0)",3,True,0
customer_360_pipeline,2026-05-22,build_profiles,2026-05-22 02:32:00,2026-05-22 02:54:35,"2026-05-22 02:32:00 INFO  [customer_360_pipeline.build_profiles] TaskInstance started — attempt 1
2026-05-22 02:32:02 INFO  Acquiring Spark session on job cluster (Photon enabled, DBR 15.4 LTS)
2026-05-22 02:32:05 INFO  Reading inputs from Unity Catalog main.curated.* 
2026-05-22 02:43:17 INFO  Stage 1 complete — input rows processed
2026-05-22 02:54:33 INFO  Writing output Delta table (MERGE) 
2026-05-22 02:54:35 INFO  [customer_360_pipeline.build_profiles] Task completed successfully in 1355s (exit_code=0)",1,False,0
customer_360_pipeline,2026-05-22,publish_features,2026-05-22 02:55:21,2026-05-22 03:12:43,"2026-05-22 02:55:21 INFO  [customer_360_pipeline.publish_features] TaskInstance started — attempt 1
2026-05-22 02:55:23 INFO  Acquiring Spark session on job cluster (Photon enabled, DBR 15.4 LTS)
2026-05-22 02:55:26 INFO  Reading inputs from Unity Catalog main.curated.* 
2026-05-22 03:04:02 INFO  Stage 1 complete — input rows processed
2026-05-22 03:12:41 INFO  Writing output Delta table (MERGE) 
2026-05-22 03:12:43 INFO  [customer_360_pipeline.publish_features] Task completed successfully in 1042s (exit_code=0)",1,False,0
inventory_sync,2026-05-22,pull_warehouse_api,2026-05-22 03:23:41,2026-05-22 03:48:35,"2026-05-22 03:23:41 INFO  [inventory_sync.pull_warehouse_api] TaskInstance started — attempt 1
2026-05-22 03:23:43 INFO  Acquiring Spark session on job cluster (Photon enabled, DBR 15.4 LTS)
2026-05-22 03:23:46 INFO  Reading inputs from Unity Catalog main.curated.* 
2026-05-22 03:36:08 INFO  Stage 1 complete — input rows processed
2026-05-22 03:48:33 INFO  Writing output Delta table (MERGE) 
2026-05-22 03:48:35 INFO  [inventory_sync.pull_warehouse_api] Task completed successfully in 1494s (exit_code=0)",1,False,0
inventory_sync,2026-05-22,normalize_sku,2026-05-22 03:49:34,2026-05-22 04:00:22,"2026-05-22 03:49:34 INFO  [inventory_sync.normalize_sku] TaskInstance started — attempt 1
2026-05-22 03:49:36 INFO  Acquiring Spark session on job cluster (Photon enabled, DBR 15.4 LTS)
2026-05-22 03:49:39 INFO  Reading inputs from Unity Catalog main.curated.* 
2026-05-22 03:54:58 INFO  Stage 1 complete — input rows processed
2026-05-22 04:00:20 INFO  Writing output Delta table (MERGE) 
2026-05-22 04:00:22 INFO  [inventory_sync.normalize_sku] Task completed successfully in 648s (exit_code=0)",1,False,0
inventory_sync,2026-05-22,reconcile_stock,2026-05-22 04:01:08,2026-05-22 04:08:22,"2026-05-22 04:01:08 INFO  [inventory_sync.reconcile_stock] TaskInstance started — attempt 1
2026-05-22 04:01:10 INFO  Acquiring Spark session on job cluster (Photon enabled, DBR 15.4 LTS)
2026-05-22 04:01:13 INFO  Reading inputs from Unity Catalog main.curated.* 
2026-05-22 04:04:45 INFO  Stage 1 complete — input rows processed
2026-05-22 04:08:20 INFO  Writing output Delta table (MERGE) 
2026-05-22 04:08:22 INFO  [inventory_sync.reconcile_stock] Task completed successfully in 434s (exit_code=0)",1,False,0
inventory_sync,2026-05-22,write_delta,2026-05-22 04:08:47,2026-05-22 04:20:39,"2026-05-22 04:08:47 INFO  [inventory_sync.write_delta] TaskInstance started — attempt 1
2026-05-22 04:08:49 INFO  Acquiring Spark session on job cluster (Photon enabled, DBR 15.4 LTS)
2026-05-22 04:08:52 INFO  Reading inputs from Unity Catalog main.curated.* 
2026-05-22 04:14:43 INFO  Stage 1 complete — input rows processed
2026-05-22 04:20:37 INFO  Writing output Delta table (MERGE) 
2026-05-22 04:20:39 INFO  [inventory_sync.write_delta] Task completed successfully in 712s (exit_code=0)",1,False,0
marketing_attribution,2026-05-22,load_ad_spend,2026-05-22 04:28:26,2026-05-22 04:45:05,"2026-05-22 04:28:26 INFO  [marketing_attribution.load_ad_spend] TaskInstance started — attempt 1
2026-05-22 04:28:28 INFO  Acquiring Spark session on job cluster (Photon enabled, DBR 15.4 LTS)
2026-05-22 04:28:31 INFO  Reading inputs from Unity Catalog main.curated.* 
2026-05-22 04:36:45 INFO  Stage 1 complete — input rows processed
2026-05-22 04:45:03 INFO  Writing output Delta table (MERGE) 
2026-05-22 04:45:05 INFO  [marketing_attribution.load_ad_spend] Task completed successfully in 999s (exit_code=0)",1,False,0
marketing_attribution,2026-05-22,load_conversions,2026-05-22 04:45:50,2026-05-22 04:54:10,"2026-05-22 04:45:50 INFO  [marketing_attribution.load_conversions] TaskInstance started — attempt 1
2026-05-22 04:45:52 INFO  Acquiring Spark session on job cluster (Photon enabled, DBR 15.4 LTS)
2026-05-22 04:45:55 INFO  Reading inputs from Unity Catalog main.curated.* 
2026-05-22 04:50:00 INFO  Stage 1 complete — input rows processed
2026-05-22 04:54:08 INFO  Writing output Delta table (MERGE) 
2026-05-22 04:54:10 INFO  [marketing_attribution.load_conversions] Task completed successfully in 500s (exit_code=0)",1,False,0
marketing_attribution,2026-05-22,join_touchpoints,2026-05-22 04:54:42,2026-05-22 05:14:10,"2026-05-22 04:54:42 INFO  [marketing_attribution.join_touchpoints] TaskInstance started — attempt 1
2026-05-22 04:54:44 INFO  Acquiring Spark session on job cluster (Photon enabled, DBR 15.4 LTS)
2026-05-22 04:54:47 INFO  Reading inputs from Unity Catalog main.curated.* 
2026-05-22 05:04:26 INFO  Stage 1 complete — input rows processed
2026-05-22 05:14:08 INFO  Writing output Delta table (MERGE) 
2026-05-22 05:14:10 INFO  [marketing_attribution.join_touchpoints] Task completed successfully in 1168s (exit_code=0)",1,False,0
marketing_attribution,2026-05-22,attribute_revenue,2026-05-22 05:14:54,2026-05-22 05:31:52,"2026-05-22 05:14:54 INFO  [marketing_attribution.attribute_revenue] TaskInstance started — attempt 1
2026-05-22 05:14:56 INFO  Acquiring Spark session on job cluster (Photon enabled, DBR 15.4 LTS)
2026-05-22 05:14:59 INFO  Reading inputs from Unity Catalog main.curated.* 
2026-05-22 05:23:23 INFO  Stage 1 complete — input rows processed
2026-05-22 05:31:50 INFO  Writing output Delta table (MERGE) 
2026-05-22 05:31:52 INFO  [marketing_attribution.attribute_revenue] Task completed successfully in 1018s (exit_code=0)",1,False,0
finance_reconciliation,2026-05-22,extract_ledger,2026-05-22 05:29:55,2026-05-22 05:44:06,"2026-05-22 05:29:55 INFO  [finance_reconciliation.extract_ledger] TaskInstance started — attempt 1
2026-05-22 05:29:57 INFO  Acquiring Spark session on job cluster (Photon enabled, DBR 15.4 LTS)
2026-05-22 05:30:00 INFO  Reading inputs from Unity Catalog main.curated.* 
2026-05-22 05:37:00 INFO  Stage 1 complete — input rows processed
2026-05-22 05:44:04 INFO  Writing output Delta table (MERGE) 
2026-05-22 05:44:06 INFO  [finance_reconciliation.extract_ledger] Task completed successfully in 851s (exit_code=0)",1,False,0
finance_reconciliation,2026-05-22,extract_payments,2026-05-22 05:44:35,2026-05-22 06:04:18,"2026-05-22 05:44:35 INFO  [finance_reconciliation.extract_payments] TaskInstance started — attempt 1
2026-05-22 05:44:37 INFO  Acquiring Spark session on job cluster (Photon enabled, DBR 15.4 LTS)
2026-05-22 05:44:40 INFO  Reading inputs from Unity Catalog main.curated.* 
2026-05-22 05:54:26 INFO  Stage 1 complete — input rows processed
2026-05-22 06:04:16 INFO  Writing output Delta table (MERGE) 
2026-05-22 06:04:18 INFO  [finance_reconciliation.extract_payments] Task completed successfully in 1183s (exit_code=0)",1,False,0
finance_reconciliation,2026-05-22,reconcile,2026-05-22 06:04:29,2026-05-22 06:08:47,"2026-05-22 06:04:29 INFO  [finance_reconciliation.reconcile] TaskInstance started — attempt 1
2026-05-22 06:04:31 INFO  Acquiring Spark session on job cluster (Photon enabled, DBR 15.4 LTS)
2026-05-22 06:04:34 INFO  Reading inputs from Unity Catalog main.curated.* 
2026-05-22 06:06:38 INFO  Stage 1 complete — input rows processed
2026-05-22 06:08:45 INFO  Writing output Delta table (MERGE) 
2026-05-22 06:08:47 INFO  [finance_reconciliation.reconcile] Task completed successfully in 258s (exit_code=0)",1,False,0
finance_reconciliation,2026-05-22,gl_validation,2026-05-22 06:09:05,2026-05-22 06:17:34,"2026-05-22 06:09:05 INFO  [finance_reconciliation.gl_validation] TaskInstance started — attempt 1
2026-05-22 06:09:07 INFO  Acquiring Spark session on job cluster (Photon enabled, DBR 15.4 LTS)
2026-05-22 06:09:10 INFO  Reading inputs from Unity Catalog main.curated.* 
2026-05-22 06:13:19 INFO  Stage 1 complete — input rows processed
2026-05-22 06:17:32 INFO  Writing output Delta table (MERGE) 
2026-05-22 06:17:34 INFO  [finance_reconciliation.gl_validation] Task completed successfully in 509s (exit_code=0)",1,False,0
finance_reconciliation,2026-05-22,export_report,2026-05-22 06:17:51,2026-05-22 06:38:34,"2026-05-22 06:17:51 INFO  [finance_reconciliation.export_report] TaskInstance started — attempt 1
2026-05-22 06:17:53 INFO  Acquiring Spark session on job cluster (Photon enabled, DBR 15.4 LTS)
2026-05-22 06:17:56 INFO  Reading inputs from Unity Catalog main.curated.* 
2026-05-22 06:28:12 INFO  Stage 1 complete — input rows processed
2026-05-22 06:38:32 INFO  Writing output Delta table (MERGE) 
2026-05-22 06:38:34 INFO  [finance_reconciliation.export_report] Task completed successfully in 1243s (exit_code=0)",1,False,0
clickstream_ingest,2026-05-22,read_kafka_offsets,2026-05-22 00:18:29,2026-05-22 00:37:43,"2026-05-22 00:18:29 INFO  [clickstream_ingest.read_kafka_offsets] TaskInstance started — attempt 1
2026-05-22 00:18:31 INFO  Acquiring Spark session on job cluster (Photon enabled, DBR 15.4 LTS)
2026-05-22 00:18:34 INFO  Reading inputs from Unity Catalog main.curated.* 
2026-05-22 00:28:06 INFO  Stage 1 complete — input rows processed
2026-05-22 00:37:41 INFO  Writing output Delta table (MERGE) 
2026-05-22 00:37:43 INFO  [clickstream_ingest.read_kafka_offsets] Task completed successfully in 1154s (exit_code=0)",1,False,0
clickstream_ingest,2026-05-22,parse_events,2026-05-22 00:38:28,2026-05-22 00:54:05,"2026-05-22 00:38:28 INFO  [clickstream_ingest.parse_events] TaskInstance started — attempt 1
2026-05-22 00:38:30 INFO  Acquiring Spark session on job cluster (Photon enabled, DBR 15.4 LTS)
2026-05-22 00:38:33 INFO  Reading inputs from Unity Catalog main.curated.* 
2026-05-22 00:46:16 INFO  Stage 1 complete — input rows processed
2026-05-22 00:54:03 INFO  Writing output Delta table (MERGE) 
2026-05-22 00:54:05 INFO  [clickstream_ingest.parse_events] Task completed successfully in 937s (exit_code=0)",1,False,0
clickstream_ingest,2026-05-22,sessionize,2026-05-22 00:54:36,2026-05-22 01:13:11,"2026-05-22 00:54:36 INFO  [clickstream_ingest.sessionize] TaskInstance started — attempt 1
2026-05-22 00:54:38 INFO  Acquiring Spark session on job cluster (Photon enabled, DBR 15.4 LTS)
2026-05-22 00:54:41 INFO  Reading inputs from Unity Catalog main.curated.* 
2026-05-22 01:03:53 INFO  Stage 1 complete — input rows processed
2026-05-22 01:13:09 INFO  Writing output Delta table (MERGE) 
2026-05-22 01:13:11 INFO  [clickstream_ingest.sessionize] Task completed successfully in 1115s (exit_code=0)",1,False,0
clickstream_ingest,2026-05-22,write_bronze,2026-05-22 01:13:59,2026-05-22 01:23:15,"2026-05-22 01:13:59 INFO  [clickstream_ingest.write_bronze] TaskInstance started — attempt 1
2026-05-22 01:14:01 INFO  Acquiring Spark session on job cluster (Photon enabled, DBR 15.4 LTS)
2026-05-22 01:14:04 INFO  Reading inputs from Unity Catalog main.curated.* 
2026-05-22 01:18:37 INFO  Stage 1 complete — input rows processed
2026-05-22 01:23:13 INFO  Writing output Delta table (MERGE) 
2026-05-22 01:23:15 INFO  [clickstream_ingest.write_bronze] Task completed successfully in 556s (exit_code=0)",1,False,0
clickstream_ingest,2026-05-22,write_silver,2026-05-22 01:24:08,2026-05-22 01:31:18,"2026-05-22 01:24:08 INFO  [clickstream_ingest.write_silver] TaskInstance started — attempt 1
2026-05-22 01:24:10 INFO  Acquiring Spark session on job cluster (Photon enabled, DBR 15.4 LTS)
2026-05-22 01:24:13 INFO  Reading inputs from Unity Catalog main.curated.* 
2026-05-22 01:27:43 INFO  Stage 1 complete — input rows processed
2026-05-22 01:31:16 INFO  Writing output Delta table (MERGE) 
2026-05-22 01:31:18 INFO  [clickstream_ingest.write_silver] Task completed successfully in 430s (exit_code=0)",1,False,0
ml_feature_store,2026-05-22,fetch_training_data,2026-05-22 06:11:40,2026-05-22 06:21:28,"2026-05-22 06:11:40 INFO  [ml_feature_store.fetch_training_data] TaskInstance started — attempt 1
2026-05-22 06:11:42 INFO  Acquiring Spark session on job cluster (Photon enabled, DBR 15.4 LTS)
2026-05-22 06:11:45 INFO  Reading inputs from Unity Catalog main.curated.* 
2026-05-22 06:16:34 INFO  Stage 1 running…
2026-05-22 06:21:25 ERROR Executor: Exception in task 47.0 in stage 12.0 (TID 1893) java.lang.OutOfMemoryError: Java heap space
2026-05-22 06:21:26 ERROR   java.lang.OutOfMemoryError: Java heap space
                       	at org.apache.spark.sql.execution.aggregate.HashAggregateExec.doExecute(HashAggregateExec.scala:101)
                       	at org.apache.spark.sql.execution.exchange.ShuffleExchangeExec.prepareShuffleDependency(...)
                       	at org.apache.spark.scheduler.Task.run(Task.scala:139)
2026-05-22 06:21:28 ERROR [ml_feature_store.fetch_training_data] Task failed on attempt 1 (exit_code=1)",1,True,1
ml_feature_store,2026-05-22,fetch_training_data,2026-05-22 06:24:15,2026-05-22 06:31:36,"2026-05-22 06:24:15 INFO  [ml_feature_store.fetch_training_data] TaskInstance started — attempt 2
2026-05-22 06:24:17 INFO  Acquiring Spark session on job cluster (Photon enabled, DBR 15.4 LTS)
2026-05-22 06:24:20 INFO  Reading inputs from Unity Catalog main.curated.* 
2026-05-22 06:27:55 INFO  Stage 1 running…
2026-05-22 06:31:33 ERROR Executor: Exception in task 47.0 in stage 12.0 (TID 1893) java.lang.OutOfMemoryError: Java heap space
2026-05-22 06:31:34 ERROR   java.lang.OutOfMemoryError: Java heap space
                       	at org.apache.spark.sql.execution.aggregate.HashAggregateExec.doExecute(HashAggregateExec.scala:101)
                       	at org.apache.spark.sql.execution.exchange.ShuffleExchangeExec.prepareShuffleDependency(...)
                       	at org.apache.spark.scheduler.Task.run(Task.scala:139)
2026-05-22 06:31:36 ERROR [ml_feature_store.fetch_training_data] Task failed on attempt 2 (exit_code=1)",2,True,1
ml_feature_store,2026-05-22,fetch_training_data,2026-05-22 06:35:34,2026-05-22 06:52:12,"2026-05-22 06:35:34 INFO  [ml_feature_store.fetch_training_data] TaskInstance started — attempt 3
2026-05-22 06:35:36 INFO  Acquiring Spark session on job cluster (Photon enabled, DBR 15.4 LTS)
2026-05-22 06:35:39 INFO  Reading inputs from Unity Catalog main.curated.* 
2026-05-22 06:43:53 INFO  Stage 1 complete — input rows processed
2026-05-22 06:52:10 INFO  Writing output Delta table (MERGE) 
2026-05-22 06:52:12 INFO  [ml_feature_store.fetch_training_data] Task completed successfully in 998s (exit_code=0)",3,True,0
ml_feature_store,2026-05-22,compute_features,2026-05-22 06:53:00,2026-05-22 07:08:01,"2026-05-22 06:53:00 INFO  [ml_feature_store.compute_features] TaskInstance started — attempt 1
2026-05-22 06:53:02 INFO  Acquiring Spark session on job cluster (Photon enabled, DBR 15.4 LTS)
2026-05-22 06:53:05 INFO  Reading inputs from Unity Catalog main.curated.* 
2026-05-22 07:00:30 INFO  Stage 1 complete — input rows processed
2026-05-22 07:07:59 INFO  Writing output Delta table (MERGE) 
2026-05-22 07:08:01 INFO  [ml_feature_store.compute_features] Task completed successfully in 901s (exit_code=0)",1,False,0
ml_feature_store,2026-05-22,validate_features,2026-05-22 07:08:12,2026-05-22 07:18:51,"2026-05-22 07:08:12 INFO  [ml_feature_store.validate_features] TaskInstance started — attempt 1
2026-05-22 07:08:14 INFO  Acquiring Spark session on job cluster (Photon enabled, DBR 15.4 LTS)
2026-05-22 07:08:17 INFO  Reading inputs from Unity Catalog main.curated.* 
2026-05-22 07:13:31 INFO  Stage 1 running…
2026-05-22 07:18:48 ERROR ShuffleBlockFetcherIterator: Failed to fetch shuffle block from a lost executor.
2026-05-22 07:18:49 ERROR   org.apache.spark.shuffle.FetchFailedException: Failed to connect to executor-7.cluster:35421
                       	at org.apache.spark.storage.ShuffleBlockFetcherIterator.throwFetchFailedException(...)
                       	at org.apache.spark.scheduler.ShuffleMapTask.runTask(ShuffleMapTask.scala:99)
2026-05-22 07:18:51 ERROR [ml_feature_store.validate_features] Task failed on attempt 1 (exit_code=1)",1,False,1
ml_feature_store,2026-05-22,validate_features,2026-05-22 07:21:08,2026-05-22 07:31:47,"2026-05-22 07:21:08 INFO  [ml_feature_store.validate_features] TaskInstance started — attempt 2
2026-05-22 07:21:10 INFO  Acquiring Spark session on job cluster (Photon enabled, DBR 15.4 LTS)
2026-05-22 07:21:13 INFO  Reading inputs from Unity Catalog main.curated.* 
2026-05-22 07:26:27 INFO  Stage 1 running…
2026-05-22 07:31:44 ERROR ShuffleBlockFetcherIterator: Failed to fetch shuffle block from a lost executor.
2026-05-22 07:31:45 ERROR   org.apache.spark.shuffle.FetchFailedException: Failed to connect to executor-7.cluster:35421
                       	at org.apache.spark.storage.ShuffleBlockFetcherIterator.throwFetchFailedException(...)
                       	at org.apache.spark.scheduler.ShuffleMapTask.runTask(ShuffleMapTask.scala:99)
2026-05-22 07:31:47 ERROR [ml_feature_store.validate_features] Task failed on attempt 2 (exit_code=1)",2,False,1
ml_feature_store,2026-05-22,validate_features,2026-05-22 07:35:56,2026-05-22 07:46:35,"2026-05-22 07:35:56 INFO  [ml_feature_store.validate_features] TaskInstance started — attempt 3
2026-05-22 07:35:58 INFO  Acquiring Spark session on job cluster (Photon enabled, DBR 15.4 LTS)
2026-05-22 07:36:01 INFO  Reading inputs from Unity Catalog main.curated.* 
2026-05-22 07:41:15 INFO  Stage 1 running…
2026-05-22 07:46:32 ERROR ShuffleBlockFetcherIterator: Failed to fetch shuffle block from a lost executor.
2026-05-22 07:46:33 ERROR   org.apache.spark.shuffle.FetchFailedException: Failed to connect to executor-7.cluster:35421
                       	at org.apache.spark.storage.ShuffleBlockFetcherIterator.throwFetchFailedException(...)
                       	at org.apache.spark.scheduler.ShuffleMapTask.runTask(ShuffleMapTask.scala:99)
2026-05-22 07:46:35 ERROR [ml_feature_store.validate_features] Task failed on attempt 3 (exit_code=1)",3,False,1
ml_feature_store,2026-05-22,validate_features,2026-05-22 07:49:17,2026-05-22 07:59:56,"2026-05-22 07:49:17 INFO  [ml_feature_store.validate_features] TaskInstance started — attempt 4
2026-05-22 07:49:19 INFO  Acquiring Spark session on job cluster (Photon enabled, DBR 15.4 LTS)
2026-05-22 07:49:22 INFO  Reading inputs from Unity Catalog main.curated.* 
2026-05-22 07:54:36 INFO  Stage 1 running…
2026-05-22 07:59:53 ERROR ShuffleBlockFetcherIterator: Failed to fetch shuffle block from a lost executor.
2026-05-22 07:59:54 ERROR   org.apache.spark.shuffle.FetchFailedException: Failed to connect to executor-7.cluster:35421
                       	at org.apache.spark.storage.ShuffleBlockFetcherIterator.throwFetchFailedException(...)
                       	at org.apache.spark.scheduler.ShuffleMapTask.runTask(ShuffleMapTask.scala:99)
2026-05-22 07:59:56 ERROR [ml_feature_store.validate_features] Task failed on attempt 4 (exit_code=1)",4,False,1
data_quality_checks,2026-05-22,load_snapshots,2026-05-22 07:30:33,2026-05-22 07:46:55,"2026-05-22 07:30:33 INFO  [data_quality_checks.load_snapshots] TaskInstance started — attempt 1
2026-05-22 07:30:35 INFO  Acquiring Spark session on job cluster (Photon enabled, DBR 15.4 LTS)
2026-05-22 07:30:38 INFO  Reading inputs from Unity Catalog main.curated.* 
2026-05-22 07:38:44 INFO  Stage 1 complete — input rows processed
2026-05-22 07:46:53 INFO  Writing output Delta table (MERGE) 
2026-05-22 07:46:55 INFO  [data_quality_checks.load_snapshots] Task completed successfully in 982s (exit_code=0)",1,False,0
data_quality_checks,2026-05-22,run_expectations,2026-05-22 07:47:10,2026-05-22 07:54:34,"2026-05-22 07:47:10 INFO  [data_quality_checks.run_expectations] TaskInstance started — attempt 1
2026-05-22 07:47:12 INFO  Acquiring Spark session on job cluster (Photon enabled, DBR 15.4 LTS)
2026-05-22 07:47:15 INFO  Reading inputs from Unity Catalog main.curated.* 
2026-05-22 07:50:52 INFO  Stage 1 complete — input rows processed
2026-05-22 07:54:32 INFO  Writing output Delta table (MERGE) 
2026-05-22 07:54:34 INFO  [data_quality_checks.run_expectations] Task completed successfully in 444s (exit_code=0)",1,False,0
data_quality_checks,2026-05-22,summarize_results,2026-05-22 07:54:43,2026-05-22 08:19:22,"2026-05-22 07:54:43 INFO  [data_quality_checks.summarize_results] TaskInstance started — attempt 1
2026-05-22 07:54:45 INFO  Acquiring Spark session on job cluster (Photon enabled, DBR 15.4 LTS)
2026-05-22 07:54:48 INFO  Reading inputs from Unity Catalog main.curated.* 
2026-05-22 08:07:02 INFO  Stage 1 complete — input rows processed
2026-05-22 08:19:20 INFO  Writing output Delta table (MERGE) 
2026-05-22 08:19:22 INFO  [data_quality_checks.summarize_results] Task completed successfully in 1479s (exit_code=0)",1,False,0
revenue_reporting,2026-05-22,aggregate_daily_revenue,2026-05-22 08:17:46,2026-05-22 08:25:45,"2026-05-22 08:17:46 INFO  [revenue_reporting.aggregate_daily_revenue] TaskInstance started — attempt 1
2026-05-22 08:17:48 INFO  Acquiring Spark session on job cluster (Photon enabled, DBR 15.4 LTS)
2026-05-22 08:17:51 INFO  Reading inputs from Unity Catalog main.curated.* 
2026-05-22 08:21:45 INFO  Stage 1 complete — input rows processed
2026-05-22 08:25:43 INFO  Writing output Delta table (MERGE) 
2026-05-22 08:25:45 INFO  [revenue_reporting.aggregate_daily_revenue] Task completed successfully in 479s (exit_code=0)",1,False,0
revenue_reporting,2026-05-22,currency_convert,2026-05-22 08:26:30,2026-05-22 08:43:36,"2026-05-22 08:26:30 INFO  [revenue_reporting.currency_convert] TaskInstance started — attempt 1
2026-05-22 08:26:32 INFO  Acquiring Spark session on job cluster (Photon enabled, DBR 15.4 LTS)
2026-05-22 08:26:35 INFO  Reading inputs from Unity Catalog main.curated.* 
2026-05-22 08:35:03 INFO  Stage 1 complete — input rows processed
2026-05-22 08:43:34 INFO  Writing output Delta table (MERGE) 
2026-05-22 08:43:36 INFO  [revenue_reporting.currency_convert] Task completed successfully in 1026s (exit_code=0)",1,False,0
revenue_reporting,2026-05-22,build_dashboards_tbl,2026-05-22 08:43:59,2026-05-22 09:05:41,"2026-05-22 08:43:59 INFO  [revenue_reporting.build_dashboards_tbl] TaskInstance started — attempt 1
2026-05-22 08:44:01 INFO  Acquiring Spark session on job cluster (Photon enabled, DBR 15.4 LTS)
2026-05-22 08:44:04 INFO  Reading inputs from Unity Catalog main.curated.* 
2026-05-22 08:54:50 INFO  Stage 1 complete — input rows processed
2026-05-22 09:05:39 INFO  Writing output Delta table (MERGE) 
2026-05-22 09:05:41 INFO  [revenue_reporting.build_dashboards_tbl] Task completed successfully in 1302s (exit_code=0)",1,False,0
user_segmentation,2026-05-22,load_activity,2026-05-22 09:26:30,2026-05-22 09:37:21,"2026-05-22 09:26:30 INFO  [user_segmentation.load_activity] TaskInstance started — attempt 1
2026-05-22 09:26:32 INFO  Acquiring Spark session on job cluster (Photon enabled, DBR 15.4 LTS)
2026-05-22 09:26:35 INFO  Reading inputs from Unity Catalog main.curated.* 
2026-05-22 09:31:55 INFO  Stage 1 complete — input rows processed
2026-05-22 09:37:19 INFO  Writing output Delta table (MERGE) 
2026-05-22 09:37:21 INFO  [user_segmentation.load_activity] Task completed successfully in 651s (exit_code=0)",1,False,0
user_segmentation,2026-05-22,compute_rfm,2026-05-22 09:37:50,2026-05-22 09:49:29,"2026-05-22 09:37:50 INFO  [user_segmentation.compute_rfm] TaskInstance started — attempt 1
2026-05-22 09:37:52 INFO  Acquiring Spark session on job cluster (Photon enabled, DBR 15.4 LTS)
2026-05-22 09:37:55 INFO  Reading inputs from Unity Catalog main.curated.* 
2026-05-22 09:43:39 INFO  Stage 1 complete — input rows processed
2026-05-22 09:49:27 INFO  Writing output Delta table (MERGE) 
2026-05-22 09:49:29 INFO  [user_segmentation.compute_rfm] Task completed successfully in 699s (exit_code=0)",1,False,0
user_segmentation,2026-05-22,assign_segments,2026-05-22 09:50:17,2026-05-22 09:59:37,"2026-05-22 09:50:17 INFO  [user_segmentation.assign_segments] TaskInstance started — attempt 1
2026-05-22 09:50:19 INFO  Acquiring Spark session on job cluster (Photon enabled, DBR 15.4 LTS)
2026-05-22 09:50:22 INFO  Reading inputs from Unity Catalog main.curated.* 
2026-05-22 09:54:57 INFO  Stage 1 complete — input rows processed
2026-05-22 09:59:35 INFO  Writing output Delta table (MERGE) 
2026-05-22 09:59:37 INFO  [user_segmentation.assign_segments] Task completed successfully in 560s (exit_code=0)",1,False,0
user_segmentation,2026-05-22,push_to_crm,2026-05-22 10:00:33,2026-05-22 10:13:08,"2026-05-22 10:00:33 INFO  [user_segmentation.push_to_crm] TaskInstance started — attempt 1
2026-05-22 10:00:35 INFO  Acquiring Spark session on job cluster (Photon enabled, DBR 15.4 LTS)
2026-05-22 10:00:38 INFO  Reading inputs from Unity Catalog main.curated.* 
2026-05-22 10:06:50 INFO  Stage 1 complete — input rows processed
2026-05-22 10:13:06 INFO  Writing output Delta table (MERGE) 
2026-05-22 10:13:08 INFO  [user_segmentation.push_to_crm] Task completed successfully in 755s (exit_code=0)",1,False,0
daily_sales_etl,2026-05-23,extract_orders,2026-05-23 02:09:20,2026-05-23 02:26:57,"2026-05-23 02:09:20 INFO  [daily_sales_etl.extract_orders] TaskInstance started — attempt 1
2026-05-23 02:09:22 INFO  Acquiring Spark session on job cluster (Photon enabled, DBR 15.4 LTS)
2026-05-23 02:09:25 INFO  Reading inputs from Unity Catalog main.curated.* 
2026-05-23 02:18:08 INFO  Stage 1 complete — input rows processed
2026-05-23 02:26:55 INFO  Writing output Delta table (MERGE) 
2026-05-23 02:26:57 INFO  [daily_sales_etl.extract_orders] Task completed successfully in 1057s (exit_code=0)",1,False,0
daily_sales_etl,2026-05-23,extract_returns,2026-05-23 02:27:07,2026-05-23 02:42:29,"2026-05-23 02:27:07 INFO  [daily_sales_etl.extract_returns] TaskInstance started — attempt 1
2026-05-23 02:27:09 INFO  Acquiring Spark session on job cluster (Photon enabled, DBR 15.4 LTS)
2026-05-23 02:27:12 INFO  Reading inputs from Unity Catalog main.curated.* 
2026-05-23 02:34:48 INFO  Stage 1 complete — input rows processed
2026-05-23 02:42:27 INFO  Writing output Delta table (MERGE) 
2026-05-23 02:42:29 INFO  [daily_sales_etl.extract_returns] Task completed successfully in 922s (exit_code=0)",1,False,0
daily_sales_etl,2026-05-23,transform_sales,2026-05-23 02:42:53,2026-05-23 02:49:24,"2026-05-23 02:42:53 INFO  [daily_sales_etl.transform_sales] TaskInstance started — attempt 1
2026-05-23 02:42:55 INFO  Acquiring Spark session on job cluster (Photon enabled, DBR 15.4 LTS)
2026-05-23 02:42:58 INFO  Reading inputs from Unity Catalog main.curated.* 
2026-05-23 02:46:08 INFO  Stage 1 running…
2026-05-23 02:49:21 ERROR ShuffleBlockFetcherIterator: Failed to fetch shuffle block from a lost executor.
2026-05-23 02:49:22 ERROR   org.apache.spark.shuffle.FetchFailedException: Failed to connect to executor-7.cluster:35421
                       	at org.apache.spark.storage.ShuffleBlockFetcherIterator.throwFetchFailedException(...)
                       	at org.apache.spark.scheduler.ShuffleMapTask.runTask(ShuffleMapTask.scala:99)
2026-05-23 02:49:24 ERROR [daily_sales_etl.transform_sales] Task failed on attempt 1 (exit_code=1)",1,True,1
daily_sales_etl,2026-05-23,transform_sales,2026-05-23 02:51:52,2026-05-23 03:08:00,"2026-05-23 02:51:52 INFO  [daily_sales_etl.transform_sales] TaskInstance started — attempt 2
2026-05-23 02:51:54 INFO  Acquiring Spark session on job cluster (Photon enabled, DBR 15.4 LTS)
2026-05-23 02:51:57 INFO  Reading inputs from Unity Catalog main.curated.* 
2026-05-23 02:59:56 INFO  Stage 1 complete — input rows processed
2026-05-23 03:07:58 INFO  Writing output Delta table (MERGE) 
2026-05-23 03:08:00 INFO  [daily_sales_etl.transform_sales] Task completed successfully in 968s (exit_code=0)",2,True,0
daily_sales_etl,2026-05-23,dq_check_sales,2026-05-23 03:08:45,2026-05-23 03:11:21,"2026-05-23 03:08:45 INFO  [daily_sales_etl.dq_check_sales] TaskInstance started — attempt 1
2026-05-23 03:08:47 INFO  Acquiring Spark session on job cluster (Photon enabled, DBR 15.4 LTS)
2026-05-23 03:08:50 INFO  Reading inputs from Unity Catalog main.curated.* 
2026-05-23 03:10:03 INFO  Stage 1 running…
2026-05-23 03:11:18 ERROR Executor: Exception in task 47.0 in stage 12.0 (TID 1893) java.lang.OutOfMemoryError: Java heap space
2026-05-23 03:11:19 ERROR   java.lang.OutOfMemoryError: Java heap space
                       	at org.apache.spark.sql.execution.aggregate.HashAggregateExec.doExecute(HashAggregateExec.scala:101)
                       	at org.apache.spark.sql.execution.exchange.ShuffleExchangeExec.prepareShuffleDependency(...)
                       	at org.apache.spark.scheduler.Task.run(Task.scala:139)
2026-05-23 03:11:21 ERROR [daily_sales_etl.dq_check_sales] Task failed on attempt 1 (exit_code=1)",1,True,1
daily_sales_etl,2026-05-23,dq_check_sales,2026-05-23 03:15:08,2026-05-23 03:38:00,"2026-05-23 03:15:08 INFO  [daily_sales_etl.dq_check_sales] TaskInstance started — attempt 2
2026-05-23 03:15:10 INFO  Acquiring Spark session on job cluster (Photon enabled, DBR 15.4 LTS)
2026-05-23 03:15:13 INFO  Reading inputs from Unity Catalog main.curated.* 
2026-05-23 03:26:34 INFO  Stage 1 complete — input rows processed
2026-05-23 03:37:58 INFO  Writing output Delta table (MERGE) 
2026-05-23 03:38:00 INFO  [daily_sales_etl.dq_check_sales] Task completed successfully in 1372s (exit_code=0)",2,True,0
daily_sales_etl,2026-05-23,load_fact_sales,2026-05-23 03:38:23,2026-05-23 03:49:55,"2026-05-23 03:38:23 INFO  [daily_sales_etl.load_fact_sales] TaskInstance started — attempt 1
2026-05-23 03:38:25 INFO  Acquiring Spark session on job cluster (Photon enabled, DBR 15.4 LTS)
2026-05-23 03:38:28 INFO  Reading inputs from Unity Catalog main.curated.* 
2026-05-23 03:44:09 INFO  Stage 1 complete — input rows processed
2026-05-23 03:49:53 INFO  Writing output Delta table (MERGE) 
2026-05-23 03:49:55 INFO  [daily_sales_etl.load_fact_sales] Task completed successfully in 692s (exit_code=0)",1,False,0
customer_360_pipeline,2026-05-23,ingest_crm,2026-05-23 01:04:54,2026-05-23 01:23:19,"2026-05-23 01:04:54 INFO  [customer_360_pipeline.ingest_crm] TaskInstance started — attempt 1
2026-05-23 01:04:56 INFO  Acquiring Spark session on job cluster (Photon enabled, DBR 15.4 LTS)
2026-05-23 01:04:59 INFO  Reading inputs from Unity Catalog main.curated.* 
2026-05-23 01:14:06 INFO  Stage 1 complete — input rows processed
2026-05-23 01:23:17 INFO  Writing output Delta table (MERGE) 
2026-05-23 01:23:19 INFO  [customer_360_pipeline.ingest_crm] Task completed successfully in 1105s (exit_code=0)",1,False,0
customer_360_pipeline,2026-05-23,ingest_web_events,2026-05-23 01:23:33,2026-05-23 01:33:40,"2026-05-23 01:23:33 INFO  [customer_360_pipeline.ingest_web_events] TaskInstance started — attempt 1
2026-05-23 01:23:35 INFO  Acquiring Spark session on job cluster (Photon enabled, DBR 15.4 LTS)
2026-05-23 01:23:38 INFO  Reading inputs from Unity Catalog main.curated.* 
2026-05-23 01:28:36 INFO  Stage 1 complete — input rows processed
2026-05-23 01:33:38 INFO  Writing output Delta table (MERGE) 
2026-05-23 01:33:40 INFO  [customer_360_pipeline.ingest_web_events] Task completed successfully in 607s (exit_code=0)",1,False,0
customer_360_pipeline,2026-05-23,resolve_identity,2026-05-23 01:34:35,2026-05-23 01:55:49,"2026-05-23 01:34:35 INFO  [customer_360_pipeline.resolve_identity] TaskInstance started — attempt 1
2026-05-23 01:34:37 INFO  Acquiring Spark session on job cluster (Photon enabled, DBR 15.4 LTS)
2026-05-23 01:34:40 INFO  Reading inputs from Unity Catalog main.curated.* 
2026-05-23 01:45:12 INFO  Stage 1 complete — input rows processed
2026-05-23 01:55:47 INFO  Writing output Delta table (MERGE) 
2026-05-23 01:55:49 INFO  [customer_360_pipeline.resolve_identity] Task completed successfully in 1274s (exit_code=0)",1,False,0
customer_360_pipeline,2026-05-23,build_profiles,2026-05-23 01:56:38,2026-05-23 02:20:23,"2026-05-23 01:56:38 INFO  [customer_360_pipeline.build_profiles] TaskInstance started — attempt 1
2026-05-23 01:56:40 INFO  Acquiring Spark session on job cluster (Photon enabled, DBR 15.4 LTS)
2026-05-23 01:56:43 INFO  Reading inputs from Unity Catalog main.curated.* 
2026-05-23 02:08:30 INFO  Stage 1 complete — input rows processed
2026-05-23 02:20:21 INFO  Writing output Delta table (MERGE) 
2026-05-23 02:20:23 INFO  [customer_360_pipeline.build_profiles] Task completed successfully in 1425s (exit_code=0)",1,False,0
customer_360_pipeline,2026-05-23,publish_features,2026-05-23 02:20:33,2026-05-23 02:42:16,"2026-05-23 02:20:33 INFO  [customer_360_pipeline.publish_features] TaskInstance started — attempt 1
2026-05-23 02:20:35 INFO  Acquiring Spark session on job cluster (Photon enabled, DBR 15.4 LTS)
2026-05-23 02:20:38 INFO  Reading inputs from Unity Catalog main.curated.* 
2026-05-23 02:31:24 INFO  Stage 1 complete — input rows processed
2026-05-23 02:42:14 INFO  Writing output Delta table (MERGE) 
2026-05-23 02:42:16 INFO  [customer_360_pipeline.publish_features] Task completed successfully in 1303s (exit_code=0)",1,False,0
inventory_sync,2026-05-23,pull_warehouse_api,2026-05-23 03:09:12,2026-05-23 03:19:28,"2026-05-23 03:09:12 INFO  [inventory_sync.pull_warehouse_api] TaskInstance started — attempt 1
2026-05-23 03:09:14 INFO  Acquiring Spark session on job cluster (Photon enabled, DBR 15.4 LTS)
2026-05-23 03:09:17 INFO  Reading inputs from Unity Catalog main.curated.* 
2026-05-23 03:14:20 INFO  Stage 1 complete — input rows processed
2026-05-23 03:19:26 INFO  Writing output Delta table (MERGE) 
2026-05-23 03:19:28 INFO  [inventory_sync.pull_warehouse_api] Task completed successfully in 616s (exit_code=0)",1,False,0
inventory_sync,2026-05-23,normalize_sku,2026-05-23 03:20:20,2026-05-23 03:38:18,"2026-05-23 03:20:20 INFO  [inventory_sync.normalize_sku] TaskInstance started — attempt 1
2026-05-23 03:20:22 INFO  Acquiring Spark session on job cluster (Photon enabled, DBR 15.4 LTS)
2026-05-23 03:20:25 INFO  Reading inputs from Unity Catalog main.curated.* 
2026-05-23 03:29:19 INFO  Stage 1 complete — input rows processed
2026-05-23 03:38:16 INFO  Writing output Delta table (MERGE) 
2026-05-23 03:38:18 INFO  [inventory_sync.normalize_sku] Task completed successfully in 1078s (exit_code=0)",1,False,0
inventory_sync,2026-05-23,reconcile_stock,2026-05-23 03:38:30,2026-05-23 04:00:26,"2026-05-23 03:38:30 INFO  [inventory_sync.reconcile_stock] TaskInstance started — attempt 1
2026-05-23 03:38:32 INFO  Acquiring Spark session on job cluster (Photon enabled, DBR 15.4 LTS)
2026-05-23 03:38:35 INFO  Reading inputs from Unity Catalog main.curated.* 
2026-05-23 03:49:28 INFO  Stage 1 complete — input rows processed
2026-05-23 04:00:24 INFO  Writing output Delta table (MERGE) 
2026-05-23 04:00:26 INFO  [inventory_sync.reconcile_stock] Task completed successfully in 1316s (exit_code=0)",1,False,0
inventory_sync,2026-05-23,write_delta,2026-05-23 04:00:57,2026-05-23 04:11:56,"2026-05-23 04:00:57 INFO  [inventory_sync.write_delta] TaskInstance started — attempt 1
2026-05-23 04:00:59 INFO  Acquiring Spark session on job cluster (Photon enabled, DBR 15.4 LTS)
2026-05-23 04:01:02 INFO  Reading inputs from Unity Catalog main.curated.* 
2026-05-23 04:06:26 INFO  Stage 1 complete — input rows processed
2026-05-23 04:11:54 INFO  Writing output Delta table (MERGE) 
2026-05-23 04:11:56 INFO  [inventory_sync.write_delta] Task completed successfully in 659s (exit_code=0)",1,False,0
marketing_attribution,2026-05-23,load_ad_spend,2026-05-23 04:15:35,2026-05-23 04:35:21,"2026-05-23 04:15:35 INFO  [marketing_attribution.load_ad_spend] TaskInstance started — attempt 1
2026-05-23 04:15:37 INFO  Acquiring Spark session on job cluster (Photon enabled, DBR 15.4 LTS)
2026-05-23 04:15:40 INFO  Reading inputs from Unity Catalog main.curated.* 
2026-05-23 04:25:28 INFO  Stage 1 complete — input rows processed
2026-05-23 04:35:19 INFO  Writing output Delta table (MERGE) 
2026-05-23 04:35:21 INFO  [marketing_attribution.load_ad_spend] Task completed successfully in 1186s (exit_code=0)",1,False,0
marketing_attribution,2026-05-23,load_conversions,2026-05-23 04:35:36,2026-05-23 04:57:00,"2026-05-23 04:35:36 INFO  [marketing_attribution.load_conversions] TaskInstance started — attempt 1
2026-05-23 04:35:38 INFO  Acquiring Spark session on job cluster (Photon enabled, DBR 15.4 LTS)
2026-05-23 04:35:41 INFO  Reading inputs from Unity Catalog main.curated.* 
2026-05-23 04:46:18 INFO  Stage 1 complete — input rows processed
2026-05-23 04:56:58 INFO  Writing output Delta table (MERGE) 
2026-05-23 04:57:00 INFO  [marketing_attribution.load_conversions] Task completed successfully in 1284s (exit_code=0)",1,False,0
marketing_attribution,2026-05-23,join_touchpoints,2026-05-23 04:57:52,2026-05-23 05:01:05,"2026-05-23 04:57:52 INFO  [marketing_attribution.join_touchpoints] TaskInstance started — attempt 1
2026-05-23 04:57:54 INFO  Acquiring Spark session on job cluster (Photon enabled, DBR 15.4 LTS)
2026-05-23 04:57:57 INFO  Reading inputs from Unity Catalog main.curated.* 
2026-05-23 04:59:28 INFO  Stage 1 complete — input rows processed
2026-05-23 05:01:03 INFO  Writing output Delta table (MERGE) 
2026-05-23 05:01:05 INFO  [marketing_attribution.join_touchpoints] Task completed successfully in 193s (exit_code=0)",1,False,0
marketing_attribution,2026-05-23,attribute_revenue,2026-05-23 05:01:30,2026-05-23 05:20:28,"2026-05-23 05:01:30 INFO  [marketing_attribution.attribute_revenue] TaskInstance started — attempt 1
2026-05-23 05:01:32 INFO  Acquiring Spark session on job cluster (Photon enabled, DBR 15.4 LTS)
2026-05-23 05:01:35 INFO  Reading inputs from Unity Catalog main.curated.* 
2026-05-23 05:10:59 INFO  Stage 1 running…
2026-05-23 05:20:25 ERROR Analyzer: cannot resolve column 'customer_id' — upstream schema changed.
2026-05-23 05:20:26 ERROR   org.apache.spark.sql.AnalysisException: cannot resolve 'customer_id' given input columns: [cust_id, ...]
                       	at org.apache.spark.sql.catalyst.analysis.CheckAnalysis.failAnalysis(...)
                       	at org.apache.spark.sql.Dataset.select(Dataset.scala:1685)
2026-05-23 05:20:28 ERROR [marketing_attribution.attribute_revenue] Task failed on attempt 1 (exit_code=1)",1,False,1
marketing_attribution,2026-05-23,attribute_revenue,2026-05-23 05:24:26,2026-05-23 05:43:24,"2026-05-23 05:24:26 INFO  [marketing_attribution.attribute_revenue] TaskInstance started — attempt 2
2026-05-23 05:24:28 INFO  Acquiring Spark session on job cluster (Photon enabled, DBR 15.4 LTS)
2026-05-23 05:24:31 INFO  Reading inputs from Unity Catalog main.curated.* 
2026-05-23 05:33:55 INFO  Stage 1 running…
2026-05-23 05:43:21 ERROR Analyzer: cannot resolve column 'customer_id' — upstream schema changed.
2026-05-23 05:43:22 ERROR   org.apache.spark.sql.AnalysisException: cannot resolve 'customer_id' given input columns: [cust_id, ...]
                       	at org.apache.spark.sql.catalyst.analysis.CheckAnalysis.failAnalysis(...)
                       	at org.apache.spark.sql.Dataset.select(Dataset.scala:1685)
2026-05-23 05:43:24 ERROR [marketing_attribution.attribute_revenue] Task failed on attempt 2 (exit_code=1)",2,False,1
marketing_attribution,2026-05-23,attribute_revenue,2026-05-23 05:46:48,2026-05-23 06:05:46,"2026-05-23 05:46:48 INFO  [marketing_attribution.attribute_revenue] TaskInstance started — attempt 3
2026-05-23 05:46:50 INFO  Acquiring Spark session on job cluster (Photon enabled, DBR 15.4 LTS)
2026-05-23 05:46:53 INFO  Reading inputs from Unity Catalog main.curated.* 
2026-05-23 05:56:17 INFO  Stage 1 running…
2026-05-23 06:05:43 ERROR Analyzer: cannot resolve column 'customer_id' — upstream schema changed.
2026-05-23 06:05:44 ERROR   org.apache.spark.sql.AnalysisException: cannot resolve 'customer_id' given input columns: [cust_id, ...]
                       	at org.apache.spark.sql.catalyst.analysis.CheckAnalysis.failAnalysis(...)
                       	at org.apache.spark.sql.Dataset.select(Dataset.scala:1685)
2026-05-23 06:05:46 ERROR [marketing_attribution.attribute_revenue] Task failed on attempt 3 (exit_code=1)",3,False,1
finance_reconciliation,2026-05-23,extract_ledger,2026-05-23 05:21:18,2026-05-23 05:37:05,"2026-05-23 05:21:18 INFO  [finance_reconciliation.extract_ledger] TaskInstance started — attempt 1
2026-05-23 05:21:20 INFO  Acquiring Spark session on job cluster (Photon enabled, DBR 15.4 LTS)
2026-05-23 05:21:23 INFO  Reading inputs from Unity Catalog main.curated.* 
2026-05-23 05:29:11 INFO  Stage 1 complete — input rows processed
2026-05-23 05:37:03 INFO  Writing output Delta table (MERGE) 
2026-05-23 05:37:05 INFO  [finance_reconciliation.extract_ledger] Task completed successfully in 947s (exit_code=0)",1,False,0
finance_reconciliation,2026-05-23,extract_payments,2026-05-23 05:37:53,2026-05-23 05:43:27,"2026-05-23 05:37:53 INFO  [finance_reconciliation.extract_payments] TaskInstance started — attempt 1
2026-05-23 05:37:55 INFO  Acquiring Spark session on job cluster (Photon enabled, DBR 15.4 LTS)
2026-05-23 05:37:58 INFO  Reading inputs from Unity Catalog main.curated.* 
2026-05-23 05:40:40 INFO  Stage 1 complete — input rows processed
2026-05-23 05:43:25 INFO  Writing output Delta table (MERGE) 
2026-05-23 05:43:27 INFO  [finance_reconciliation.extract_payments] Task completed successfully in 334s (exit_code=0)",1,False,0
finance_reconciliation,2026-05-23,reconcile,2026-05-23 05:43:55,2026-05-23 06:08:37,"2026-05-23 05:43:55 INFO  [finance_reconciliation.reconcile] TaskInstance started — attempt 1
2026-05-23 05:43:57 INFO  Acquiring Spark session on job cluster (Photon enabled, DBR 15.4 LTS)
2026-05-23 05:44:00 INFO  Reading inputs from Unity Catalog main.curated.* 
2026-05-23 05:56:16 INFO  Stage 1 complete — input rows processed
2026-05-23 06:08:35 INFO  Writing output Delta table (MERGE) 
2026-05-23 06:08:37 INFO  [finance_reconciliation.reconcile] Task completed successfully in 1482s (exit_code=0)",1,False,0
finance_reconciliation,2026-05-23,gl_validation,2026-05-23 06:08:43,2026-05-23 06:15:04,"2026-05-23 06:08:43 INFO  [finance_reconciliation.gl_validation] TaskInstance started — attempt 1
2026-05-23 06:08:45 INFO  Acquiring Spark session on job cluster (Photon enabled, DBR 15.4 LTS)
2026-05-23 06:08:48 INFO  Reading inputs from Unity Catalog main.curated.* 
2026-05-23 06:11:53 INFO  Stage 1 running…
2026-05-23 06:15:01 ERROR ShuffleBlockFetcherIterator: Failed to fetch shuffle block from a lost executor.
2026-05-23 06:15:02 ERROR   org.apache.spark.shuffle.FetchFailedException: Failed to connect to executor-7.cluster:35421
                       	at org.apache.spark.storage.ShuffleBlockFetcherIterator.throwFetchFailedException(...)
                       	at org.apache.spark.scheduler.ShuffleMapTask.runTask(ShuffleMapTask.scala:99)
2026-05-23 06:15:04 ERROR [finance_reconciliation.gl_validation] Task failed on attempt 1 (exit_code=1)",1,True,1
finance_reconciliation,2026-05-23,gl_validation,2026-05-23 06:18:07,2026-05-23 06:41:55,"2026-05-23 06:18:07 INFO  [finance_reconciliation.gl_validation] TaskInstance started — attempt 2
2026-05-23 06:18:09 INFO  Acquiring Spark session on job cluster (Photon enabled, DBR 15.4 LTS)
2026-05-23 06:18:12 INFO  Reading inputs from Unity Catalog main.curated.* 
2026-05-23 06:30:01 INFO  Stage 1 complete — input rows processed
2026-05-23 06:41:53 INFO  Writing output Delta table (MERGE) 
2026-05-23 06:41:55 INFO  [finance_reconciliation.gl_validation] Task completed successfully in 1428s (exit_code=0)",2,True,0
finance_reconciliation,2026-05-23,export_report,2026-05-23 06:42:31,2026-05-23 06:47:24,"2026-05-23 06:42:31 INFO  [finance_reconciliation.export_report] TaskInstance started — attempt 1
2026-05-23 06:42:33 INFO  Acquiring Spark session on job cluster (Photon enabled, DBR 15.4 LTS)
2026-05-23 06:42:36 INFO  Reading inputs from Unity Catalog main.curated.* 
2026-05-23 06:44:57 INFO  Stage 1 running…
2026-05-23 06:47:21 ERROR TaskRunner: Task exceeded execution_timeout (3600s) and was terminated.
2026-05-23 06:47:22 ERROR   java.util.concurrent.TimeoutException: Task exceeded the configured execution_timeout of 3600s
                       	at org.apache.airflow.executors.TaskRunner.enforceTimeout(...)
2026-05-23 06:47:24 ERROR [finance_reconciliation.export_report] Task failed on attempt 1 (exit_code=1)",1,True,1
finance_reconciliation,2026-05-23,export_report,2026-05-23 06:48:48,2026-05-23 06:56:43,"2026-05-23 06:48:48 INFO  [finance_reconciliation.export_report] TaskInstance started — attempt 2
2026-05-23 06:48:50 INFO  Acquiring Spark session on job cluster (Photon enabled, DBR 15.4 LTS)
2026-05-23 06:48:53 INFO  Reading inputs from Unity Catalog main.curated.* 
2026-05-23 06:52:45 INFO  Stage 1 complete — input rows processed
2026-05-23 06:56:41 INFO  Writing output Delta table (MERGE) 
2026-05-23 06:56:43 INFO  [finance_reconciliation.export_report] Task completed successfully in 475s (exit_code=0)",2,True,0
clickstream_ingest,2026-05-23,read_kafka_offsets,2026-05-23 00:21:23,2026-05-23 00:42:19,"2026-05-23 00:21:23 INFO  [clickstream_ingest.read_kafka_offsets] TaskInstance started — attempt 1
2026-05-23 00:21:25 INFO  Acquiring Spark session on job cluster (Photon enabled, DBR 15.4 LTS)
2026-05-23 00:21:28 INFO  Reading inputs from Unity Catalog main.curated.* 
2026-05-23 00:31:51 INFO  Stage 1 complete — input rows processed
2026-05-23 00:42:17 INFO  Writing output Delta table (MERGE) 
2026-05-23 00:42:19 INFO  [clickstream_ingest.read_kafka_offsets] Task completed successfully in 1256s (exit_code=0)",1,False,0
clickstream_ingest,2026-05-23,parse_events,2026-05-23 00:42:37,2026-05-23 00:55:18,"2026-05-23 00:42:37 INFO  [clickstream_ingest.parse_events] TaskInstance started — attempt 1
2026-05-23 00:42:39 INFO  Acquiring Spark session on job cluster (Photon enabled, DBR 15.4 LTS)
2026-05-23 00:42:42 INFO  Reading inputs from Unity Catalog main.curated.* 
2026-05-23 00:48:57 INFO  Stage 1 complete — input rows processed
2026-05-23 00:55:16 INFO  Writing output Delta table (MERGE) 
2026-05-23 00:55:18 INFO  [clickstream_ingest.parse_events] Task completed successfully in 761s (exit_code=0)",1,False,0
clickstream_ingest,2026-05-23,sessionize,2026-05-23 00:55:50,2026-05-23 01:07:25,"2026-05-23 00:55:50 INFO  [clickstream_ingest.sessionize] TaskInstance started — attempt 1
2026-05-23 00:55:52 INFO  Acquiring Spark session on job cluster (Photon enabled, DBR 15.4 LTS)
2026-05-23 00:55:55 INFO  Reading inputs from Unity Catalog main.curated.* 
2026-05-23 01:01:37 INFO  Stage 1 complete — input rows processed
2026-05-23 01:07:23 INFO  Writing output Delta table (MERGE) 
2026-05-23 01:07:25 INFO  [clickstream_ingest.sessionize] Task completed successfully in 695s (exit_code=0)",1,False,0
clickstream_ingest,2026-05-23,write_bronze,2026-05-23 01:08:22,2026-05-23 01:21:14,"2026-05-23 01:08:22 INFO  [clickstream_ingest.write_bronze] TaskInstance started — attempt 1
2026-05-23 01:08:24 INFO  Acquiring Spark session on job cluster (Photon enabled, DBR 15.4 LTS)
2026-05-23 01:08:27 INFO  Reading inputs from Unity Catalog main.curated.* 
2026-05-23 01:14:48 INFO  Stage 1 complete — input rows processed
2026-05-23 01:21:12 INFO  Writing output Delta table (MERGE) 
2026-05-23 01:21:14 INFO  [clickstream_ingest.write_bronze] Task completed successfully in 772s (exit_code=0)",1,False,0
clickstream_ingest,2026-05-23,write_silver,2026-05-23 01:22:11,2026-05-23 01:42:02,"2026-05-23 01:22:11 INFO  [clickstream_ingest.write_silver] TaskInstance started — attempt 1
2026-05-23 01:22:13 INFO  Acquiring Spark session on job cluster (Photon enabled, DBR 15.4 LTS)
2026-05-23 01:22:16 INFO  Reading inputs from Unity Catalog main.curated.* 
2026-05-23 01:32:06 INFO  Stage 1 complete — input rows processed
2026-05-23 01:42:00 INFO  Writing output Delta table (MERGE) 
2026-05-23 01:42:02 INFO  [clickstream_ingest.write_silver] Task completed successfully in 1191s (exit_code=0)",1,False,0
ml_feature_store,2026-05-23,fetch_training_data,2026-05-23 06:08:55,2026-05-23 06:18:51,"2026-05-23 06:08:55 INFO  [ml_feature_store.fetch_training_data] TaskInstance started — attempt 1
2026-05-23 06:08:57 INFO  Acquiring Spark session on job cluster (Photon enabled, DBR 15.4 LTS)
2026-05-23 06:09:00 INFO  Reading inputs from Unity Catalog main.curated.* 
2026-05-23 06:13:53 INFO  Stage 1 complete — input rows processed
2026-05-23 06:18:49 INFO  Writing output Delta table (MERGE) 
2026-05-23 06:18:51 INFO  [ml_feature_store.fetch_training_data] Task completed successfully in 596s (exit_code=0)",1,False,0
ml_feature_store,2026-05-23,compute_features,2026-05-23 06:19:46,2026-05-23 06:26:47,"2026-05-23 06:19:46 INFO  [ml_feature_store.compute_features] TaskInstance started — attempt 1
2026-05-23 06:19:48 INFO  Acquiring Spark session on job cluster (Photon enabled, DBR 15.4 LTS)
2026-05-23 06:19:51 INFO  Reading inputs from Unity Catalog main.curated.* 
2026-05-23 06:23:16 INFO  Stage 1 complete — input rows processed
2026-05-23 06:26:45 INFO  Writing output Delta table (MERGE) 
2026-05-23 06:26:47 INFO  [ml_feature_store.compute_features] Task completed successfully in 421s (exit_code=0)",1,False,0
ml_feature_store,2026-05-23,validate_features,2026-05-23 06:27:12,2026-05-23 06:40:24,"2026-05-23 06:27:12 INFO  [ml_feature_store.validate_features] TaskInstance started — attempt 1
2026-05-23 06:27:14 INFO  Acquiring Spark session on job cluster (Photon enabled, DBR 15.4 LTS)
2026-05-23 06:27:17 INFO  Reading inputs from Unity Catalog main.curated.* 
2026-05-23 06:33:48 INFO  Stage 1 complete — input rows processed
2026-05-23 06:40:22 INFO  Writing output Delta table (MERGE) 
2026-05-23 06:40:24 INFO  [ml_feature_store.validate_features] Task completed successfully in 792s (exit_code=0)",1,False,0
ml_feature_store,2026-05-23,materialize_online,2026-05-23 06:41:09,2026-05-23 06:47:08,"2026-05-23 06:41:09 INFO  [ml_feature_store.materialize_online] TaskInstance started — attempt 1
2026-05-23 06:41:11 INFO  Acquiring Spark session on job cluster (Photon enabled, DBR 15.4 LTS)
2026-05-23 06:41:14 INFO  Reading inputs from Unity Catalog main.curated.* 
2026-05-23 06:44:08 INFO  Stage 1 complete — input rows processed
2026-05-23 06:47:06 INFO  Writing output Delta table (MERGE) 
2026-05-23 06:47:08 INFO  [ml_feature_store.materialize_online] Task completed successfully in 359s (exit_code=0)",1,False,0
data_quality_checks,2026-05-23,load_snapshots,2026-05-23 07:12:46,2026-05-23 07:29:37,"2026-05-23 07:12:46 INFO  [data_quality_checks.load_snapshots] TaskInstance started — attempt 1
2026-05-23 07:12:48 INFO  Acquiring Spark session on job cluster (Photon enabled, DBR 15.4 LTS)
2026-05-23 07:12:51 INFO  Reading inputs from Unity Catalog main.curated.* 
2026-05-23 07:21:11 INFO  Stage 1 complete — input rows processed
2026-05-23 07:29:35 INFO  Writing output Delta table (MERGE) 
2026-05-23 07:29:37 INFO  [data_quality_checks.load_snapshots] Task completed successfully in 1011s (exit_code=0)",1,False,0
data_quality_checks,2026-05-23,run_expectations,2026-05-23 07:29:45,2026-05-23 07:46:21,"2026-05-23 07:29:45 INFO  [data_quality_checks.run_expectations] TaskInstance started — attempt 1
2026-05-23 07:29:47 INFO  Acquiring Spark session on job cluster (Photon enabled, DBR 15.4 LTS)
2026-05-23 07:29:50 INFO  Reading inputs from Unity Catalog main.curated.* 
2026-05-23 07:38:03 INFO  Stage 1 complete — input rows processed
2026-05-23 07:46:19 INFO  Writing output Delta table (MERGE) 
2026-05-23 07:46:21 INFO  [data_quality_checks.run_expectations] Task completed successfully in 996s (exit_code=0)",1,False,0
data_quality_checks,2026-05-23,summarize_results,2026-05-23 07:46:26,2026-05-23 07:51:01,"2026-05-23 07:46:26 INFO  [data_quality_checks.summarize_results] TaskInstance started — attempt 1
2026-05-23 07:46:28 INFO  Acquiring Spark session on job cluster (Photon enabled, DBR 15.4 LTS)
2026-05-23 07:46:31 INFO  Reading inputs from Unity Catalog main.curated.* 
2026-05-23 07:48:43 INFO  Stage 1 complete — input rows processed
2026-05-23 07:50:59 INFO  Writing output Delta table (MERGE) 
2026-05-23 07:51:01 INFO  [data_quality_checks.summarize_results] Task completed successfully in 275s (exit_code=0)",1,False,0
revenue_reporting,2026-05-23,aggregate_daily_revenue,2026-05-23 08:19:49,2026-05-23 08:39:54,"2026-05-23 08:19:49 INFO  [revenue_reporting.aggregate_daily_revenue] TaskInstance started — attempt 1
2026-05-23 08:19:51 INFO  Acquiring Spark session on job cluster (Photon enabled, DBR 15.4 LTS)
2026-05-23 08:19:54 INFO  Reading inputs from Unity Catalog main.curated.* 
2026-05-23 08:29:51 INFO  Stage 1 complete — input rows processed
2026-05-23 08:39:52 INFO  Writing output Delta table (MERGE) 
2026-05-23 08:39:54 INFO  [revenue_reporting.aggregate_daily_revenue] Task completed successfully in 1205s (exit_code=0)",1,False,0
revenue_reporting,2026-05-23,currency_convert,2026-05-23 08:40:38,2026-05-23 08:56:28,"2026-05-23 08:40:38 INFO  [revenue_reporting.currency_convert] TaskInstance started — attempt 1
2026-05-23 08:40:40 INFO  Acquiring Spark session on job cluster (Photon enabled, DBR 15.4 LTS)
2026-05-23 08:40:43 INFO  Reading inputs from Unity Catalog main.curated.* 
2026-05-23 08:48:33 INFO  Stage 1 complete — input rows processed
2026-05-23 08:56:26 INFO  Writing output Delta table (MERGE) 
2026-05-23 08:56:28 INFO  [revenue_reporting.currency_convert] Task completed successfully in 950s (exit_code=0)",1,False,0
revenue_reporting,2026-05-23,build_dashboards_tbl,2026-05-23 08:57:13,2026-05-23 09:20:34,"2026-05-23 08:57:13 INFO  [revenue_reporting.build_dashboards_tbl] TaskInstance started — attempt 1
2026-05-23 08:57:15 INFO  Acquiring Spark session on job cluster (Photon enabled, DBR 15.4 LTS)
2026-05-23 08:57:18 INFO  Reading inputs from Unity Catalog main.curated.* 
2026-05-23 09:08:53 INFO  Stage 1 complete — input rows processed
2026-05-23 09:20:32 INFO  Writing output Delta table (MERGE) 
2026-05-23 09:20:34 INFO  [revenue_reporting.build_dashboards_tbl] Task completed successfully in 1401s (exit_code=0)",1,False,0
user_segmentation,2026-05-23,load_activity,2026-05-23 09:06:02,2026-05-23 09:24:39,"2026-05-23 09:06:02 INFO  [user_segmentation.load_activity] TaskInstance started — attempt 1
2026-05-23 09:06:04 INFO  Acquiring Spark session on job cluster (Photon enabled, DBR 15.4 LTS)
2026-05-23 09:06:07 INFO  Reading inputs from Unity Catalog main.curated.* 
2026-05-23 09:15:20 INFO  Stage 1 complete — input rows processed
2026-05-23 09:24:37 INFO  Writing output Delta table (MERGE) 
2026-05-23 09:24:39 INFO  [user_segmentation.load_activity] Task completed successfully in 1117s (exit_code=0)",1,False,0
user_segmentation,2026-05-23,compute_rfm,2026-05-23 09:24:55,2026-05-23 09:31:22,"2026-05-23 09:24:55 INFO  [user_segmentation.compute_rfm] TaskInstance started — attempt 1
2026-05-23 09:24:57 INFO  Acquiring Spark session on job cluster (Photon enabled, DBR 15.4 LTS)
2026-05-23 09:25:00 INFO  Reading inputs from Unity Catalog main.curated.* 
2026-05-23 09:28:08 INFO  Stage 1 complete — input rows processed
2026-05-23 09:31:20 INFO  Writing output Delta table (MERGE) 
2026-05-23 09:31:22 INFO  [user_segmentation.compute_rfm] Task completed successfully in 387s (exit_code=0)",1,False,0
user_segmentation,2026-05-23,assign_segments,2026-05-23 09:32:22,2026-05-23 09:36:37,"2026-05-23 09:32:22 INFO  [user_segmentation.assign_segments] TaskInstance started — attempt 1
2026-05-23 09:32:24 INFO  Acquiring Spark session on job cluster (Photon enabled, DBR 15.4 LTS)
2026-05-23 09:32:27 INFO  Reading inputs from Unity Catalog main.curated.* 
2026-05-23 09:34:29 INFO  Stage 1 complete — input rows processed
2026-05-23 09:36:35 INFO  Writing output Delta table (MERGE) 
2026-05-23 09:36:37 INFO  [user_segmentation.assign_segments] Task completed successfully in 255s (exit_code=0)",1,False,0
user_segmentation,2026-05-23,push_to_crm,2026-05-23 09:36:48,2026-05-23 09:40:15,"2026-05-23 09:36:48 INFO  [user_segmentation.push_to_crm] TaskInstance started — attempt 1
2026-05-23 09:36:50 INFO  Acquiring Spark session on job cluster (Photon enabled, DBR 15.4 LTS)
2026-05-23 09:36:53 INFO  Reading inputs from Unity Catalog main.curated.* 
2026-05-23 09:38:31 INFO  Stage 1 complete — input rows processed
2026-05-23 09:40:13 INFO  Writing output Delta table (MERGE) 
2026-05-23 09:40:15 INFO  [user_segmentation.push_to_crm] Task completed successfully in 207s (exit_code=0)",1,False,0
daily_sales_etl,2026-05-24,extract_orders,2026-05-24 02:04:50,2026-05-24 02:16:38,"2026-05-24 02:04:50 INFO  [daily_sales_etl.extract_orders] TaskInstance started — attempt 1
2026-05-24 02:04:52 INFO  Acquiring Spark session on job cluster (Photon enabled, DBR 15.4 LTS)
2026-05-24 02:04:55 INFO  Reading inputs from Unity Catalog main.curated.* 
2026-05-24 02:10:44 INFO  Stage 1 complete — input rows processed
2026-05-24 02:16:36 INFO  Writing output Delta table (MERGE) 
2026-05-24 02:16:38 INFO  [daily_sales_etl.extract_orders] Task completed successfully in 708s (exit_code=0)",1,False,0
daily_sales_etl,2026-05-24,extract_returns,2026-05-24 02:16:54,2026-05-24 02:23:43,"2026-05-24 02:16:54 INFO  [daily_sales_etl.extract_returns] TaskInstance started — attempt 1
2026-05-24 02:16:56 INFO  Acquiring Spark session on job cluster (Photon enabled, DBR 15.4 LTS)
2026-05-24 02:16:59 INFO  Reading inputs from Unity Catalog main.curated.* 
2026-05-24 02:20:18 INFO  Stage 1 running…
2026-05-24 02:23:40 ERROR Executor: Exception in task 47.0 in stage 12.0 (TID 1893) java.lang.OutOfMemoryError: Java heap space
2026-05-24 02:23:41 ERROR   java.lang.OutOfMemoryError: Java heap space
                       	at org.apache.spark.sql.execution.aggregate.HashAggregateExec.doExecute(HashAggregateExec.scala:101)
                       	at org.apache.spark.sql.execution.exchange.ShuffleExchangeExec.prepareShuffleDependency(...)
                       	at org.apache.spark.scheduler.Task.run(Task.scala:139)
2026-05-24 02:23:43 ERROR [daily_sales_etl.extract_returns] Task failed on attempt 1 (exit_code=1)",1,True,1
daily_sales_etl,2026-05-24,extract_returns,2026-05-24 02:27:27,2026-05-24 02:34:23,"2026-05-24 02:27:27 INFO  [daily_sales_etl.extract_returns] TaskInstance started — attempt 2
2026-05-24 02:27:29 INFO  Acquiring Spark session on job cluster (Photon enabled, DBR 15.4 LTS)
2026-05-24 02:27:32 INFO  Reading inputs from Unity Catalog main.curated.* 
2026-05-24 02:30:55 INFO  Stage 1 running…
2026-05-24 02:34:20 ERROR Executor: Exception in task 47.0 in stage 12.0 (TID 1893) java.lang.OutOfMemoryError: Java heap space
2026-05-24 02:34:21 ERROR   java.lang.OutOfMemoryError: Java heap space
                       	at org.apache.spark.sql.execution.aggregate.HashAggregateExec.doExecute(HashAggregateExec.scala:101)
                       	at org.apache.spark.sql.execution.exchange.ShuffleExchangeExec.prepareShuffleDependency(...)
                       	at org.apache.spark.scheduler.Task.run(Task.scala:139)
2026-05-24 02:34:23 ERROR [daily_sales_etl.extract_returns] Task failed on attempt 2 (exit_code=1)",2,True,1
daily_sales_etl,2026-05-24,extract_returns,2026-05-24 02:35:36,2026-05-24 02:52:59,"2026-05-24 02:35:36 INFO  [daily_sales_etl.extract_returns] TaskInstance started — attempt 3
2026-05-24 02:35:38 INFO  Acquiring Spark session on job cluster (Photon enabled, DBR 15.4 LTS)
2026-05-24 02:35:41 INFO  Reading inputs from Unity Catalog main.curated.* 
2026-05-24 02:44:17 INFO  Stage 1 complete — input rows processed
2026-05-24 02:52:57 INFO  Writing output Delta table (MERGE) 
2026-05-24 02:52:59 INFO  [daily_sales_etl.extract_returns] Task completed successfully in 1043s (exit_code=0)",3,True,0
daily_sales_etl,2026-05-24,transform_sales,2026-05-24 02:53:35,2026-05-24 03:15:57,"2026-05-24 02:53:35 INFO  [daily_sales_etl.transform_sales] TaskInstance started — attempt 1
2026-05-24 02:53:37 INFO  Acquiring Spark session on job cluster (Photon enabled, DBR 15.4 LTS)
2026-05-24 02:53:40 INFO  Reading inputs from Unity Catalog main.curated.* 
2026-05-24 03:04:46 INFO  Stage 1 complete — input rows processed
2026-05-24 03:15:55 INFO  Writing output Delta table (MERGE) 
2026-05-24 03:15:57 INFO  [daily_sales_etl.transform_sales] Task completed successfully in 1342s (exit_code=0)",1,False,0
daily_sales_etl,2026-05-24,dq_check_sales,2026-05-24 03:16:54,2026-05-24 03:23:57,"2026-05-24 03:16:54 INFO  [daily_sales_etl.dq_check_sales] TaskInstance started — attempt 1
2026-05-24 03:16:56 INFO  Acquiring Spark session on job cluster (Photon enabled, DBR 15.4 LTS)
2026-05-24 03:16:59 INFO  Reading inputs from Unity Catalog main.curated.* 
2026-05-24 03:20:25 INFO  Stage 1 complete — input rows processed
2026-05-24 03:23:55 INFO  Writing output Delta table (MERGE) 
2026-05-24 03:23:57 INFO  [daily_sales_etl.dq_check_sales] Task completed successfully in 423s (exit_code=0)",1,False,0
daily_sales_etl,2026-05-24,load_fact_sales,2026-05-24 03:24:28,2026-05-24 03:47:06,"2026-05-24 03:24:28 INFO  [daily_sales_etl.load_fact_sales] TaskInstance started — attempt 1
2026-05-24 03:24:30 INFO  Acquiring Spark session on job cluster (Photon enabled, DBR 15.4 LTS)
2026-05-24 03:24:33 INFO  Reading inputs from Unity Catalog main.curated.* 
2026-05-24 03:35:47 INFO  Stage 1 complete — input rows processed
2026-05-24 03:47:04 INFO  Writing output Delta table (MERGE) 
2026-05-24 03:47:06 INFO  [daily_sales_etl.load_fact_sales] Task completed successfully in 1358s (exit_code=0)",1,False,0
customer_360_pipeline,2026-05-24,ingest_crm,2026-05-24 01:14:04,2026-05-24 01:37:16,"2026-05-24 01:14:04 INFO  [customer_360_pipeline.ingest_crm] TaskInstance started — attempt 1
2026-05-24 01:14:06 INFO  Acquiring Spark session on job cluster (Photon enabled, DBR 15.4 LTS)
2026-05-24 01:14:09 INFO  Reading inputs from Unity Catalog main.curated.* 
2026-05-24 01:25:40 INFO  Stage 1 complete — input rows processed
2026-05-24 01:37:14 INFO  Writing output Delta table (MERGE) 
2026-05-24 01:37:16 INFO  [customer_360_pipeline.ingest_crm] Task completed successfully in 1392s (exit_code=0)",1,False,0
customer_360_pipeline,2026-05-24,ingest_web_events,2026-05-24 01:38:03,2026-05-24 01:46:21,"2026-05-24 01:38:03 INFO  [customer_360_pipeline.ingest_web_events] TaskInstance started — attempt 1
2026-05-24 01:38:05 INFO  Acquiring Spark session on job cluster (Photon enabled, DBR 15.4 LTS)
2026-05-24 01:38:08 INFO  Reading inputs from Unity Catalog main.curated.* 
2026-05-24 01:42:12 INFO  Stage 1 complete — input rows processed
2026-05-24 01:46:19 INFO  Writing output Delta table (MERGE) 
2026-05-24 01:46:21 INFO  [customer_360_pipeline.ingest_web_events] Task completed successfully in 498s (exit_code=0)",1,False,0
customer_360_pipeline,2026-05-24,resolve_identity,2026-05-24 01:46:52,2026-05-24 02:08:35,"2026-05-24 01:46:52 INFO  [customer_360_pipeline.resolve_identity] TaskInstance started — attempt 1
2026-05-24 01:46:54 INFO  Acquiring Spark session on job cluster (Photon enabled, DBR 15.4 LTS)
2026-05-24 01:46:57 INFO  Reading inputs from Unity Catalog main.curated.* 
2026-05-24 01:57:43 INFO  Stage 1 complete — input rows processed
2026-05-24 02:08:33 INFO  Writing output Delta table (MERGE) 
2026-05-24 02:08:35 INFO  [customer_360_pipeline.resolve_identity] Task completed successfully in 1303s (exit_code=0)",1,False,0
customer_360_pipeline,2026-05-24,build_profiles,2026-05-24 02:09:21,2026-05-24 02:28:28,"2026-05-24 02:09:21 INFO  [customer_360_pipeline.build_profiles] TaskInstance started — attempt 1
2026-05-24 02:09:23 INFO  Acquiring Spark session on job cluster (Photon enabled, DBR 15.4 LTS)
2026-05-24 02:09:26 INFO  Reading inputs from Unity Catalog main.curated.* 
2026-05-24 02:18:54 INFO  Stage 1 running…
2026-05-24 02:28:25 ERROR Sensor: Timed out waiting for upstream partition to arrive.
2026-05-24 02:28:26 ERROR   airflow.exceptions.AirflowSensorTimeout: Sensor timed out waiting for partition dt=... on upstream dataset
                       	at airflow.sensors.base.BaseSensorOperator.execute(...)
2026-05-24 02:28:28 ERROR [customer_360_pipeline.build_profiles] Task failed on attempt 1 (exit_code=1)",1,False,1
customer_360_pipeline,2026-05-24,build_profiles,2026-05-24 02:30:22,2026-05-24 02:49:29,"2026-05-24 02:30:22 INFO  [customer_360_pipeline.build_profiles] TaskInstance started — attempt 2
2026-05-24 02:30:24 INFO  Acquiring Spark session on job cluster (Photon enabled, DBR 15.4 LTS)
2026-05-24 02:30:27 INFO  Reading inputs from Unity Catalog main.curated.* 
2026-05-24 02:39:55 INFO  Stage 1 running…
2026-05-24 02:49:26 ERROR Sensor: Timed out waiting for upstream partition to arrive.
2026-05-24 02:49:27 ERROR   airflow.exceptions.AirflowSensorTimeout: Sensor timed out waiting for partition dt=... on upstream dataset
                       	at airflow.sensors.base.BaseSensorOperator.execute(...)
2026-05-24 02:49:29 ERROR [customer_360_pipeline.build_profiles] Task failed on attempt 2 (exit_code=1)",2,False,1
customer_360_pipeline,2026-05-24,build_profiles,2026-05-24 02:54:18,2026-05-24 03:13:25,"2026-05-24 02:54:18 INFO  [customer_360_pipeline.build_profiles] TaskInstance started — attempt 3
2026-05-24 02:54:20 INFO  Acquiring Spark session on job cluster (Photon enabled, DBR 15.4 LTS)
2026-05-24 02:54:23 INFO  Reading inputs from Unity Catalog main.curated.* 
2026-05-24 03:03:51 INFO  Stage 1 running…
2026-05-24 03:13:22 ERROR Sensor: Timed out waiting for upstream partition to arrive.
2026-05-24 03:13:23 ERROR   airflow.exceptions.AirflowSensorTimeout: Sensor timed out waiting for partition dt=... on upstream dataset
                       	at airflow.sensors.base.BaseSensorOperator.execute(...)
2026-05-24 03:13:25 ERROR [customer_360_pipeline.build_profiles] Task failed on attempt 3 (exit_code=1)",3,False,1
customer_360_pipeline,2026-05-24,build_profiles,2026-05-24 03:15:03,2026-05-24 03:34:10,"2026-05-24 03:15:03 INFO  [customer_360_pipeline.build_profiles] TaskInstance started — attempt 4
2026-05-24 03:15:05 INFO  Acquiring Spark session on job cluster (Photon enabled, DBR 15.4 LTS)
2026-05-24 03:15:08 INFO  Reading inputs from Unity Catalog main.curated.* 
2026-05-24 03:24:36 INFO  Stage 1 running…
2026-05-24 03:34:07 ERROR Sensor: Timed out waiting for upstream partition to arrive.
2026-05-24 03:34:08 ERROR   airflow.exceptions.AirflowSensorTimeout: Sensor timed out waiting for partition dt=... on upstream dataset
                       	at airflow.sensors.base.BaseSensorOperator.execute(...)
2026-05-24 03:34:10 ERROR [customer_360_pipeline.build_profiles] Task failed on attempt 4 (exit_code=1)",4,False,1
inventory_sync,2026-05-24,pull_warehouse_api,2026-05-24 03:00:27,2026-05-24 03:10:53,"2026-05-24 03:00:27 INFO  [inventory_sync.pull_warehouse_api] TaskInstance started — attempt 1
2026-05-24 03:00:29 INFO  Acquiring Spark session on job cluster (Photon enabled, DBR 15.4 LTS)
2026-05-24 03:00:32 INFO  Reading inputs from Unity Catalog main.curated.* 
2026-05-24 03:05:40 INFO  Stage 1 running…
2026-05-24 03:10:50 ERROR DataSource: Path does not exist for the current run partition; 0 input files matched.
2026-05-24 03:10:51 ERROR   org.apache.spark.sql.AnalysisException: Path does not exist: s3://lake/raw/pull_warehouse_api/dt=...
                       	at org.apache.spark.sql.execution.datasources.DataSource.checkAndGlobPathIfNecessary(...)
                       	at org.apache.spark.sql.DataFrameReader.load(DataFrameReader.scala:309)
2026-05-24 03:10:53 ERROR [inventory_sync.pull_warehouse_api] Task failed on attempt 1 (exit_code=1)",1,False,1
inventory_sync,2026-05-24,pull_warehouse_api,2026-05-24 03:15:35,2026-05-24 03:26:01,"2026-05-24 03:15:35 INFO  [inventory_sync.pull_warehouse_api] TaskInstance started — attempt 2
2026-05-24 03:15:37 INFO  Acquiring Spark session on job cluster (Photon enabled, DBR 15.4 LTS)
2026-05-24 03:15:40 INFO  Reading inputs from Unity Catalog main.curated.* 
2026-05-24 03:20:48 INFO  Stage 1 running…
2026-05-24 03:25:58 ERROR DataSource: Path does not exist for the current run partition; 0 input files matched.
2026-05-24 03:25:59 ERROR   org.apache.spark.sql.AnalysisException: Path does not exist: s3://lake/raw/pull_warehouse_api/dt=...
                       	at org.apache.spark.sql.execution.datasources.DataSource.checkAndGlobPathIfNecessary(...)
                       	at org.apache.spark.sql.DataFrameReader.load(DataFrameReader.scala:309)
2026-05-24 03:26:01 ERROR [inventory_sync.pull_warehouse_api] Task failed on attempt 2 (exit_code=1)",2,False,1
inventory_sync,2026-05-24,pull_warehouse_api,2026-05-24 03:27:32,2026-05-24 03:37:58,"2026-05-24 03:27:32 INFO  [inventory_sync.pull_warehouse_api] TaskInstance started — attempt 3
2026-05-24 03:27:34 INFO  Acquiring Spark session on job cluster (Photon enabled, DBR 15.4 LTS)
2026-05-24 03:27:37 INFO  Reading inputs from Unity Catalog main.curated.* 
2026-05-24 03:32:45 INFO  Stage 1 running…
2026-05-24 03:37:55 ERROR DataSource: Path does not exist for the current run partition; 0 input files matched.
2026-05-24 03:37:56 ERROR   org.apache.spark.sql.AnalysisException: Path does not exist: s3://lake/raw/pull_warehouse_api/dt=...
                       	at org.apache.spark.sql.execution.datasources.DataSource.checkAndGlobPathIfNecessary(...)
                       	at org.apache.spark.sql.DataFrameReader.load(DataFrameReader.scala:309)
2026-05-24 03:37:58 ERROR [inventory_sync.pull_warehouse_api] Task failed on attempt 3 (exit_code=1)",3,False,1
marketing_attribution,2026-05-24,load_ad_spend,2026-05-24 04:15:01,2026-05-24 04:37:26,"2026-05-24 04:15:01 INFO  [marketing_attribution.load_ad_spend] TaskInstance started — attempt 1
2026-05-24 04:15:03 INFO  Acquiring Spark session on job cluster (Photon enabled, DBR 15.4 LTS)
2026-05-24 04:15:06 INFO  Reading inputs from Unity Catalog main.curated.* 
2026-05-24 04:26:13 INFO  Stage 1 complete — input rows processed
2026-05-24 04:37:24 INFO  Writing output Delta table (MERGE) 
2026-05-24 04:37:26 INFO  [marketing_attribution.load_ad_spend] Task completed successfully in 1345s (exit_code=0)",1,False,0
marketing_attribution,2026-05-24,load_conversions,2026-05-24 04:38:17,2026-05-24 04:47:40,"2026-05-24 04:38:17 INFO  [marketing_attribution.load_conversions] TaskInstance started — attempt 1
2026-05-24 04:38:19 INFO  Acquiring Spark session on job cluster (Photon enabled, DBR 15.4 LTS)
2026-05-24 04:38:22 INFO  Reading inputs from Unity Catalog main.curated.* 
2026-05-24 04:42:58 INFO  Stage 1 complete — input rows processed
2026-05-24 04:47:38 INFO  Writing output Delta table (MERGE) 
2026-05-24 04:47:40 INFO  [marketing_attribution.load_conversions] Task completed successfully in 563s (exit_code=0)",1,False,0
marketing_attribution,2026-05-24,join_touchpoints,2026-05-24 04:48:08,2026-05-24 04:56:04,"2026-05-24 04:48:08 INFO  [marketing_attribution.join_touchpoints] TaskInstance started — attempt 1
2026-05-24 04:48:10 INFO  Acquiring Spark session on job cluster (Photon enabled, DBR 15.4 LTS)
2026-05-24 04:48:13 INFO  Reading inputs from Unity Catalog main.curated.* 
2026-05-24 04:52:06 INFO  Stage 1 complete — input rows processed
2026-05-24 04:56:02 INFO  Writing output Delta table (MERGE) 
2026-05-24 04:56:04 INFO  [marketing_attribution.join_touchpoints] Task completed successfully in 476s (exit_code=0)",1,False,0
marketing_attribution,2026-05-24,attribute_revenue,2026-05-24 04:56:14,2026-05-24 05:09:14,"2026-05-24 04:56:14 INFO  [marketing_attribution.attribute_revenue] TaskInstance started — attempt 1
2026-05-24 04:56:16 INFO  Acquiring Spark session on job cluster (Photon enabled, DBR 15.4 LTS)
2026-05-24 04:56:19 INFO  Reading inputs from Unity Catalog main.curated.* 
2026-05-24 05:02:44 INFO  Stage 1 complete — input rows processed
2026-05-24 05:09:12 INFO  Writing output Delta table (MERGE) 
2026-05-24 05:09:14 INFO  [marketing_attribution.attribute_revenue] Task completed successfully in 780s (exit_code=0)",1,False,0
finance_reconciliation,2026-05-24,extract_ledger,2026-05-24 05:15:29,2026-05-24 05:27:09,"2026-05-24 05:15:29 INFO  [finance_reconciliation.extract_ledger] TaskInstance started — attempt 1
2026-05-24 05:15:31 INFO  Acquiring Spark session on job cluster (Photon enabled, DBR 15.4 LTS)
2026-05-24 05:15:34 INFO  Reading inputs from Unity Catalog main.curated.* 
2026-05-24 05:21:19 INFO  Stage 1 complete — input rows processed
2026-05-24 05:27:07 INFO  Writing output Delta table (MERGE) 
2026-05-24 05:27:09 INFO  [finance_reconciliation.extract_ledger] Task completed successfully in 700s (exit_code=0)",1,False,0
finance_reconciliation,2026-05-24,extract_payments,2026-05-24 05:27:17,2026-05-24 05:32:36,"2026-05-24 05:27:17 INFO  [finance_reconciliation.extract_payments] TaskInstance started — attempt 1
2026-05-24 05:27:19 INFO  Acquiring Spark session on job cluster (Photon enabled, DBR 15.4 LTS)
2026-05-24 05:27:22 INFO  Reading inputs from Unity Catalog main.curated.* 
2026-05-24 05:29:56 INFO  Stage 1 running…
2026-05-24 05:32:33 ERROR Executor: Exception in task 47.0 in stage 12.0 (TID 1893) java.lang.OutOfMemoryError: Java heap space
2026-05-24 05:32:34 ERROR   java.lang.OutOfMemoryError: Java heap space
                       	at org.apache.spark.sql.execution.aggregate.HashAggregateExec.doExecute(HashAggregateExec.scala:101)
                       	at org.apache.spark.sql.execution.exchange.ShuffleExchangeExec.prepareShuffleDependency(...)
                       	at org.apache.spark.scheduler.Task.run(Task.scala:139)
2026-05-24 05:32:36 ERROR [finance_reconciliation.extract_payments] Task failed on attempt 1 (exit_code=1)",1,True,1
finance_reconciliation,2026-05-24,extract_payments,2026-05-24 05:34:55,2026-05-24 05:39:00,"2026-05-24 05:34:55 INFO  [finance_reconciliation.extract_payments] TaskInstance started — attempt 2
2026-05-24 05:34:57 INFO  Acquiring Spark session on job cluster (Photon enabled, DBR 15.4 LTS)
2026-05-24 05:35:00 INFO  Reading inputs from Unity Catalog main.curated.* 
2026-05-24 05:36:57 INFO  Stage 1 complete — input rows processed
2026-05-24 05:38:58 INFO  Writing output Delta table (MERGE) 
2026-05-24 05:39:00 INFO  [finance_reconciliation.extract_payments] Task completed successfully in 245s (exit_code=0)",2,True,0
finance_reconciliation,2026-05-24,reconcile,2026-05-24 05:39:24,2026-05-24 06:02:53,"2026-05-24 05:39:24 INFO  [finance_reconciliation.reconcile] TaskInstance started — attempt 1
2026-05-24 05:39:26 INFO  Acquiring Spark session on job cluster (Photon enabled, DBR 15.4 LTS)
2026-05-24 05:39:29 INFO  Reading inputs from Unity Catalog main.curated.* 
2026-05-24 05:51:08 INFO  Stage 1 complete — input rows processed
2026-05-24 06:02:51 INFO  Writing output Delta table (MERGE) 
2026-05-24 06:02:53 INFO  [finance_reconciliation.reconcile] Task completed successfully in 1409s (exit_code=0)",1,False,0
finance_reconciliation,2026-05-24,gl_validation,2026-05-24 06:03:53,2026-05-24 06:23:29,"2026-05-24 06:03:53 INFO  [finance_reconciliation.gl_validation] TaskInstance started — attempt 1
2026-05-24 06:03:55 INFO  Acquiring Spark session on job cluster (Photon enabled, DBR 15.4 LTS)
2026-05-24 06:03:58 INFO  Reading inputs from Unity Catalog main.curated.* 
2026-05-24 06:13:41 INFO  Stage 1 complete — input rows processed
2026-05-24 06:23:27 INFO  Writing output Delta table (MERGE) 
2026-05-24 06:23:29 INFO  [finance_reconciliation.gl_validation] Task completed successfully in 1176s (exit_code=0)",1,False,0
finance_reconciliation,2026-05-24,export_report,2026-05-24 06:23:54,2026-05-24 06:39:26,"2026-05-24 06:23:54 INFO  [finance_reconciliation.export_report] TaskInstance started — attempt 1
2026-05-24 06:23:56 INFO  Acquiring Spark session on job cluster (Photon enabled, DBR 15.4 LTS)
2026-05-24 06:23:59 INFO  Reading inputs from Unity Catalog main.curated.* 
2026-05-24 06:31:40 INFO  Stage 1 complete — input rows processed
2026-05-24 06:39:24 INFO  Writing output Delta table (MERGE) 
2026-05-24 06:39:26 INFO  [finance_reconciliation.export_report] Task completed successfully in 932s (exit_code=0)",1,False,0
clickstream_ingest,2026-05-24,read_kafka_offsets,2026-05-24 00:14:30,2026-05-24 00:22:26,"2026-05-24 00:14:30 INFO  [clickstream_ingest.read_kafka_offsets] TaskInstance started — attempt 1
2026-05-24 00:14:32 INFO  Acquiring Spark session on job cluster (Photon enabled, DBR 15.4 LTS)
2026-05-24 00:14:35 INFO  Reading inputs from Unity Catalog main.curated.* 
2026-05-24 00:18:28 INFO  Stage 1 complete — input rows processed
2026-05-24 00:22:24 INFO  Writing output Delta table (MERGE) 
2026-05-24 00:22:26 INFO  [clickstream_ingest.read_kafka_offsets] Task completed successfully in 476s (exit_code=0)",1,False,0
clickstream_ingest,2026-05-24,parse_events,2026-05-24 00:22:38,2026-05-24 00:38:01,"2026-05-24 00:22:38 INFO  [clickstream_ingest.parse_events] TaskInstance started — attempt 1
2026-05-24 00:22:40 INFO  Acquiring Spark session on job cluster (Photon enabled, DBR 15.4 LTS)
2026-05-24 00:22:43 INFO  Reading inputs from Unity Catalog main.curated.* 
2026-05-24 00:30:19 INFO  Stage 1 complete — input rows processed
2026-05-24 00:37:59 INFO  Writing output Delta table (MERGE) 
2026-05-24 00:38:01 INFO  [clickstream_ingest.parse_events] Task completed successfully in 923s (exit_code=0)",1,False,0
clickstream_ingest,2026-05-24,sessionize,2026-05-24 00:38:16,2026-05-24 01:02:45,"2026-05-24 00:38:16 INFO  [clickstream_ingest.sessionize] TaskInstance started — attempt 1
2026-05-24 00:38:18 INFO  Acquiring Spark session on job cluster (Photon enabled, DBR 15.4 LTS)
2026-05-24 00:38:21 INFO  Reading inputs from Unity Catalog main.curated.* 
2026-05-24 00:50:30 INFO  Stage 1 complete — input rows processed
2026-05-24 01:02:43 INFO  Writing output Delta table (MERGE) 
2026-05-24 01:02:45 INFO  [clickstream_ingest.sessionize] Task completed successfully in 1469s (exit_code=0)",1,False,0
clickstream_ingest,2026-05-24,write_bronze,2026-05-24 01:03:20,2026-05-24 01:19:29,"2026-05-24 01:03:20 INFO  [clickstream_ingest.write_bronze] TaskInstance started — attempt 1
2026-05-24 01:03:22 INFO  Acquiring Spark session on job cluster (Photon enabled, DBR 15.4 LTS)
2026-05-24 01:03:25 INFO  Reading inputs from Unity Catalog main.curated.* 
2026-05-24 01:11:24 INFO  Stage 1 complete — input rows processed
2026-05-24 01:19:27 INFO  Writing output Delta table (MERGE) 
2026-05-24 01:19:29 INFO  [clickstream_ingest.write_bronze] Task completed successfully in 969s (exit_code=0)",1,False,0
clickstream_ingest,2026-05-24,write_silver,2026-05-24 01:20:02,2026-05-24 01:32:19,"2026-05-24 01:20:02 INFO  [clickstream_ingest.write_silver] TaskInstance started — attempt 1
2026-05-24 01:20:04 INFO  Acquiring Spark session on job cluster (Photon enabled, DBR 15.4 LTS)
2026-05-24 01:20:07 INFO  Reading inputs from Unity Catalog main.curated.* 
2026-05-24 01:26:10 INFO  Stage 1 complete — input rows processed
2026-05-24 01:32:17 INFO  Writing output Delta table (MERGE) 
2026-05-24 01:32:19 INFO  [clickstream_ingest.write_silver] Task completed successfully in 737s (exit_code=0)",1,False,0
ml_feature_store,2026-05-24,fetch_training_data,2026-05-24 06:10:18,2026-05-24 06:34:31,"2026-05-24 06:10:18 INFO  [ml_feature_store.fetch_training_data] TaskInstance started — attempt 1
2026-05-24 06:10:20 INFO  Acquiring Spark session on job cluster (Photon enabled, DBR 15.4 LTS)
2026-05-24 06:10:23 INFO  Reading inputs from Unity Catalog main.curated.* 
2026-05-24 06:22:24 INFO  Stage 1 complete — input rows processed
2026-05-24 06:34:29 INFO  Writing output Delta table (MERGE) 
2026-05-24 06:34:31 INFO  [ml_feature_store.fetch_training_data] Task completed successfully in 1453s (exit_code=0)",1,False,0
ml_feature_store,2026-05-24,compute_features,2026-05-24 06:35:21,2026-05-24 06:58:49,"2026-05-24 06:35:21 INFO  [ml_feature_store.compute_features] TaskInstance started — attempt 1
2026-05-24 06:35:23 INFO  Acquiring Spark session on job cluster (Photon enabled, DBR 15.4 LTS)
2026-05-24 06:35:26 INFO  Reading inputs from Unity Catalog main.curated.* 
2026-05-24 06:47:05 INFO  Stage 1 complete — input rows processed
2026-05-24 06:58:47 INFO  Writing output Delta table (MERGE) 
2026-05-24 06:58:49 INFO  [ml_feature_store.compute_features] Task completed successfully in 1408s (exit_code=0)",1,False,0
ml_feature_store,2026-05-24,validate_features,2026-05-24 06:59:32,2026-05-24 07:03:03,"2026-05-24 06:59:32 INFO  [ml_feature_store.validate_features] TaskInstance started — attempt 1
2026-05-24 06:59:34 INFO  Acquiring Spark session on job cluster (Photon enabled, DBR 15.4 LTS)
2026-05-24 06:59:37 INFO  Reading inputs from Unity Catalog main.curated.* 
2026-05-24 07:01:17 INFO  Stage 1 complete — input rows processed
2026-05-24 07:03:01 INFO  Writing output Delta table (MERGE) 
2026-05-24 07:03:03 INFO  [ml_feature_store.validate_features] Task completed successfully in 211s (exit_code=0)",1,False,0
ml_feature_store,2026-05-24,materialize_online,2026-05-24 07:03:46,2026-05-24 07:17:18,"2026-05-24 07:03:46 INFO  [ml_feature_store.materialize_online] TaskInstance started — attempt 1
2026-05-24 07:03:48 INFO  Acquiring Spark session on job cluster (Photon enabled, DBR 15.4 LTS)
2026-05-24 07:03:51 INFO  Reading inputs from Unity Catalog main.curated.* 
2026-05-24 07:10:32 INFO  Stage 1 complete — input rows processed
2026-05-24 07:17:16 INFO  Writing output Delta table (MERGE) 
2026-05-24 07:17:18 INFO  [ml_feature_store.materialize_online] Task completed successfully in 812s (exit_code=0)",1,False,0
data_quality_checks,2026-05-24,load_snapshots,2026-05-24 07:12:24,2026-05-24 07:35:56,"2026-05-24 07:12:24 INFO  [data_quality_checks.load_snapshots] TaskInstance started — attempt 1
2026-05-24 07:12:26 INFO  Acquiring Spark session on job cluster (Photon enabled, DBR 15.4 LTS)
2026-05-24 07:12:29 INFO  Reading inputs from Unity Catalog main.curated.* 
2026-05-24 07:24:10 INFO  Stage 1 complete — input rows processed
2026-05-24 07:35:54 INFO  Writing output Delta table (MERGE) 
2026-05-24 07:35:56 INFO  [data_quality_checks.load_snapshots] Task completed successfully in 1412s (exit_code=0)",1,False,0
data_quality_checks,2026-05-24,run_expectations,2026-05-24 07:36:15,2026-05-24 07:54:39,"2026-05-24 07:36:15 INFO  [data_quality_checks.run_expectations] TaskInstance started — attempt 1
2026-05-24 07:36:17 INFO  Acquiring Spark session on job cluster (Photon enabled, DBR 15.4 LTS)
2026-05-24 07:36:20 INFO  Reading inputs from Unity Catalog main.curated.* 
2026-05-24 07:45:27 INFO  Stage 1 complete — input rows processed
2026-05-24 07:54:37 INFO  Writing output Delta table (MERGE) 
2026-05-24 07:54:39 INFO  [data_quality_checks.run_expectations] Task completed successfully in 1104s (exit_code=0)",1,False,0
data_quality_checks,2026-05-24,summarize_results,2026-05-24 07:54:44,2026-05-24 08:08:42,"2026-05-24 07:54:44 INFO  [data_quality_checks.summarize_results] TaskInstance started — attempt 1
2026-05-24 07:54:46 INFO  Acquiring Spark session on job cluster (Photon enabled, DBR 15.4 LTS)
2026-05-24 07:54:49 INFO  Reading inputs from Unity Catalog main.curated.* 
2026-05-24 08:01:43 INFO  Stage 1 complete — input rows processed
2026-05-24 08:08:40 INFO  Writing output Delta table (MERGE) 
2026-05-24 08:08:42 INFO  [data_quality_checks.summarize_results] Task completed successfully in 838s (exit_code=0)",1,False,0
revenue_reporting,2026-05-24,aggregate_daily_revenue,2026-05-24 08:05:37,2026-05-24 08:10:03,"2026-05-24 08:05:37 INFO  [revenue_reporting.aggregate_daily_revenue] TaskInstance started — attempt 1
2026-05-24 08:05:39 INFO  Acquiring Spark session on job cluster (Photon enabled, DBR 15.4 LTS)
2026-05-24 08:05:42 INFO  Reading inputs from Unity Catalog main.curated.* 
2026-05-24 08:07:50 INFO  Stage 1 complete — input rows processed
2026-05-24 08:10:01 INFO  Writing output Delta table (MERGE) 
2026-05-24 08:10:03 INFO  [revenue_reporting.aggregate_daily_revenue] Task completed successfully in 266s (exit_code=0)",1,False,0
revenue_reporting,2026-05-24,currency_convert,2026-05-24 08:10:17,2026-05-24 08:32:48,"2026-05-24 08:10:17 INFO  [revenue_reporting.currency_convert] TaskInstance started — attempt 1
2026-05-24 08:10:19 INFO  Acquiring Spark session on job cluster (Photon enabled, DBR 15.4 LTS)
2026-05-24 08:10:22 INFO  Reading inputs from Unity Catalog main.curated.* 
2026-05-24 08:21:32 INFO  Stage 1 complete — input rows processed
2026-05-24 08:32:46 INFO  Writing output Delta table (MERGE) 
2026-05-24 08:32:48 INFO  [revenue_reporting.currency_convert] Task completed successfully in 1351s (exit_code=0)",1,False,0
revenue_reporting,2026-05-24,build_dashboards_tbl,2026-05-24 08:33:47,2026-05-24 08:55:28,"2026-05-24 08:33:47 INFO  [revenue_reporting.build_dashboards_tbl] TaskInstance started — attempt 1
2026-05-24 08:33:49 INFO  Acquiring Spark session on job cluster (Photon enabled, DBR 15.4 LTS)
2026-05-24 08:33:52 INFO  Reading inputs from Unity Catalog main.curated.* 
2026-05-24 08:44:37 INFO  Stage 1 complete — input rows processed
2026-05-24 08:55:26 INFO  Writing output Delta table (MERGE) 
2026-05-24 08:55:28 INFO  [revenue_reporting.build_dashboards_tbl] Task completed successfully in 1301s (exit_code=0)",1,False,0
user_segmentation,2026-05-24,load_activity,2026-05-24 09:11:34,2026-05-24 09:21:24,"2026-05-24 09:11:34 INFO  [user_segmentation.load_activity] TaskInstance started — attempt 1
2026-05-24 09:11:36 INFO  Acquiring Spark session on job cluster (Photon enabled, DBR 15.4 LTS)
2026-05-24 09:11:39 INFO  Reading inputs from Unity Catalog main.curated.* 
2026-05-24 09:16:29 INFO  Stage 1 complete — input rows processed
2026-05-24 09:21:22 INFO  Writing output Delta table (MERGE) 
2026-05-24 09:21:24 INFO  [user_segmentation.load_activity] Task completed successfully in 590s (exit_code=0)",1,False,0
user_segmentation,2026-05-24,compute_rfm,2026-05-24 09:22:15,2026-05-24 09:33:14,"2026-05-24 09:22:15 INFO  [user_segmentation.compute_rfm] TaskInstance started — attempt 1
2026-05-24 09:22:17 INFO  Acquiring Spark session on job cluster (Photon enabled, DBR 15.4 LTS)
2026-05-24 09:22:20 INFO  Reading inputs from Unity Catalog main.curated.* 
2026-05-24 09:27:44 INFO  Stage 1 complete — input rows processed
2026-05-24 09:33:12 INFO  Writing output Delta table (MERGE) 
2026-05-24 09:33:14 INFO  [user_segmentation.compute_rfm] Task completed successfully in 659s (exit_code=0)",1,False,0
user_segmentation,2026-05-24,assign_segments,2026-05-24 09:33:22,2026-05-24 09:49:51,"2026-05-24 09:33:22 INFO  [user_segmentation.assign_segments] TaskInstance started — attempt 1
2026-05-24 09:33:24 INFO  Acquiring Spark session on job cluster (Photon enabled, DBR 15.4 LTS)
2026-05-24 09:33:27 INFO  Reading inputs from Unity Catalog main.curated.* 
2026-05-24 09:41:36 INFO  Stage 1 complete — input rows processed
2026-05-24 09:49:49 INFO  Writing output Delta table (MERGE) 
2026-05-24 09:49:51 INFO  [user_segmentation.assign_segments] Task completed successfully in 989s (exit_code=0)",1,False,0
user_segmentation,2026-05-24,push_to_crm,2026-05-24 09:50:09,2026-05-24 10:01:50,"2026-05-24 09:50:09 INFO  [user_segmentation.push_to_crm] TaskInstance started — attempt 1
2026-05-24 09:50:11 INFO  Acquiring Spark session on job cluster (Photon enabled, DBR 15.4 LTS)
2026-05-24 09:50:14 INFO  Reading inputs from Unity Catalog main.curated.* 
2026-05-24 09:55:59 INFO  Stage 1 running…
2026-05-24 10:01:47 ERROR ShuffleBlockFetcherIterator: Failed to fetch shuffle block from a lost executor.
2026-05-24 10:01:48 ERROR   org.apache.spark.shuffle.FetchFailedException: Failed to connect to executor-7.cluster:35421
                       	at org.apache.spark.storage.ShuffleBlockFetcherIterator.throwFetchFailedException(...)
                       	at org.apache.spark.scheduler.ShuffleMapTask.runTask(ShuffleMapTask.scala:99)
2026-05-24 10:01:50 ERROR [user_segmentation.push_to_crm] Task failed on attempt 1 (exit_code=1)",1,False,1
user_segmentation,2026-05-24,push_to_crm,2026-05-24 10:05:20,2026-05-24 10:17:01,"2026-05-24 10:05:20 INFO  [user_segmentation.push_to_crm] TaskInstance started — attempt 2
2026-05-24 10:05:22 INFO  Acquiring Spark session on job cluster (Photon enabled, DBR 15.4 LTS)
2026-05-24 10:05:25 INFO  Reading inputs from Unity Catalog main.curated.* 
2026-05-24 10:11:10 INFO  Stage 1 running…
2026-05-24 10:16:58 ERROR ShuffleBlockFetcherIterator: Failed to fetch shuffle block from a lost executor.
2026-05-24 10:16:59 ERROR   org.apache.spark.shuffle.FetchFailedException: Failed to connect to executor-7.cluster:35421
                       	at org.apache.spark.storage.ShuffleBlockFetcherIterator.throwFetchFailedException(...)
                       	at org.apache.spark.scheduler.ShuffleMapTask.runTask(ShuffleMapTask.scala:99)
2026-05-24 10:17:01 ERROR [user_segmentation.push_to_crm] Task failed on attempt 2 (exit_code=1)",2,False,1
user_segmentation,2026-05-24,push_to_crm,2026-05-24 10:21:13,2026-05-24 10:32:54,"2026-05-24 10:21:13 INFO  [user_segmentation.push_to_crm] TaskInstance started — attempt 3
2026-05-24 10:21:15 INFO  Acquiring Spark session on job cluster (Photon enabled, DBR 15.4 LTS)
2026-05-24 10:21:18 INFO  Reading inputs from Unity Catalog main.curated.* 
2026-05-24 10:27:03 INFO  Stage 1 running…
2026-05-24 10:32:51 ERROR ShuffleBlockFetcherIterator: Failed to fetch shuffle block from a lost executor.
2026-05-24 10:32:52 ERROR   org.apache.spark.shuffle.FetchFailedException: Failed to connect to executor-7.cluster:35421
                       	at org.apache.spark.storage.ShuffleBlockFetcherIterator.throwFetchFailedException(...)
                       	at org.apache.spark.scheduler.ShuffleMapTask.runTask(ShuffleMapTask.scala:99)
2026-05-24 10:32:54 ERROR [user_segmentation.push_to_crm] Task failed on attempt 3 (exit_code=1)",3,False,1
daily_sales_etl,2026-05-25,extract_orders,2026-05-25 02:25:24,2026-05-25 02:31:23,"2026-05-25 02:25:24 INFO  [daily_sales_etl.extract_orders] TaskInstance started — attempt 1
2026-05-25 02:25:26 INFO  Acquiring Spark session on job cluster (Photon enabled, DBR 15.4 LTS)
2026-05-25 02:25:29 INFO  Reading inputs from Unity Catalog main.curated.* 
2026-05-25 02:28:23 INFO  Stage 1 complete — input rows processed
2026-05-25 02:31:21 INFO  Writing output Delta table (MERGE) 
2026-05-25 02:31:23 INFO  [daily_sales_etl.extract_orders] Task completed successfully in 359s (exit_code=0)",1,False,0
daily_sales_etl,2026-05-25,extract_returns,2026-05-25 02:31:50,2026-05-25 02:36:58,"2026-05-25 02:31:50 INFO  [daily_sales_etl.extract_returns] TaskInstance started — attempt 1
2026-05-25 02:31:52 INFO  Acquiring Spark session on job cluster (Photon enabled, DBR 15.4 LTS)
2026-05-25 02:31:55 INFO  Reading inputs from Unity Catalog main.curated.* 
2026-05-25 02:34:24 INFO  Stage 1 complete — input rows processed
2026-05-25 02:36:56 INFO  Writing output Delta table (MERGE) 
2026-05-25 02:36:58 INFO  [daily_sales_etl.extract_returns] Task completed successfully in 308s (exit_code=0)",1,False,0
daily_sales_etl,2026-05-25,transform_sales,2026-05-25 02:37:40,2026-05-25 02:58:27,"2026-05-25 02:37:40 INFO  [daily_sales_etl.transform_sales] TaskInstance started — attempt 1
2026-05-25 02:37:42 INFO  Acquiring Spark session on job cluster (Photon enabled, DBR 15.4 LTS)
2026-05-25 02:37:45 INFO  Reading inputs from Unity Catalog main.curated.* 
2026-05-25 02:48:03 INFO  Stage 1 complete — input rows processed
2026-05-25 02:58:25 INFO  Writing output Delta table (MERGE) 
2026-05-25 02:58:27 INFO  [daily_sales_etl.transform_sales] Task completed successfully in 1247s (exit_code=0)",1,False,0
daily_sales_etl,2026-05-25,dq_check_sales,2026-05-25 02:59:25,2026-05-25 03:20:13,"2026-05-25 02:59:25 INFO  [daily_sales_etl.dq_check_sales] TaskInstance started — attempt 1
2026-05-25 02:59:27 INFO  Acquiring Spark session on job cluster (Photon enabled, DBR 15.4 LTS)
2026-05-25 02:59:30 INFO  Reading inputs from Unity Catalog main.curated.* 
2026-05-25 03:09:49 INFO  Stage 1 complete — input rows processed
2026-05-25 03:20:11 INFO  Writing output Delta table (MERGE) 
2026-05-25 03:20:13 INFO  [daily_sales_etl.dq_check_sales] Task completed successfully in 1248s (exit_code=0)",1,False,0
daily_sales_etl,2026-05-25,load_fact_sales,2026-05-25 03:20:50,2026-05-25 03:43:56,"2026-05-25 03:20:50 INFO  [daily_sales_etl.load_fact_sales] TaskInstance started — attempt 1
2026-05-25 03:20:52 INFO  Acquiring Spark session on job cluster (Photon enabled, DBR 15.4 LTS)
2026-05-25 03:20:55 INFO  Reading inputs from Unity Catalog main.curated.* 
2026-05-25 03:32:23 INFO  Stage 1 complete — input rows processed
2026-05-25 03:43:54 INFO  Writing output Delta table (MERGE) 
2026-05-25 03:43:56 INFO  [daily_sales_etl.load_fact_sales] Task completed successfully in 1386s (exit_code=0)",1,False,0
customer_360_pipeline,2026-05-25,ingest_crm,2026-05-25 01:06:05,2026-05-25 01:18:58,"2026-05-25 01:06:05 INFO  [customer_360_pipeline.ingest_crm] TaskInstance started — attempt 1
2026-05-25 01:06:07 INFO  Acquiring Spark session on job cluster (Photon enabled, DBR 15.4 LTS)
2026-05-25 01:06:10 INFO  Reading inputs from Unity Catalog main.curated.* 
2026-05-25 01:12:31 INFO  Stage 1 complete — input rows processed
2026-05-25 01:18:56 INFO  Writing output Delta table (MERGE) 
2026-05-25 01:18:58 INFO  [customer_360_pipeline.ingest_crm] Task completed successfully in 773s (exit_code=0)",1,False,0
customer_360_pipeline,2026-05-25,ingest_web_events,2026-05-25 01:19:39,2026-05-25 01:34:54,"2026-05-25 01:19:39 INFO  [customer_360_pipeline.ingest_web_events] TaskInstance started — attempt 1
2026-05-25 01:19:41 INFO  Acquiring Spark session on job cluster (Photon enabled, DBR 15.4 LTS)
2026-05-25 01:19:44 INFO  Reading inputs from Unity Catalog main.curated.* 
2026-05-25 01:27:16 INFO  Stage 1 complete — input rows processed
2026-05-25 01:34:52 INFO  Writing output Delta table (MERGE) 
2026-05-25 01:34:54 INFO  [customer_360_pipeline.ingest_web_events] Task completed successfully in 915s (exit_code=0)",1,False,0
customer_360_pipeline,2026-05-25,resolve_identity,2026-05-25 01:35:32,2026-05-25 01:43:37,"2026-05-25 01:35:32 INFO  [customer_360_pipeline.resolve_identity] TaskInstance started — attempt 1
2026-05-25 01:35:34 INFO  Acquiring Spark session on job cluster (Photon enabled, DBR 15.4 LTS)
2026-05-25 01:35:37 INFO  Reading inputs from Unity Catalog main.curated.* 
2026-05-25 01:39:34 INFO  Stage 1 complete — input rows processed
2026-05-25 01:43:35 INFO  Writing output Delta table (MERGE) 
2026-05-25 01:43:37 INFO  [customer_360_pipeline.resolve_identity] Task completed successfully in 485s (exit_code=0)",1,False,0
customer_360_pipeline,2026-05-25,build_profiles,2026-05-25 01:44:13,2026-05-25 01:59:59,"2026-05-25 01:44:13 INFO  [customer_360_pipeline.build_profiles] TaskInstance started — attempt 1
2026-05-25 01:44:15 INFO  Acquiring Spark session on job cluster (Photon enabled, DBR 15.4 LTS)
2026-05-25 01:44:18 INFO  Reading inputs from Unity Catalog main.curated.* 
2026-05-25 01:52:06 INFO  Stage 1 complete — input rows processed
2026-05-25 01:59:57 INFO  Writing output Delta table (MERGE) 
2026-05-25 01:59:59 INFO  [customer_360_pipeline.build_profiles] Task completed successfully in 946s (exit_code=0)",1,False,0
customer_360_pipeline,2026-05-25,publish_features,2026-05-25 02:00:27,2026-05-25 02:25:02,"2026-05-25 02:00:27 INFO  [customer_360_pipeline.publish_features] TaskInstance started — attempt 1
2026-05-25 02:00:29 INFO  Acquiring Spark session on job cluster (Photon enabled, DBR 15.4 LTS)
2026-05-25 02:00:32 INFO  Reading inputs from Unity Catalog main.curated.* 
2026-05-25 02:12:44 INFO  Stage 1 complete — input rows processed
2026-05-25 02:25:00 INFO  Writing output Delta table (MERGE) 
2026-05-25 02:25:02 INFO  [customer_360_pipeline.publish_features] Task completed successfully in 1475s (exit_code=0)",1,False,0
inventory_sync,2026-05-25,pull_warehouse_api,2026-05-25 03:04:20,2026-05-25 03:19:06,"2026-05-25 03:04:20 INFO  [inventory_sync.pull_warehouse_api] TaskInstance started — attempt 1
2026-05-25 03:04:22 INFO  Acquiring Spark session on job cluster (Photon enabled, DBR 15.4 LTS)
2026-05-25 03:04:25 INFO  Reading inputs from Unity Catalog main.curated.* 
2026-05-25 03:11:43 INFO  Stage 1 complete — input rows processed
2026-05-25 03:19:04 INFO  Writing output Delta table (MERGE) 
2026-05-25 03:19:06 INFO  [inventory_sync.pull_warehouse_api] Task completed successfully in 886s (exit_code=0)",1,False,0
inventory_sync,2026-05-25,normalize_sku,2026-05-25 03:19:49,2026-05-25 03:23:31,"2026-05-25 03:19:49 INFO  [inventory_sync.normalize_sku] TaskInstance started — attempt 1
2026-05-25 03:19:51 INFO  Acquiring Spark session on job cluster (Photon enabled, DBR 15.4 LTS)
2026-05-25 03:19:54 INFO  Reading inputs from Unity Catalog main.curated.* 
2026-05-25 03:21:40 INFO  Stage 1 complete — input rows processed
2026-05-25 03:23:29 INFO  Writing output Delta table (MERGE) 
2026-05-25 03:23:31 INFO  [inventory_sync.normalize_sku] Task completed successfully in 222s (exit_code=0)",1,False,0
inventory_sync,2026-05-25,reconcile_stock,2026-05-25 03:23:49,2026-05-25 03:46:07,"2026-05-25 03:23:49 INFO  [inventory_sync.reconcile_stock] TaskInstance started — attempt 1
2026-05-25 03:23:51 INFO  Acquiring Spark session on job cluster (Photon enabled, DBR 15.4 LTS)
2026-05-25 03:23:54 INFO  Reading inputs from Unity Catalog main.curated.* 
2026-05-25 03:34:58 INFO  Stage 1 complete — input rows processed
2026-05-25 03:46:05 INFO  Writing output Delta table (MERGE) 
2026-05-25 03:46:07 INFO  [inventory_sync.reconcile_stock] Task completed successfully in 1338s (exit_code=0)",1,False,0
inventory_sync,2026-05-25,write_delta,2026-05-25 03:46:48,2026-05-25 03:57:05,"2026-05-25 03:46:48 INFO  [inventory_sync.write_delta] TaskInstance started — attempt 1
2026-05-25 03:46:50 INFO  Acquiring Spark session on job cluster (Photon enabled, DBR 15.4 LTS)
2026-05-25 03:46:53 INFO  Reading inputs from Unity Catalog main.curated.* 
2026-05-25 03:51:56 INFO  Stage 1 complete — input rows processed
2026-05-25 03:57:03 INFO  Writing output Delta table (MERGE) 
2026-05-25 03:57:05 INFO  [inventory_sync.write_delta] Task completed successfully in 617s (exit_code=0)",1,False,0
marketing_attribution,2026-05-25,load_ad_spend,2026-05-25 04:08:27,2026-05-25 04:32:13,"2026-05-25 04:08:27 INFO  [marketing_attribution.load_ad_spend] TaskInstance started — attempt 1
2026-05-25 04:08:29 INFO  Acquiring Spark session on job cluster (Photon enabled, DBR 15.4 LTS)
2026-05-25 04:08:32 INFO  Reading inputs from Unity Catalog main.curated.* 
2026-05-25 04:20:20 INFO  Stage 1 complete — input rows processed
2026-05-25 04:32:11 INFO  Writing output Delta table (MERGE) 
2026-05-25 04:32:13 INFO  [marketing_attribution.load_ad_spend] Task completed successfully in 1426s (exit_code=0)",1,False,0
marketing_attribution,2026-05-25,load_conversions,2026-05-25 04:32:34,2026-05-25 04:36:51,"2026-05-25 04:32:34 INFO  [marketing_attribution.load_conversions] TaskInstance started — attempt 1
2026-05-25 04:32:36 INFO  Acquiring Spark session on job cluster (Photon enabled, DBR 15.4 LTS)
2026-05-25 04:32:39 INFO  Reading inputs from Unity Catalog main.curated.* 
2026-05-25 04:34:42 INFO  Stage 1 complete — input rows processed
2026-05-25 04:36:49 INFO  Writing output Delta table (MERGE) 
2026-05-25 04:36:51 INFO  [marketing_attribution.load_conversions] Task completed successfully in 257s (exit_code=0)",1,False,0
marketing_attribution,2026-05-25,join_touchpoints,2026-05-25 04:37:07,2026-05-25 04:53:01,"2026-05-25 04:37:07 INFO  [marketing_attribution.join_touchpoints] TaskInstance started — attempt 1
2026-05-25 04:37:09 INFO  Acquiring Spark session on job cluster (Photon enabled, DBR 15.4 LTS)
2026-05-25 04:37:12 INFO  Reading inputs from Unity Catalog main.curated.* 
2026-05-25 04:45:04 INFO  Stage 1 complete — input rows processed
2026-05-25 04:52:59 INFO  Writing output Delta table (MERGE) 
2026-05-25 04:53:01 INFO  [marketing_attribution.join_touchpoints] Task completed successfully in 954s (exit_code=0)",1,False,0
marketing_attribution,2026-05-25,attribute_revenue,2026-05-25 04:53:09,2026-05-25 04:57:20,"2026-05-25 04:53:09 INFO  [marketing_attribution.attribute_revenue] TaskInstance started — attempt 1
2026-05-25 04:53:11 INFO  Acquiring Spark session on job cluster (Photon enabled, DBR 15.4 LTS)
2026-05-25 04:53:14 INFO  Reading inputs from Unity Catalog main.curated.* 
2026-05-25 04:55:14 INFO  Stage 1 running…
2026-05-25 04:57:17 ERROR Sensor: Timed out waiting for upstream partition to arrive.
2026-05-25 04:57:18 ERROR   airflow.exceptions.AirflowSensorTimeout: Sensor timed out waiting for partition dt=... on upstream dataset
                       	at airflow.sensors.base.BaseSensorOperator.execute(...)
2026-05-25 04:57:20 ERROR [marketing_attribution.attribute_revenue] Task failed on attempt 1 (exit_code=1)",1,False,1
marketing_attribution,2026-05-25,attribute_revenue,2026-05-25 05:00:42,2026-05-25 05:04:53,"2026-05-25 05:00:42 INFO  [marketing_attribution.attribute_revenue] TaskInstance started — attempt 2
2026-05-25 05:00:44 INFO  Acquiring Spark session on job cluster (Photon enabled, DBR 15.4 LTS)
2026-05-25 05:00:47 INFO  Reading inputs from Unity Catalog main.curated.* 
2026-05-25 05:02:47 INFO  Stage 1 running…
2026-05-25 05:04:50 ERROR Sensor: Timed out waiting for upstream partition to arrive.
2026-05-25 05:04:51 ERROR   airflow.exceptions.AirflowSensorTimeout: Sensor timed out waiting for partition dt=... on upstream dataset
                       	at airflow.sensors.base.BaseSensorOperator.execute(...)
2026-05-25 05:04:53 ERROR [marketing_attribution.attribute_revenue] Task failed on attempt 2 (exit_code=1)",2,False,1
marketing_attribution,2026-05-25,attribute_revenue,2026-05-25 05:07:27,2026-05-25 05:11:38,"2026-05-25 05:07:27 INFO  [marketing_attribution.attribute_revenue] TaskInstance started — attempt 3
2026-05-25 05:07:29 INFO  Acquiring Spark session on job cluster (Photon enabled, DBR 15.4 LTS)
2026-05-25 05:07:32 INFO  Reading inputs from Unity Catalog main.curated.* 
2026-05-25 05:09:32 INFO  Stage 1 running…
2026-05-25 05:11:35 ERROR Sensor: Timed out waiting for upstream partition to arrive.
2026-05-25 05:11:36 ERROR   airflow.exceptions.AirflowSensorTimeout: Sensor timed out waiting for partition dt=... on upstream dataset
                       	at airflow.sensors.base.BaseSensorOperator.execute(...)
2026-05-25 05:11:38 ERROR [marketing_attribution.attribute_revenue] Task failed on attempt 3 (exit_code=1)",3,False,1
finance_reconciliation,2026-05-25,extract_ledger,2026-05-25 05:22:29,2026-05-25 05:27:40,"2026-05-25 05:22:29 INFO  [finance_reconciliation.extract_ledger] TaskInstance started — attempt 1
2026-05-25 05:22:31 INFO  Acquiring Spark session on job cluster (Photon enabled, DBR 15.4 LTS)
2026-05-25 05:22:34 INFO  Reading inputs from Unity Catalog main.curated.* 
2026-05-25 05:25:04 INFO  Stage 1 complete — input rows processed
2026-05-25 05:27:38 INFO  Writing output Delta table (MERGE) 
2026-05-25 05:27:40 INFO  [finance_reconciliation.extract_ledger] Task completed successfully in 311s (exit_code=0)",1,False,0
finance_reconciliation,2026-05-25,extract_payments,2026-05-25 05:28:25,2026-05-25 05:44:58,"2026-05-25 05:28:25 INFO  [finance_reconciliation.extract_payments] TaskInstance started — attempt 1
2026-05-25 05:28:27 INFO  Acquiring Spark session on job cluster (Photon enabled, DBR 15.4 LTS)
2026-05-25 05:28:30 INFO  Reading inputs from Unity Catalog main.curated.* 
2026-05-25 05:36:41 INFO  Stage 1 complete — input rows processed
2026-05-25 05:44:56 INFO  Writing output Delta table (MERGE) 
2026-05-25 05:44:58 INFO  [finance_reconciliation.extract_payments] Task completed successfully in 993s (exit_code=0)",1,False,0
finance_reconciliation,2026-05-25,reconcile,2026-05-25 05:45:48,2026-05-25 05:51:52,"2026-05-25 05:45:48 INFO  [finance_reconciliation.reconcile] TaskInstance started — attempt 1
2026-05-25 05:45:50 INFO  Acquiring Spark session on job cluster (Photon enabled, DBR 15.4 LTS)
2026-05-25 05:45:53 INFO  Reading inputs from Unity Catalog main.curated.* 
2026-05-25 05:48:50 INFO  Stage 1 complete — input rows processed
2026-05-25 05:51:50 INFO  Writing output Delta table (MERGE) 
2026-05-25 05:51:52 INFO  [finance_reconciliation.reconcile] Task completed successfully in 364s (exit_code=0)",1,False,0
finance_reconciliation,2026-05-25,gl_validation,2026-05-25 05:52:33,2026-05-25 06:03:30,"2026-05-25 05:52:33 INFO  [finance_reconciliation.gl_validation] TaskInstance started — attempt 1
2026-05-25 05:52:35 INFO  Acquiring Spark session on job cluster (Photon enabled, DBR 15.4 LTS)
2026-05-25 05:52:38 INFO  Reading inputs from Unity Catalog main.curated.* 
2026-05-25 05:58:01 INFO  Stage 1 complete — input rows processed
2026-05-25 06:03:28 INFO  Writing output Delta table (MERGE) 
2026-05-25 06:03:30 INFO  [finance_reconciliation.gl_validation] Task completed successfully in 657s (exit_code=0)",1,False,0
finance_reconciliation,2026-05-25,export_report,2026-05-25 06:04:17,2026-05-25 06:24:34,"2026-05-25 06:04:17 INFO  [finance_reconciliation.export_report] TaskInstance started — attempt 1
2026-05-25 06:04:19 INFO  Acquiring Spark session on job cluster (Photon enabled, DBR 15.4 LTS)
2026-05-25 06:04:22 INFO  Reading inputs from Unity Catalog main.curated.* 
2026-05-25 06:14:25 INFO  Stage 1 complete — input rows processed
2026-05-25 06:24:32 INFO  Writing output Delta table (MERGE) 
2026-05-25 06:24:34 INFO  [finance_reconciliation.export_report] Task completed successfully in 1217s (exit_code=0)",1,False,0
clickstream_ingest,2026-05-25,read_kafka_offsets,2026-05-25 00:27:10,2026-05-25 00:38:11,"2026-05-25 00:27:10 INFO  [clickstream_ingest.read_kafka_offsets] TaskInstance started — attempt 1
2026-05-25 00:27:12 INFO  Acquiring Spark session on job cluster (Photon enabled, DBR 15.4 LTS)
2026-05-25 00:27:15 INFO  Reading inputs from Unity Catalog main.curated.* 
2026-05-25 00:32:40 INFO  Stage 1 complete — input rows processed
2026-05-25 00:38:09 INFO  Writing output Delta table (MERGE) 
2026-05-25 00:38:11 INFO  [clickstream_ingest.read_kafka_offsets] Task completed successfully in 661s (exit_code=0)",1,False,0
clickstream_ingest,2026-05-25,parse_events,2026-05-25 00:38:30,2026-05-25 00:41:00,"2026-05-25 00:38:30 INFO  [clickstream_ingest.parse_events] TaskInstance started — attempt 1
2026-05-25 00:38:32 INFO  Acquiring Spark session on job cluster (Photon enabled, DBR 15.4 LTS)
2026-05-25 00:38:35 INFO  Reading inputs from Unity Catalog main.curated.* 
2026-05-25 00:39:45 INFO  Stage 1 running…
2026-05-25 00:40:57 ERROR ShuffleBlockFetcherIterator: Failed to fetch shuffle block from a lost executor.
2026-05-25 00:40:58 ERROR   org.apache.spark.shuffle.FetchFailedException: Failed to connect to executor-7.cluster:35421
                       	at org.apache.spark.storage.ShuffleBlockFetcherIterator.throwFetchFailedException(...)
                       	at org.apache.spark.scheduler.ShuffleMapTask.runTask(ShuffleMapTask.scala:99)
2026-05-25 00:41:00 ERROR [clickstream_ingest.parse_events] Task failed on attempt 1 (exit_code=1)",1,True,1
clickstream_ingest,2026-05-25,parse_events,2026-05-25 00:44:21,2026-05-25 00:54:04,"2026-05-25 00:44:21 INFO  [clickstream_ingest.parse_events] TaskInstance started — attempt 2
2026-05-25 00:44:23 INFO  Acquiring Spark session on job cluster (Photon enabled, DBR 15.4 LTS)
2026-05-25 00:44:26 INFO  Reading inputs from Unity Catalog main.curated.* 
2026-05-25 00:49:12 INFO  Stage 1 running…
2026-05-25 00:54:01 ERROR ShuffleBlockFetcherIterator: Failed to fetch shuffle block from a lost executor.
2026-05-25 00:54:02 ERROR   org.apache.spark.shuffle.FetchFailedException: Failed to connect to executor-7.cluster:35421
                       	at org.apache.spark.storage.ShuffleBlockFetcherIterator.throwFetchFailedException(...)
                       	at org.apache.spark.scheduler.ShuffleMapTask.runTask(ShuffleMapTask.scala:99)
2026-05-25 00:54:04 ERROR [clickstream_ingest.parse_events] Task failed on attempt 2 (exit_code=1)",2,True,1
clickstream_ingest,2026-05-25,parse_events,2026-05-25 00:55:11,2026-05-25 01:04:03,"2026-05-25 00:55:11 INFO  [clickstream_ingest.parse_events] TaskInstance started — attempt 3
2026-05-25 00:55:13 INFO  Acquiring Spark session on job cluster (Photon enabled, DBR 15.4 LTS)
2026-05-25 00:55:16 INFO  Reading inputs from Unity Catalog main.curated.* 
2026-05-25 00:59:37 INFO  Stage 1 complete — input rows processed
2026-05-25 01:04:01 INFO  Writing output Delta table (MERGE) 
2026-05-25 01:04:03 INFO  [clickstream_ingest.parse_events] Task completed successfully in 532s (exit_code=0)",3,True,0
clickstream_ingest,2026-05-25,sessionize,2026-05-25 01:05:01,2026-05-25 01:09:37,"2026-05-25 01:05:01 INFO  [clickstream_ingest.sessionize] TaskInstance started — attempt 1
2026-05-25 01:05:03 INFO  Acquiring Spark session on job cluster (Photon enabled, DBR 15.4 LTS)
2026-05-25 01:05:06 INFO  Reading inputs from Unity Catalog main.curated.* 
2026-05-25 01:07:19 INFO  Stage 1 complete — input rows processed
2026-05-25 01:09:35 INFO  Writing output Delta table (MERGE) 
2026-05-25 01:09:37 INFO  [clickstream_ingest.sessionize] Task completed successfully in 276s (exit_code=0)",1,False,0
clickstream_ingest,2026-05-25,write_bronze,2026-05-25 01:10:14,2026-05-25 01:18:40,"2026-05-25 01:10:14 INFO  [clickstream_ingest.write_bronze] TaskInstance started — attempt 1
2026-05-25 01:10:16 INFO  Acquiring Spark session on job cluster (Photon enabled, DBR 15.4 LTS)
2026-05-25 01:10:19 INFO  Reading inputs from Unity Catalog main.curated.* 
2026-05-25 01:14:27 INFO  Stage 1 running…
2026-05-25 01:18:37 ERROR JDBCRDD: Connection timed out after 30000ms while reading from source DB.
2026-05-25 01:18:38 ERROR   java.sql.SQLTransientConnectionException: HikariPool-1 - Connection is not available, request timed out after 30000ms
                       	at com.zaxxer.hikari.pool.HikariPool.getConnection(HikariPool.java:213)
                       	at org.apache.spark.sql.execution.datasources.jdbc.JDBCRDD.compute(...)
2026-05-25 01:18:40 ERROR [clickstream_ingest.write_bronze] Task failed on attempt 1 (exit_code=1)",1,True,1
clickstream_ingest,2026-05-25,write_bronze,2026-05-25 01:19:41,2026-05-25 01:29:41,"2026-05-25 01:19:41 INFO  [clickstream_ingest.write_bronze] TaskInstance started — attempt 2
2026-05-25 01:19:43 INFO  Acquiring Spark session on job cluster (Photon enabled, DBR 15.4 LTS)
2026-05-25 01:19:46 INFO  Reading inputs from Unity Catalog main.curated.* 
2026-05-25 01:24:41 INFO  Stage 1 running…
2026-05-25 01:29:38 ERROR JDBCRDD: Connection timed out after 30000ms while reading from source DB.
2026-05-25 01:29:39 ERROR   java.sql.SQLTransientConnectionException: HikariPool-1 - Connection is not available, request timed out after 30000ms
                       	at com.zaxxer.hikari.pool.HikariPool.getConnection(HikariPool.java:213)
                       	at org.apache.spark.sql.execution.datasources.jdbc.JDBCRDD.compute(...)
2026-05-25 01:29:41 ERROR [clickstream_ingest.write_bronze] Task failed on attempt 2 (exit_code=1)",2,True,1
clickstream_ingest,2026-05-25,write_bronze,2026-05-25 01:31:31,2026-05-25 01:51:01,"2026-05-25 01:31:31 INFO  [clickstream_ingest.write_bronze] TaskInstance started — attempt 3
2026-05-25 01:31:33 INFO  Acquiring Spark session on job cluster (Photon enabled, DBR 15.4 LTS)
2026-05-25 01:31:36 INFO  Reading inputs from Unity Catalog main.curated.* 
2026-05-25 01:41:16 INFO  Stage 1 complete — input rows processed
2026-05-25 01:50:59 INFO  Writing output Delta table (MERGE) 
2026-05-25 01:51:01 INFO  [clickstream_ingest.write_bronze] Task completed successfully in 1170s (exit_code=0)",3,True,0
clickstream_ingest,2026-05-25,write_silver,2026-05-25 01:51:49,2026-05-25 02:05:00,"2026-05-25 01:51:49 INFO  [clickstream_ingest.write_silver] TaskInstance started — attempt 1
2026-05-25 01:51:51 INFO  Acquiring Spark session on job cluster (Photon enabled, DBR 15.4 LTS)
2026-05-25 01:51:54 INFO  Reading inputs from Unity Catalog main.curated.* 
2026-05-25 01:58:24 INFO  Stage 1 complete — input rows processed
2026-05-25 02:04:58 INFO  Writing output Delta table (MERGE) 
2026-05-25 02:05:00 INFO  [clickstream_ingest.write_silver] Task completed successfully in 791s (exit_code=0)",1,False,0
ml_feature_store,2026-05-25,fetch_training_data,2026-05-25 06:24:41,2026-05-25 06:36:27,"2026-05-25 06:24:41 INFO  [ml_feature_store.fetch_training_data] TaskInstance started — attempt 1
2026-05-25 06:24:43 INFO  Acquiring Spark session on job cluster (Photon enabled, DBR 15.4 LTS)
2026-05-25 06:24:46 INFO  Reading inputs from Unity Catalog main.curated.* 
2026-05-25 06:30:34 INFO  Stage 1 complete — input rows processed
2026-05-25 06:36:25 INFO  Writing output Delta table (MERGE) 
2026-05-25 06:36:27 INFO  [ml_feature_store.fetch_training_data] Task completed successfully in 706s (exit_code=0)",1,False,0
ml_feature_store,2026-05-25,compute_features,2026-05-25 06:36:55,2026-05-25 06:56:20,"2026-05-25 06:36:55 INFO  [ml_feature_store.compute_features] TaskInstance started — attempt 1
2026-05-25 06:36:57 INFO  Acquiring Spark session on job cluster (Photon enabled, DBR 15.4 LTS)
2026-05-25 06:37:00 INFO  Reading inputs from Unity Catalog main.curated.* 
2026-05-25 06:46:37 INFO  Stage 1 complete — input rows processed
2026-05-25 06:56:18 INFO  Writing output Delta table (MERGE) 
2026-05-25 06:56:20 INFO  [ml_feature_store.compute_features] Task completed successfully in 1165s (exit_code=0)",1,False,0
ml_feature_store,2026-05-25,validate_features,2026-05-25 06:56:53,2026-05-25 07:08:01,"2026-05-25 06:56:53 INFO  [ml_feature_store.validate_features] TaskInstance started — attempt 1
2026-05-25 06:56:55 INFO  Acquiring Spark session on job cluster (Photon enabled, DBR 15.4 LTS)
2026-05-25 06:56:58 INFO  Reading inputs from Unity Catalog main.curated.* 
2026-05-25 07:02:27 INFO  Stage 1 running…
2026-05-25 07:07:58 ERROR Expectations: not_null(order_id) failed with 4123 violating rows.
2026-05-25 07:07:59 ERROR   com.databricks.sql.expectations.ExpectationFailedException: Expectation 'not_null(order_id)' failed: 4123 violating rows
                       	at com.databricks.pipelines.execution.core.ExpectationEvaluator.evaluate(...)
2026-05-25 07:08:01 ERROR [ml_feature_store.validate_features] Task failed on attempt 1 (exit_code=1)",1,False,1
ml_feature_store,2026-05-25,validate_features,2026-05-25 07:12:27,2026-05-25 07:23:35,"2026-05-25 07:12:27 INFO  [ml_feature_store.validate_features] TaskInstance started — attempt 2
2026-05-25 07:12:29 INFO  Acquiring Spark session on job cluster (Photon enabled, DBR 15.4 LTS)
2026-05-25 07:12:32 INFO  Reading inputs from Unity Catalog main.curated.* 
2026-05-25 07:18:01 INFO  Stage 1 running…
2026-05-25 07:23:32 ERROR Expectations: not_null(order_id) failed with 4123 violating rows.
2026-05-25 07:23:33 ERROR   com.databricks.sql.expectations.ExpectationFailedException: Expectation 'not_null(order_id)' failed: 4123 violating rows
                       	at com.databricks.pipelines.execution.core.ExpectationEvaluator.evaluate(...)
2026-05-25 07:23:35 ERROR [ml_feature_store.validate_features] Task failed on attempt 2 (exit_code=1)",2,False,1
ml_feature_store,2026-05-25,validate_features,2026-05-25 07:25:11,2026-05-25 07:36:19,"2026-05-25 07:25:11 INFO  [ml_feature_store.validate_features] TaskInstance started — attempt 3
2026-05-25 07:25:13 INFO  Acquiring Spark session on job cluster (Photon enabled, DBR 15.4 LTS)
2026-05-25 07:25:16 INFO  Reading inputs from Unity Catalog main.curated.* 
2026-05-25 07:30:45 INFO  Stage 1 running…
2026-05-25 07:36:16 ERROR Expectations: not_null(order_id) failed with 4123 violating rows.
2026-05-25 07:36:17 ERROR   com.databricks.sql.expectations.ExpectationFailedException: Expectation 'not_null(order_id)' failed: 4123 violating rows
                       	at com.databricks.pipelines.execution.core.ExpectationEvaluator.evaluate(...)
2026-05-25 07:36:19 ERROR [ml_feature_store.validate_features] Task failed on attempt 3 (exit_code=1)",3,False,1
ml_feature_store,2026-05-25,validate_features,2026-05-25 07:41:13,2026-05-25 07:52:21,"2026-05-25 07:41:13 INFO  [ml_feature_store.validate_features] TaskInstance started — attempt 4
2026-05-25 07:41:15 INFO  Acquiring Spark session on job cluster (Photon enabled, DBR 15.4 LTS)
2026-05-25 07:41:18 INFO  Reading inputs from Unity Catalog main.curated.* 
2026-05-25 07:46:47 INFO  Stage 1 running…
2026-05-25 07:52:18 ERROR Expectations: not_null(order_id) failed with 4123 violating rows.
2026-05-25 07:52:19 ERROR   com.databricks.sql.expectations.ExpectationFailedException: Expectation 'not_null(order_id)' failed: 4123 violating rows
                       	at com.databricks.pipelines.execution.core.ExpectationEvaluator.evaluate(...)
2026-05-25 07:52:21 ERROR [ml_feature_store.validate_features] Task failed on attempt 4 (exit_code=1)",4,False,1
data_quality_checks,2026-05-25,load_snapshots,2026-05-25 07:28:00,2026-05-25 07:37:39,"2026-05-25 07:28:00 INFO  [data_quality_checks.load_snapshots] TaskInstance started — attempt 1
2026-05-25 07:28:02 INFO  Acquiring Spark session on job cluster (Photon enabled, DBR 15.4 LTS)
2026-05-25 07:28:05 INFO  Reading inputs from Unity Catalog main.curated.* 
2026-05-25 07:32:49 INFO  Stage 1 complete — input rows processed
2026-05-25 07:37:37 INFO  Writing output Delta table (MERGE) 
2026-05-25 07:37:39 INFO  [data_quality_checks.load_snapshots] Task completed successfully in 579s (exit_code=0)",1,False,0
data_quality_checks,2026-05-25,run_expectations,2026-05-25 07:37:54,2026-05-25 07:48:25,"2026-05-25 07:37:54 INFO  [data_quality_checks.run_expectations] TaskInstance started — attempt 1
2026-05-25 07:37:56 INFO  Acquiring Spark session on job cluster (Photon enabled, DBR 15.4 LTS)
2026-05-25 07:37:59 INFO  Reading inputs from Unity Catalog main.curated.* 
2026-05-25 07:43:09 INFO  Stage 1 complete — input rows processed
2026-05-25 07:48:23 INFO  Writing output Delta table (MERGE) 
2026-05-25 07:48:25 INFO  [data_quality_checks.run_expectations] Task completed successfully in 631s (exit_code=0)",1,False,0
data_quality_checks,2026-05-25,summarize_results,2026-05-25 07:49:09,2026-05-25 08:04:53,"2026-05-25 07:49:09 INFO  [data_quality_checks.summarize_results] TaskInstance started — attempt 1
2026-05-25 07:49:11 INFO  Acquiring Spark session on job cluster (Photon enabled, DBR 15.4 LTS)
2026-05-25 07:49:14 INFO  Reading inputs from Unity Catalog main.curated.* 
2026-05-25 07:57:01 INFO  Stage 1 complete — input rows processed
2026-05-25 08:04:51 INFO  Writing output Delta table (MERGE) 
2026-05-25 08:04:53 INFO  [data_quality_checks.summarize_results] Task completed successfully in 944s (exit_code=0)",1,False,0
revenue_reporting,2026-05-25,aggregate_daily_revenue,2026-05-25 08:24:28,2026-05-25 08:40:36,"2026-05-25 08:24:28 INFO  [revenue_reporting.aggregate_daily_revenue] TaskInstance started — attempt 1
2026-05-25 08:24:30 INFO  Acquiring Spark session on job cluster (Photon enabled, DBR 15.4 LTS)
2026-05-25 08:24:33 INFO  Reading inputs from Unity Catalog main.curated.* 
2026-05-25 08:32:32 INFO  Stage 1 complete — input rows processed
2026-05-25 08:40:34 INFO  Writing output Delta table (MERGE) 
2026-05-25 08:40:36 INFO  [revenue_reporting.aggregate_daily_revenue] Task completed successfully in 968s (exit_code=0)",1,False,0
revenue_reporting,2026-05-25,currency_convert,2026-05-25 08:41:21,2026-05-25 08:46:54,"2026-05-25 08:41:21 INFO  [revenue_reporting.currency_convert] TaskInstance started — attempt 1
2026-05-25 08:41:23 INFO  Acquiring Spark session on job cluster (Photon enabled, DBR 15.4 LTS)
2026-05-25 08:41:26 INFO  Reading inputs from Unity Catalog main.curated.* 
2026-05-25 08:44:07 INFO  Stage 1 complete — input rows processed
2026-05-25 08:46:52 INFO  Writing output Delta table (MERGE) 
2026-05-25 08:46:54 INFO  [revenue_reporting.currency_convert] Task completed successfully in 333s (exit_code=0)",1,False,0
revenue_reporting,2026-05-25,build_dashboards_tbl,2026-05-25 08:47:20,2026-05-25 09:01:20,"2026-05-25 08:47:20 INFO  [revenue_reporting.build_dashboards_tbl] TaskInstance started — attempt 1
2026-05-25 08:47:22 INFO  Acquiring Spark session on job cluster (Photon enabled, DBR 15.4 LTS)
2026-05-25 08:47:25 INFO  Reading inputs from Unity Catalog main.curated.* 
2026-05-25 08:54:20 INFO  Stage 1 complete — input rows processed
2026-05-25 09:01:18 INFO  Writing output Delta table (MERGE) 
2026-05-25 09:01:20 INFO  [revenue_reporting.build_dashboards_tbl] Task completed successfully in 840s (exit_code=0)",1,False,0
user_segmentation,2026-05-25,load_activity,2026-05-25 09:03:40,2026-05-25 09:17:59,"2026-05-25 09:03:40 INFO  [user_segmentation.load_activity] TaskInstance started — attempt 1
2026-05-25 09:03:42 INFO  Acquiring Spark session on job cluster (Photon enabled, DBR 15.4 LTS)
2026-05-25 09:03:45 INFO  Reading inputs from Unity Catalog main.curated.* 
2026-05-25 09:10:49 INFO  Stage 1 complete — input rows processed
2026-05-25 09:17:57 INFO  Writing output Delta table (MERGE) 
2026-05-25 09:17:59 INFO  [user_segmentation.load_activity] Task completed successfully in 859s (exit_code=0)",1,False,0
user_segmentation,2026-05-25,compute_rfm,2026-05-25 09:18:07,2026-05-25 09:27:16,"2026-05-25 09:18:07 INFO  [user_segmentation.compute_rfm] TaskInstance started — attempt 1
2026-05-25 09:18:09 INFO  Acquiring Spark session on job cluster (Photon enabled, DBR 15.4 LTS)
2026-05-25 09:18:12 INFO  Reading inputs from Unity Catalog main.curated.* 
2026-05-25 09:22:41 INFO  Stage 1 complete — input rows processed
2026-05-25 09:27:14 INFO  Writing output Delta table (MERGE) 
2026-05-25 09:27:16 INFO  [user_segmentation.compute_rfm] Task completed successfully in 549s (exit_code=0)",1,False,0
user_segmentation,2026-05-25,assign_segments,2026-05-25 09:27:56,2026-05-25 09:35:52,"2026-05-25 09:27:56 INFO  [user_segmentation.assign_segments] TaskInstance started — attempt 1
2026-05-25 09:27:58 INFO  Acquiring Spark session on job cluster (Photon enabled, DBR 15.4 LTS)
2026-05-25 09:28:01 INFO  Reading inputs from Unity Catalog main.curated.* 
2026-05-25 09:31:54 INFO  Stage 1 complete — input rows processed
2026-05-25 09:35:50 INFO  Writing output Delta table (MERGE) 
2026-05-25 09:35:52 INFO  [user_segmentation.assign_segments] Task completed successfully in 476s (exit_code=0)",1,False,0
user_segmentation,2026-05-25,push_to_crm,2026-05-25 09:36:06,2026-05-25 09:48:11,"2026-05-25 09:36:06 INFO  [user_segmentation.push_to_crm] TaskInstance started — attempt 1
2026-05-25 09:36:08 INFO  Acquiring Spark session on job cluster (Photon enabled, DBR 15.4 LTS)
2026-05-25 09:36:11 INFO  Reading inputs from Unity Catalog main.curated.* 
2026-05-25 09:42:08 INFO  Stage 1 complete — input rows processed
2026-05-25 09:48:09 INFO  Writing output Delta table (MERGE) 
2026-05-25 09:48:11 INFO  [user_segmentation.push_to_crm] Task completed successfully in 725s (exit_code=0)",1,False,0
daily_sales_etl,2026-05-26,extract_orders,2026-05-26 02:04:01,2026-05-26 02:17:08,"2026-05-26 02:04:01 INFO  [daily_sales_etl.extract_orders] TaskInstance started — attempt 1
2026-05-26 02:04:03 INFO  Acquiring Spark session on job cluster (Photon enabled, DBR 15.4 LTS)
2026-05-26 02:04:06 INFO  Reading inputs from Unity Catalog main.curated.* 
2026-05-26 02:10:34 INFO  Stage 1 complete — input rows processed
2026-05-26 02:17:06 INFO  Writing output Delta table (MERGE) 
2026-05-26 02:17:08 INFO  [daily_sales_etl.extract_orders] Task completed successfully in 787s (exit_code=0)",1,False,0
daily_sales_etl,2026-05-26,extract_returns,2026-05-26 02:17:23,2026-05-26 02:29:16,"2026-05-26 02:17:23 INFO  [daily_sales_etl.extract_returns] TaskInstance started — attempt 1
2026-05-26 02:17:25 INFO  Acquiring Spark session on job cluster (Photon enabled, DBR 15.4 LTS)
2026-05-26 02:17:28 INFO  Reading inputs from Unity Catalog main.curated.* 
2026-05-26 02:23:19 INFO  Stage 1 complete — input rows processed
2026-05-26 02:29:14 INFO  Writing output Delta table (MERGE) 
2026-05-26 02:29:16 INFO  [daily_sales_etl.extract_returns] Task completed successfully in 713s (exit_code=0)",1,False,0
daily_sales_etl,2026-05-26,transform_sales,2026-05-26 02:29:41,2026-05-26 02:48:15,"2026-05-26 02:29:41 INFO  [daily_sales_etl.transform_sales] TaskInstance started — attempt 1
2026-05-26 02:29:43 INFO  Acquiring Spark session on job cluster (Photon enabled, DBR 15.4 LTS)
2026-05-26 02:29:46 INFO  Reading inputs from Unity Catalog main.curated.* 
2026-05-26 02:38:58 INFO  Stage 1 complete — input rows processed
2026-05-26 02:48:13 INFO  Writing output Delta table (MERGE) 
2026-05-26 02:48:15 INFO  [daily_sales_etl.transform_sales] Task completed successfully in 1114s (exit_code=0)",1,False,0
daily_sales_etl,2026-05-26,dq_check_sales,2026-05-26 02:48:27,2026-05-26 02:56:41,"2026-05-26 02:48:27 INFO  [daily_sales_etl.dq_check_sales] TaskInstance started — attempt 1
2026-05-26 02:48:29 INFO  Acquiring Spark session on job cluster (Photon enabled, DBR 15.4 LTS)
2026-05-26 02:48:32 INFO  Reading inputs from Unity Catalog main.curated.* 
2026-05-26 02:52:34 INFO  Stage 1 complete — input rows processed
2026-05-26 02:56:39 INFO  Writing output Delta table (MERGE) 
2026-05-26 02:56:41 INFO  [daily_sales_etl.dq_check_sales] Task completed successfully in 494s (exit_code=0)",1,False,0
daily_sales_etl,2026-05-26,load_fact_sales,2026-05-26 02:56:49,2026-05-26 03:21:21,"2026-05-26 02:56:49 INFO  [daily_sales_etl.load_fact_sales] TaskInstance started — attempt 1
2026-05-26 02:56:51 INFO  Acquiring Spark session on job cluster (Photon enabled, DBR 15.4 LTS)
2026-05-26 02:56:54 INFO  Reading inputs from Unity Catalog main.curated.* 
2026-05-26 03:09:05 INFO  Stage 1 complete — input rows processed
2026-05-26 03:21:19 INFO  Writing output Delta table (MERGE) 
2026-05-26 03:21:21 INFO  [daily_sales_etl.load_fact_sales] Task completed successfully in 1472s (exit_code=0)",1,False,0
customer_360_pipeline,2026-05-26,ingest_crm,2026-05-26 01:29:13,2026-05-26 01:41:59,"2026-05-26 01:29:13 INFO  [customer_360_pipeline.ingest_crm] TaskInstance started — attempt 1
2026-05-26 01:29:15 INFO  Acquiring Spark session on job cluster (Photon enabled, DBR 15.4 LTS)
2026-05-26 01:29:18 INFO  Reading inputs from Unity Catalog main.curated.* 
2026-05-26 01:35:36 INFO  Stage 1 complete — input rows processed
2026-05-26 01:41:57 INFO  Writing output Delta table (MERGE) 
2026-05-26 01:41:59 INFO  [customer_360_pipeline.ingest_crm] Task completed successfully in 766s (exit_code=0)",1,False,0
customer_360_pipeline,2026-05-26,ingest_web_events,2026-05-26 01:42:52,2026-05-26 01:52:44,"2026-05-26 01:42:52 INFO  [customer_360_pipeline.ingest_web_events] TaskInstance started — attempt 1
2026-05-26 01:42:54 INFO  Acquiring Spark session on job cluster (Photon enabled, DBR 15.4 LTS)
2026-05-26 01:42:57 INFO  Reading inputs from Unity Catalog main.curated.* 
2026-05-26 01:47:48 INFO  Stage 1 complete — input rows processed
2026-05-26 01:52:42 INFO  Writing output Delta table (MERGE) 
2026-05-26 01:52:44 INFO  [customer_360_pipeline.ingest_web_events] Task completed successfully in 592s (exit_code=0)",1,False,0
customer_360_pipeline,2026-05-26,resolve_identity,2026-05-26 01:53:16,2026-05-26 02:05:11,"2026-05-26 01:53:16 INFO  [customer_360_pipeline.resolve_identity] TaskInstance started — attempt 1
2026-05-26 01:53:18 INFO  Acquiring Spark session on job cluster (Photon enabled, DBR 15.4 LTS)
2026-05-26 01:53:21 INFO  Reading inputs from Unity Catalog main.curated.* 
2026-05-26 01:59:13 INFO  Stage 1 complete — input rows processed
2026-05-26 02:05:09 INFO  Writing output Delta table (MERGE) 
2026-05-26 02:05:11 INFO  [customer_360_pipeline.resolve_identity] Task completed successfully in 715s (exit_code=0)",1,False,0
customer_360_pipeline,2026-05-26,build_profiles,2026-05-26 02:05:31,2026-05-26 02:11:50,"2026-05-26 02:05:31 INFO  [customer_360_pipeline.build_profiles] TaskInstance started — attempt 1
2026-05-26 02:05:33 INFO  Acquiring Spark session on job cluster (Photon enabled, DBR 15.4 LTS)
2026-05-26 02:05:36 INFO  Reading inputs from Unity Catalog main.curated.* 
2026-05-26 02:08:40 INFO  Stage 1 complete — input rows processed
2026-05-26 02:11:48 INFO  Writing output Delta table (MERGE) 
2026-05-26 02:11:50 INFO  [customer_360_pipeline.build_profiles] Task completed successfully in 379s (exit_code=0)",1,False,0
customer_360_pipeline,2026-05-26,publish_features,2026-05-26 02:12:21,2026-05-26 02:19:48,"2026-05-26 02:12:21 INFO  [customer_360_pipeline.publish_features] TaskInstance started — attempt 1
2026-05-26 02:12:23 INFO  Acquiring Spark session on job cluster (Photon enabled, DBR 15.4 LTS)
2026-05-26 02:12:26 INFO  Reading inputs from Unity Catalog main.curated.* 
2026-05-26 02:16:04 INFO  Stage 1 running…
2026-05-26 02:19:45 ERROR ShuffleBlockFetcherIterator: Failed to fetch shuffle block from a lost executor.
2026-05-26 02:19:46 ERROR   org.apache.spark.shuffle.FetchFailedException: Failed to connect to executor-7.cluster:35421
                       	at org.apache.spark.storage.ShuffleBlockFetcherIterator.throwFetchFailedException(...)
                       	at org.apache.spark.scheduler.ShuffleMapTask.runTask(ShuffleMapTask.scala:99)
2026-05-26 02:19:48 ERROR [customer_360_pipeline.publish_features] Task failed on attempt 1 (exit_code=1)",1,True,1
customer_360_pipeline,2026-05-26,publish_features,2026-05-26 02:20:52,2026-05-26 02:29:24,"2026-05-26 02:20:52 INFO  [customer_360_pipeline.publish_features] TaskInstance started — attempt 2
2026-05-26 02:20:54 INFO  Acquiring Spark session on job cluster (Photon enabled, DBR 15.4 LTS)
2026-05-26 02:20:57 INFO  Reading inputs from Unity Catalog main.curated.* 
2026-05-26 02:25:08 INFO  Stage 1 complete — input rows processed
2026-05-26 02:29:22 INFO  Writing output Delta table (MERGE) 
2026-05-26 02:29:24 INFO  [customer_360_pipeline.publish_features] Task completed successfully in 512s (exit_code=0)",2,True,0
inventory_sync,2026-05-26,pull_warehouse_api,2026-05-26 03:25:32,2026-05-26 03:33:19,"2026-05-26 03:25:32 INFO  [inventory_sync.pull_warehouse_api] TaskInstance started — attempt 1
2026-05-26 03:25:34 INFO  Acquiring Spark session on job cluster (Photon enabled, DBR 15.4 LTS)
2026-05-26 03:25:37 INFO  Reading inputs from Unity Catalog main.curated.* 
2026-05-26 03:29:25 INFO  Stage 1 complete — input rows processed
2026-05-26 03:33:17 INFO  Writing output Delta table (MERGE) 
2026-05-26 03:33:19 INFO  [inventory_sync.pull_warehouse_api] Task completed successfully in 467s (exit_code=0)",1,False,0
inventory_sync,2026-05-26,normalize_sku,2026-05-26 03:34:14,2026-05-26 03:55:12,"2026-05-26 03:34:14 INFO  [inventory_sync.normalize_sku] TaskInstance started — attempt 1
2026-05-26 03:34:16 INFO  Acquiring Spark session on job cluster (Photon enabled, DBR 15.4 LTS)
2026-05-26 03:34:19 INFO  Reading inputs from Unity Catalog main.curated.* 
2026-05-26 03:44:43 INFO  Stage 1 complete — input rows processed
2026-05-26 03:55:10 INFO  Writing output Delta table (MERGE) 
2026-05-26 03:55:12 INFO  [inventory_sync.normalize_sku] Task completed successfully in 1258s (exit_code=0)",1,False,0
inventory_sync,2026-05-26,reconcile_stock,2026-05-26 03:55:40,2026-05-26 04:00:01,"2026-05-26 03:55:40 INFO  [inventory_sync.reconcile_stock] TaskInstance started — attempt 1
2026-05-26 03:55:42 INFO  Acquiring Spark session on job cluster (Photon enabled, DBR 15.4 LTS)
2026-05-26 03:55:45 INFO  Reading inputs from Unity Catalog main.curated.* 
2026-05-26 03:57:50 INFO  Stage 1 running…
2026-05-26 03:59:58 ERROR TaskRunner: Task exceeded execution_timeout (3600s) and was terminated.
2026-05-26 03:59:59 ERROR   java.util.concurrent.TimeoutException: Task exceeded the configured execution_timeout of 3600s
                       	at org.apache.airflow.executors.TaskRunner.enforceTimeout(...)
2026-05-26 04:00:01 ERROR [inventory_sync.reconcile_stock] Task failed on attempt 1 (exit_code=1)",1,True,1
inventory_sync,2026-05-26,reconcile_stock,2026-05-26 04:03:27,2026-05-26 04:21:18,"2026-05-26 04:03:27 INFO  [inventory_sync.reconcile_stock] TaskInstance started — attempt 2
2026-05-26 04:03:29 INFO  Acquiring Spark session on job cluster (Photon enabled, DBR 15.4 LTS)
2026-05-26 04:03:32 INFO  Reading inputs from Unity Catalog main.curated.* 
2026-05-26 04:12:22 INFO  Stage 1 complete — input rows processed
2026-05-26 04:21:16 INFO  Writing output Delta table (MERGE) 
2026-05-26 04:21:18 INFO  [inventory_sync.reconcile_stock] Task completed successfully in 1071s (exit_code=0)",2,True,0
inventory_sync,2026-05-26,write_delta,2026-05-26 04:21:34,2026-05-26 04:29:16,"2026-05-26 04:21:34 INFO  [inventory_sync.write_delta] TaskInstance started — attempt 1
2026-05-26 04:21:36 INFO  Acquiring Spark session on job cluster (Photon enabled, DBR 15.4 LTS)
2026-05-26 04:21:39 INFO  Reading inputs from Unity Catalog main.curated.* 
2026-05-26 04:25:25 INFO  Stage 1 complete — input rows processed
2026-05-26 04:29:14 INFO  Writing output Delta table (MERGE) 
2026-05-26 04:29:16 INFO  [inventory_sync.write_delta] Task completed successfully in 462s (exit_code=0)",1,False,0
marketing_attribution,2026-05-26,load_ad_spend,2026-05-26 04:24:14,2026-05-26 04:33:56,"2026-05-26 04:24:14 INFO  [marketing_attribution.load_ad_spend] TaskInstance started — attempt 1
2026-05-26 04:24:16 INFO  Acquiring Spark session on job cluster (Photon enabled, DBR 15.4 LTS)
2026-05-26 04:24:19 INFO  Reading inputs from Unity Catalog main.curated.* 
2026-05-26 04:29:05 INFO  Stage 1 complete — input rows processed
2026-05-26 04:33:54 INFO  Writing output Delta table (MERGE) 
2026-05-26 04:33:56 INFO  [marketing_attribution.load_ad_spend] Task completed successfully in 582s (exit_code=0)",1,False,0
marketing_attribution,2026-05-26,load_conversions,2026-05-26 04:34:54,2026-05-26 04:40:53,"2026-05-26 04:34:54 INFO  [marketing_attribution.load_conversions] TaskInstance started — attempt 1
2026-05-26 04:34:56 INFO  Acquiring Spark session on job cluster (Photon enabled, DBR 15.4 LTS)
2026-05-26 04:34:59 INFO  Reading inputs from Unity Catalog main.curated.* 
2026-05-26 04:37:53 INFO  Stage 1 complete — input rows processed
2026-05-26 04:40:51 INFO  Writing output Delta table (MERGE) 
2026-05-26 04:40:53 INFO  [marketing_attribution.load_conversions] Task completed successfully in 359s (exit_code=0)",1,False,0
marketing_attribution,2026-05-26,join_touchpoints,2026-05-26 04:41:44,2026-05-26 05:01:38,"2026-05-26 04:41:44 INFO  [marketing_attribution.join_touchpoints] TaskInstance started — attempt 1
2026-05-26 04:41:46 INFO  Acquiring Spark session on job cluster (Photon enabled, DBR 15.4 LTS)
2026-05-26 04:41:49 INFO  Reading inputs from Unity Catalog main.curated.* 
2026-05-26 04:51:41 INFO  Stage 1 complete — input rows processed
2026-05-26 05:01:36 INFO  Writing output Delta table (MERGE) 
2026-05-26 05:01:38 INFO  [marketing_attribution.join_touchpoints] Task completed successfully in 1194s (exit_code=0)",1,False,0
marketing_attribution,2026-05-26,attribute_revenue,2026-05-26 05:01:54,2026-05-26 05:11:55,"2026-05-26 05:01:54 INFO  [marketing_attribution.attribute_revenue] TaskInstance started — attempt 1
2026-05-26 05:01:56 INFO  Acquiring Spark session on job cluster (Photon enabled, DBR 15.4 LTS)
2026-05-26 05:01:59 INFO  Reading inputs from Unity Catalog main.curated.* 
2026-05-26 05:06:54 INFO  Stage 1 complete — input rows processed
2026-05-26 05:11:53 INFO  Writing output Delta table (MERGE) 
2026-05-26 05:11:55 INFO  [marketing_attribution.attribute_revenue] Task completed successfully in 601s (exit_code=0)",1,False,0
finance_reconciliation,2026-05-26,extract_ledger,2026-05-26 05:22:40,2026-05-26 05:45:33,"2026-05-26 05:22:40 INFO  [finance_reconciliation.extract_ledger] TaskInstance started — attempt 1
2026-05-26 05:22:42 INFO  Acquiring Spark session on job cluster (Photon enabled, DBR 15.4 LTS)
2026-05-26 05:22:45 INFO  Reading inputs from Unity Catalog main.curated.* 
2026-05-26 05:34:06 INFO  Stage 1 complete — input rows processed
2026-05-26 05:45:31 INFO  Writing output Delta table (MERGE) 
2026-05-26 05:45:33 INFO  [finance_reconciliation.extract_ledger] Task completed successfully in 1373s (exit_code=0)",1,False,0
finance_reconciliation,2026-05-26,extract_payments,2026-05-26 05:45:38,2026-05-26 05:50:52,"2026-05-26 05:45:38 INFO  [finance_reconciliation.extract_payments] TaskInstance started — attempt 1
2026-05-26 05:45:40 INFO  Acquiring Spark session on job cluster (Photon enabled, DBR 15.4 LTS)
2026-05-26 05:45:43 INFO  Reading inputs from Unity Catalog main.curated.* 
2026-05-26 05:48:15 INFO  Stage 1 complete — input rows processed
2026-05-26 05:50:50 INFO  Writing output Delta table (MERGE) 
2026-05-26 05:50:52 INFO  [finance_reconciliation.extract_payments] Task completed successfully in 314s (exit_code=0)",1,False,0
finance_reconciliation,2026-05-26,reconcile,2026-05-26 05:51:30,2026-05-26 06:08:25,"2026-05-26 05:51:30 INFO  [finance_reconciliation.reconcile] TaskInstance started — attempt 1
2026-05-26 05:51:32 INFO  Acquiring Spark session on job cluster (Photon enabled, DBR 15.4 LTS)
2026-05-26 05:51:35 INFO  Reading inputs from Unity Catalog main.curated.* 
2026-05-26 05:59:57 INFO  Stage 1 complete — input rows processed
2026-05-26 06:08:23 INFO  Writing output Delta table (MERGE) 
2026-05-26 06:08:25 INFO  [finance_reconciliation.reconcile] Task completed successfully in 1015s (exit_code=0)",1,False,0
finance_reconciliation,2026-05-26,gl_validation,2026-05-26 06:08:33,2026-05-26 06:29:14,"2026-05-26 06:08:33 INFO  [finance_reconciliation.gl_validation] TaskInstance started — attempt 1
2026-05-26 06:08:35 INFO  Acquiring Spark session on job cluster (Photon enabled, DBR 15.4 LTS)
2026-05-26 06:08:38 INFO  Reading inputs from Unity Catalog main.curated.* 
2026-05-26 06:18:53 INFO  Stage 1 complete — input rows processed
2026-05-26 06:29:12 INFO  Writing output Delta table (MERGE) 
2026-05-26 06:29:14 INFO  [finance_reconciliation.gl_validation] Task completed successfully in 1241s (exit_code=0)",1,False,0
finance_reconciliation,2026-05-26,export_report,2026-05-26 06:29:40,2026-05-26 06:42:17,"2026-05-26 06:29:40 INFO  [finance_reconciliation.export_report] TaskInstance started — attempt 1
2026-05-26 06:29:42 INFO  Acquiring Spark session on job cluster (Photon enabled, DBR 15.4 LTS)
2026-05-26 06:29:45 INFO  Reading inputs from Unity Catalog main.curated.* 
2026-05-26 06:35:58 INFO  Stage 1 complete — input rows processed
2026-05-26 06:42:15 INFO  Writing output Delta table (MERGE) 
2026-05-26 06:42:17 INFO  [finance_reconciliation.export_report] Task completed successfully in 757s (exit_code=0)",1,False,0
clickstream_ingest,2026-05-26,read_kafka_offsets,2026-05-26 00:30:31,2026-05-26 00:38:03,"2026-05-26 00:30:31 INFO  [clickstream_ingest.read_kafka_offsets] TaskInstance started — attempt 1
2026-05-26 00:30:33 INFO  Acquiring Spark session on job cluster (Photon enabled, DBR 15.4 LTS)
2026-05-26 00:30:36 INFO  Reading inputs from Unity Catalog main.curated.* 
2026-05-26 00:34:17 INFO  Stage 1 complete — input rows processed
2026-05-26 00:38:01 INFO  Writing output Delta table (MERGE) 
2026-05-26 00:38:03 INFO  [clickstream_ingest.read_kafka_offsets] Task completed successfully in 452s (exit_code=0)",1,False,0
clickstream_ingest,2026-05-26,parse_events,2026-05-26 00:38:25,2026-05-26 00:49:53,"2026-05-26 00:38:25 INFO  [clickstream_ingest.parse_events] TaskInstance started — attempt 1
2026-05-26 00:38:27 INFO  Acquiring Spark session on job cluster (Photon enabled, DBR 15.4 LTS)
2026-05-26 00:38:30 INFO  Reading inputs from Unity Catalog main.curated.* 
2026-05-26 00:44:09 INFO  Stage 1 complete — input rows processed
2026-05-26 00:49:51 INFO  Writing output Delta table (MERGE) 
2026-05-26 00:49:53 INFO  [clickstream_ingest.parse_events] Task completed successfully in 688s (exit_code=0)",1,False,0
clickstream_ingest,2026-05-26,sessionize,2026-05-26 00:50:51,2026-05-26 00:55:53,"2026-05-26 00:50:51 INFO  [clickstream_ingest.sessionize] TaskInstance started — attempt 1
2026-05-26 00:50:53 INFO  Acquiring Spark session on job cluster (Photon enabled, DBR 15.4 LTS)
2026-05-26 00:50:56 INFO  Reading inputs from Unity Catalog main.curated.* 
2026-05-26 00:53:22 INFO  Stage 1 running…
2026-05-26 00:55:50 ERROR ShuffleBlockFetcherIterator: Failed to fetch shuffle block from a lost executor.
2026-05-26 00:55:51 ERROR   org.apache.spark.shuffle.FetchFailedException: Failed to connect to executor-7.cluster:35421
                       	at org.apache.spark.storage.ShuffleBlockFetcherIterator.throwFetchFailedException(...)
                       	at org.apache.spark.scheduler.ShuffleMapTask.runTask(ShuffleMapTask.scala:99)
2026-05-26 00:55:53 ERROR [clickstream_ingest.sessionize] Task failed on attempt 1 (exit_code=1)",1,True,1
clickstream_ingest,2026-05-26,sessionize,2026-05-26 00:59:06,2026-05-26 01:14:37,"2026-05-26 00:59:06 INFO  [clickstream_ingest.sessionize] TaskInstance started — attempt 2
2026-05-26 00:59:08 INFO  Acquiring Spark session on job cluster (Photon enabled, DBR 15.4 LTS)
2026-05-26 00:59:11 INFO  Reading inputs from Unity Catalog main.curated.* 
2026-05-26 01:06:51 INFO  Stage 1 complete — input rows processed
2026-05-26 01:14:35 INFO  Writing output Delta table (MERGE) 
2026-05-26 01:14:37 INFO  [clickstream_ingest.sessionize] Task completed successfully in 931s (exit_code=0)",2,True,0
clickstream_ingest,2026-05-26,write_bronze,2026-05-26 01:15:10,2026-05-26 01:35:46,"2026-05-26 01:15:10 INFO  [clickstream_ingest.write_bronze] TaskInstance started — attempt 1
2026-05-26 01:15:12 INFO  Acquiring Spark session on job cluster (Photon enabled, DBR 15.4 LTS)
2026-05-26 01:15:15 INFO  Reading inputs from Unity Catalog main.curated.* 
2026-05-26 01:25:28 INFO  Stage 1 running…
2026-05-26 01:35:43 ERROR TaskRunner: Task exceeded execution_timeout (3600s) and was terminated.
2026-05-26 01:35:44 ERROR   java.util.concurrent.TimeoutException: Task exceeded the configured execution_timeout of 3600s
                       	at org.apache.airflow.executors.TaskRunner.enforceTimeout(...)
2026-05-26 01:35:46 ERROR [clickstream_ingest.write_bronze] Task failed on attempt 1 (exit_code=1)",1,False,1
clickstream_ingest,2026-05-26,write_bronze,2026-05-26 01:37:04,2026-05-26 01:57:40,"2026-05-26 01:37:04 INFO  [clickstream_ingest.write_bronze] TaskInstance started — attempt 2
2026-05-26 01:37:06 INFO  Acquiring Spark session on job cluster (Photon enabled, DBR 15.4 LTS)
2026-05-26 01:37:09 INFO  Reading inputs from Unity Catalog main.curated.* 
2026-05-26 01:47:22 INFO  Stage 1 running…
2026-05-26 01:57:37 ERROR TaskRunner: Task exceeded execution_timeout (3600s) and was terminated.
2026-05-26 01:57:38 ERROR   java.util.concurrent.TimeoutException: Task exceeded the configured execution_timeout of 3600s
                       	at org.apache.airflow.executors.TaskRunner.enforceTimeout(...)
2026-05-26 01:57:40 ERROR [clickstream_ingest.write_bronze] Task failed on attempt 2 (exit_code=1)",2,False,1
clickstream_ingest,2026-05-26,write_bronze,2026-05-26 01:59:10,2026-05-26 02:19:46,"2026-05-26 01:59:10 INFO  [clickstream_ingest.write_bronze] TaskInstance started — attempt 3
2026-05-26 01:59:12 INFO  Acquiring Spark session on job cluster (Photon enabled, DBR 15.4 LTS)
2026-05-26 01:59:15 INFO  Reading inputs from Unity Catalog main.curated.* 
2026-05-26 02:09:28 INFO  Stage 1 running…
2026-05-26 02:19:43 ERROR TaskRunner: Task exceeded execution_timeout (3600s) and was terminated.
2026-05-26 02:19:44 ERROR   java.util.concurrent.TimeoutException: Task exceeded the configured execution_timeout of 3600s
                       	at org.apache.airflow.executors.TaskRunner.enforceTimeout(...)
2026-05-26 02:19:46 ERROR [clickstream_ingest.write_bronze] Task failed on attempt 3 (exit_code=1)",3,False,1
ml_feature_store,2026-05-26,fetch_training_data,2026-05-26 06:22:15,2026-05-26 06:36:12,"2026-05-26 06:22:15 INFO  [ml_feature_store.fetch_training_data] TaskInstance started — attempt 1
2026-05-26 06:22:17 INFO  Acquiring Spark session on job cluster (Photon enabled, DBR 15.4 LTS)
2026-05-26 06:22:20 INFO  Reading inputs from Unity Catalog main.curated.* 
2026-05-26 06:29:13 INFO  Stage 1 complete — input rows processed
2026-05-26 06:36:10 INFO  Writing output Delta table (MERGE) 
2026-05-26 06:36:12 INFO  [ml_feature_store.fetch_training_data] Task completed successfully in 837s (exit_code=0)",1,False,0
ml_feature_store,2026-05-26,compute_features,2026-05-26 06:37:12,2026-05-26 06:53:13,"2026-05-26 06:37:12 INFO  [ml_feature_store.compute_features] TaskInstance started — attempt 1
2026-05-26 06:37:14 INFO  Acquiring Spark session on job cluster (Photon enabled, DBR 15.4 LTS)
2026-05-26 06:37:17 INFO  Reading inputs from Unity Catalog main.curated.* 
2026-05-26 06:45:12 INFO  Stage 1 complete — input rows processed
2026-05-26 06:53:11 INFO  Writing output Delta table (MERGE) 
2026-05-26 06:53:13 INFO  [ml_feature_store.compute_features] Task completed successfully in 961s (exit_code=0)",1,False,0
ml_feature_store,2026-05-26,validate_features,2026-05-26 06:53:21,2026-05-26 07:06:18,"2026-05-26 06:53:21 INFO  [ml_feature_store.validate_features] TaskInstance started — attempt 1
2026-05-26 06:53:23 INFO  Acquiring Spark session on job cluster (Photon enabled, DBR 15.4 LTS)
2026-05-26 06:53:26 INFO  Reading inputs from Unity Catalog main.curated.* 
2026-05-26 06:59:49 INFO  Stage 1 complete — input rows processed
2026-05-26 07:06:16 INFO  Writing output Delta table (MERGE) 
2026-05-26 07:06:18 INFO  [ml_feature_store.validate_features] Task completed successfully in 777s (exit_code=0)",1,False,0
ml_feature_store,2026-05-26,materialize_online,2026-05-26 07:07:09,2026-05-26 07:27:02,"2026-05-26 07:07:09 INFO  [ml_feature_store.materialize_online] TaskInstance started — attempt 1
2026-05-26 07:07:11 INFO  Acquiring Spark session on job cluster (Photon enabled, DBR 15.4 LTS)
2026-05-26 07:07:14 INFO  Reading inputs from Unity Catalog main.curated.* 
2026-05-26 07:17:05 INFO  Stage 1 complete — input rows processed
2026-05-26 07:27:00 INFO  Writing output Delta table (MERGE) 
2026-05-26 07:27:02 INFO  [ml_feature_store.materialize_online] Task completed successfully in 1193s (exit_code=0)",1,False,0
data_quality_checks,2026-05-26,load_snapshots,2026-05-26 07:16:51,2026-05-26 07:20:33,"2026-05-26 07:16:51 INFO  [data_quality_checks.load_snapshots] TaskInstance started — attempt 1
2026-05-26 07:16:53 INFO  Acquiring Spark session on job cluster (Photon enabled, DBR 15.4 LTS)
2026-05-26 07:16:56 INFO  Reading inputs from Unity Catalog main.curated.* 
2026-05-26 07:18:42 INFO  Stage 1 complete — input rows processed
2026-05-26 07:20:31 INFO  Writing output Delta table (MERGE) 
2026-05-26 07:20:33 INFO  [data_quality_checks.load_snapshots] Task completed successfully in 222s (exit_code=0)",1,False,0
data_quality_checks,2026-05-26,run_expectations,2026-05-26 07:20:43,2026-05-26 07:31:21,"2026-05-26 07:20:43 INFO  [data_quality_checks.run_expectations] TaskInstance started — attempt 1
2026-05-26 07:20:45 INFO  Acquiring Spark session on job cluster (Photon enabled, DBR 15.4 LTS)
2026-05-26 07:20:48 INFO  Reading inputs from Unity Catalog main.curated.* 
2026-05-26 07:26:02 INFO  Stage 1 complete — input rows processed
2026-05-26 07:31:19 INFO  Writing output Delta table (MERGE) 
2026-05-26 07:31:21 INFO  [data_quality_checks.run_expectations] Task completed successfully in 638s (exit_code=0)",1,False,0
data_quality_checks,2026-05-26,summarize_results,2026-05-26 07:31:36,2026-05-26 07:38:06,"2026-05-26 07:31:36 INFO  [data_quality_checks.summarize_results] TaskInstance started — attempt 1
2026-05-26 07:31:38 INFO  Acquiring Spark session on job cluster (Photon enabled, DBR 15.4 LTS)
2026-05-26 07:31:41 INFO  Reading inputs from Unity Catalog main.curated.* 
2026-05-26 07:34:51 INFO  Stage 1 complete — input rows processed
2026-05-26 07:38:04 INFO  Writing output Delta table (MERGE) 
2026-05-26 07:38:06 INFO  [data_quality_checks.summarize_results] Task completed successfully in 390s (exit_code=0)",1,False,0
revenue_reporting,2026-05-26,aggregate_daily_revenue,2026-05-26 08:26:01,2026-05-26 08:34:00,"2026-05-26 08:26:01 INFO  [revenue_reporting.aggregate_daily_revenue] TaskInstance started — attempt 1
2026-05-26 08:26:03 INFO  Acquiring Spark session on job cluster (Photon enabled, DBR 15.4 LTS)
2026-05-26 08:26:06 INFO  Reading inputs from Unity Catalog main.curated.* 
2026-05-26 08:30:00 INFO  Stage 1 running…
2026-05-26 08:33:57 ERROR TaskRunner: Task exceeded execution_timeout (3600s) and was terminated.
2026-05-26 08:33:58 ERROR   java.util.concurrent.TimeoutException: Task exceeded the configured execution_timeout of 3600s
                       	at org.apache.airflow.executors.TaskRunner.enforceTimeout(...)
2026-05-26 08:34:00 ERROR [revenue_reporting.aggregate_daily_revenue] Task failed on attempt 1 (exit_code=1)",1,True,1
revenue_reporting,2026-05-26,aggregate_daily_revenue,2026-05-26 08:36:53,2026-05-26 08:48:48,"2026-05-26 08:36:53 INFO  [revenue_reporting.aggregate_daily_revenue] TaskInstance started — attempt 2
2026-05-26 08:36:55 INFO  Acquiring Spark session on job cluster (Photon enabled, DBR 15.4 LTS)
2026-05-26 08:36:58 INFO  Reading inputs from Unity Catalog main.curated.* 
2026-05-26 08:42:50 INFO  Stage 1 complete — input rows processed
2026-05-26 08:48:46 INFO  Writing output Delta table (MERGE) 
2026-05-26 08:48:48 INFO  [revenue_reporting.aggregate_daily_revenue] Task completed successfully in 715s (exit_code=0)",2,True,0
revenue_reporting,2026-05-26,currency_convert,2026-05-26 08:48:59,2026-05-26 09:03:57,"2026-05-26 08:48:59 INFO  [revenue_reporting.currency_convert] TaskInstance started — attempt 1
2026-05-26 08:49:01 INFO  Acquiring Spark session on job cluster (Photon enabled, DBR 15.4 LTS)
2026-05-26 08:49:04 INFO  Reading inputs from Unity Catalog main.curated.* 
2026-05-26 08:56:28 INFO  Stage 1 complete — input rows processed
2026-05-26 09:03:55 INFO  Writing output Delta table (MERGE) 
2026-05-26 09:03:57 INFO  [revenue_reporting.currency_convert] Task completed successfully in 898s (exit_code=0)",1,False,0
revenue_reporting,2026-05-26,build_dashboards_tbl,2026-05-26 09:04:47,2026-05-26 09:13:53,"2026-05-26 09:04:47 INFO  [revenue_reporting.build_dashboards_tbl] TaskInstance started — attempt 1
2026-05-26 09:04:49 INFO  Acquiring Spark session on job cluster (Photon enabled, DBR 15.4 LTS)
2026-05-26 09:04:52 INFO  Reading inputs from Unity Catalog main.curated.* 
2026-05-26 09:09:20 INFO  Stage 1 running…
2026-05-26 09:13:50 ERROR UnityCatalog: PERMISSION_DENIED for service principal on a referenced table.
2026-05-26 09:13:51 ERROR   com.databricks.sql.managedcatalog.PermissionDeniedException: PERMISSION_DENIED: User 'sp-dataops-prod' does not have SELECT on Table 'main.curated.build_dashboards_tbl'
                       	at com.databricks.sql.managedcatalog.ManagedCatalogClientImpl.checkPrivilege(...)
2026-05-26 09:13:53 ERROR [revenue_reporting.build_dashboards_tbl] Task failed on attempt 1 (exit_code=1)",1,False,1
revenue_reporting,2026-05-26,build_dashboards_tbl,2026-05-26 09:15:04,2026-05-26 09:24:10,"2026-05-26 09:15:04 INFO  [revenue_reporting.build_dashboards_tbl] TaskInstance started — attempt 2
2026-05-26 09:15:06 INFO  Acquiring Spark session on job cluster (Photon enabled, DBR 15.4 LTS)
2026-05-26 09:15:09 INFO  Reading inputs from Unity Catalog main.curated.* 
2026-05-26 09:19:37 INFO  Stage 1 running…
2026-05-26 09:24:07 ERROR UnityCatalog: PERMISSION_DENIED for service principal on a referenced table.
2026-05-26 09:24:08 ERROR   com.databricks.sql.managedcatalog.PermissionDeniedException: PERMISSION_DENIED: User 'sp-dataops-prod' does not have SELECT on Table 'main.curated.build_dashboards_tbl'
                       	at com.databricks.sql.managedcatalog.ManagedCatalogClientImpl.checkPrivilege(...)
2026-05-26 09:24:10 ERROR [revenue_reporting.build_dashboards_tbl] Task failed on attempt 2 (exit_code=1)",2,False,1
revenue_reporting,2026-05-26,build_dashboards_tbl,2026-05-26 09:26:19,2026-05-26 09:35:25,"2026-05-26 09:26:19 INFO  [revenue_reporting.build_dashboards_tbl] TaskInstance started — attempt 3
2026-05-26 09:26:21 INFO  Acquiring Spark session on job cluster (Photon enabled, DBR 15.4 LTS)
2026-05-26 09:26:24 INFO  Reading inputs from Unity Catalog main.curated.* 
2026-05-26 09:30:52 INFO  Stage 1 running…
2026-05-26 09:35:22 ERROR UnityCatalog: PERMISSION_DENIED for service principal on a referenced table.
2026-05-26 09:35:23 ERROR   com.databricks.sql.managedcatalog.PermissionDeniedException: PERMISSION_DENIED: User 'sp-dataops-prod' does not have SELECT on Table 'main.curated.build_dashboards_tbl'
                       	at com.databricks.sql.managedcatalog.ManagedCatalogClientImpl.checkPrivilege(...)
2026-05-26 09:35:25 ERROR [revenue_reporting.build_dashboards_tbl] Task failed on attempt 3 (exit_code=1)",3,False,1
user_segmentation,2026-05-26,load_activity,2026-05-26 09:14:31,2026-05-26 09:27:03,"2026-05-26 09:14:31 INFO  [user_segmentation.load_activity] TaskInstance started — attempt 1
2026-05-26 09:14:33 INFO  Acquiring Spark session on job cluster (Photon enabled, DBR 15.4 LTS)
2026-05-26 09:14:36 INFO  Reading inputs from Unity Catalog main.curated.* 
2026-05-26 09:20:47 INFO  Stage 1 complete — input rows processed
2026-05-26 09:27:01 INFO  Writing output Delta table (MERGE) 
2026-05-26 09:27:03 INFO  [user_segmentation.load_activity] Task completed successfully in 752s (exit_code=0)",1,False,0
user_segmentation,2026-05-26,compute_rfm,2026-05-26 09:27:15,2026-05-26 09:44:05,"2026-05-26 09:27:15 INFO  [user_segmentation.compute_rfm] TaskInstance started — attempt 1
2026-05-26 09:27:17 INFO  Acquiring Spark session on job cluster (Photon enabled, DBR 15.4 LTS)
2026-05-26 09:27:20 INFO  Reading inputs from Unity Catalog main.curated.* 
2026-05-26 09:35:40 INFO  Stage 1 complete — input rows processed
2026-05-26 09:44:03 INFO  Writing output Delta table (MERGE) 
2026-05-26 09:44:05 INFO  [user_segmentation.compute_rfm] Task completed successfully in 1010s (exit_code=0)",1,False,0
user_segmentation,2026-05-26,assign_segments,2026-05-26 09:44:44,2026-05-26 10:07:56,"2026-05-26 09:44:44 INFO  [user_segmentation.assign_segments] TaskInstance started — attempt 1
2026-05-26 09:44:46 INFO  Acquiring Spark session on job cluster (Photon enabled, DBR 15.4 LTS)
2026-05-26 09:44:49 INFO  Reading inputs from Unity Catalog main.curated.* 
2026-05-26 09:56:20 INFO  Stage 1 complete — input rows processed
2026-05-26 10:07:54 INFO  Writing output Delta table (MERGE) 
2026-05-26 10:07:56 INFO  [user_segmentation.assign_segments] Task completed successfully in 1392s (exit_code=0)",1,False,0
user_segmentation,2026-05-26,push_to_crm,2026-05-26 10:08:15,2026-05-26 10:16:16,"2026-05-26 10:08:15 INFO  [user_segmentation.push_to_crm] TaskInstance started — attempt 1
2026-05-26 10:08:17 INFO  Acquiring Spark session on job cluster (Photon enabled, DBR 15.4 LTS)
2026-05-26 10:08:20 INFO  Reading inputs from Unity Catalog main.curated.* 
2026-05-26 10:12:15 INFO  Stage 1 complete — input rows processed
2026-05-26 10:16:14 INFO  Writing output Delta table (MERGE) 
2026-05-26 10:16:16 INFO  [user_segmentation.push_to_crm] Task completed successfully in 481s (exit_code=0)",1,False,0
daily_sales_etl,2026-05-27,extract_orders,2026-05-27 02:23:25,2026-05-27 02:27:02,"2026-05-27 02:23:25 INFO  [daily_sales_etl.extract_orders] TaskInstance started — attempt 1
2026-05-27 02:23:27 INFO  Acquiring Spark session on job cluster (Photon enabled, DBR 15.4 LTS)
2026-05-27 02:23:30 INFO  Reading inputs from Unity Catalog main.curated.* 
2026-05-27 02:25:13 INFO  Stage 1 complete — input rows processed
2026-05-27 02:27:00 INFO  Writing output Delta table (MERGE) 
2026-05-27 02:27:02 INFO  [daily_sales_etl.extract_orders] Task completed successfully in 217s (exit_code=0)",1,False,0
daily_sales_etl,2026-05-27,extract_returns,2026-05-27 02:27:31,2026-05-27 02:44:52,"2026-05-27 02:27:31 INFO  [daily_sales_etl.extract_returns] TaskInstance started — attempt 1
2026-05-27 02:27:33 INFO  Acquiring Spark session on job cluster (Photon enabled, DBR 15.4 LTS)
2026-05-27 02:27:36 INFO  Reading inputs from Unity Catalog main.curated.* 
2026-05-27 02:36:11 INFO  Stage 1 complete — input rows processed
2026-05-27 02:44:50 INFO  Writing output Delta table (MERGE) 
2026-05-27 02:44:52 INFO  [daily_sales_etl.extract_returns] Task completed successfully in 1041s (exit_code=0)",1,False,0
daily_sales_etl,2026-05-27,transform_sales,2026-05-27 02:45:35,2026-05-27 02:50:28,"2026-05-27 02:45:35 INFO  [daily_sales_etl.transform_sales] TaskInstance started — attempt 1
2026-05-27 02:45:37 INFO  Acquiring Spark session on job cluster (Photon enabled, DBR 15.4 LTS)
2026-05-27 02:45:40 INFO  Reading inputs from Unity Catalog main.curated.* 
2026-05-27 02:48:01 INFO  Stage 1 running…
2026-05-27 02:50:25 ERROR Executor: Exception in task 47.0 in stage 12.0 (TID 1893) java.lang.OutOfMemoryError: Java heap space
2026-05-27 02:50:26 ERROR   java.lang.OutOfMemoryError: Java heap space
                       	at org.apache.spark.sql.execution.aggregate.HashAggregateExec.doExecute(HashAggregateExec.scala:101)
                       	at org.apache.spark.sql.execution.exchange.ShuffleExchangeExec.prepareShuffleDependency(...)
                       	at org.apache.spark.scheduler.Task.run(Task.scala:139)
2026-05-27 02:50:28 ERROR [daily_sales_etl.transform_sales] Task failed on attempt 1 (exit_code=1)",1,True,1
daily_sales_etl,2026-05-27,transform_sales,2026-05-27 02:53:10,2026-05-27 02:57:13,"2026-05-27 02:53:10 INFO  [daily_sales_etl.transform_sales] TaskInstance started — attempt 2
2026-05-27 02:53:12 INFO  Acquiring Spark session on job cluster (Photon enabled, DBR 15.4 LTS)
2026-05-27 02:53:15 INFO  Reading inputs from Unity Catalog main.curated.* 
2026-05-27 02:55:11 INFO  Stage 1 running…
2026-05-27 02:57:10 ERROR Executor: Exception in task 47.0 in stage 12.0 (TID 1893) java.lang.OutOfMemoryError: Java heap space
2026-05-27 02:57:11 ERROR   java.lang.OutOfMemoryError: Java heap space
                       	at org.apache.spark.sql.execution.aggregate.HashAggregateExec.doExecute(HashAggregateExec.scala:101)
                       	at org.apache.spark.sql.execution.exchange.ShuffleExchangeExec.prepareShuffleDependency(...)
                       	at org.apache.spark.scheduler.Task.run(Task.scala:139)
2026-05-27 02:57:13 ERROR [daily_sales_etl.transform_sales] Task failed on attempt 2 (exit_code=1)",2,True,1
daily_sales_etl,2026-05-27,transform_sales,2026-05-27 02:59:38,2026-05-27 03:20:34,"2026-05-27 02:59:38 INFO  [daily_sales_etl.transform_sales] TaskInstance started — attempt 3
2026-05-27 02:59:40 INFO  Acquiring Spark session on job cluster (Photon enabled, DBR 15.4 LTS)
2026-05-27 02:59:43 INFO  Reading inputs from Unity Catalog main.curated.* 
2026-05-27 03:10:06 INFO  Stage 1 complete — input rows processed
2026-05-27 03:20:32 INFO  Writing output Delta table (MERGE) 
2026-05-27 03:20:34 INFO  [daily_sales_etl.transform_sales] Task completed successfully in 1256s (exit_code=0)",3,True,0
daily_sales_etl,2026-05-27,dq_check_sales,2026-05-27 03:21:24,2026-05-27 03:39:16,"2026-05-27 03:21:24 INFO  [daily_sales_etl.dq_check_sales] TaskInstance started — attempt 1
2026-05-27 03:21:26 INFO  Acquiring Spark session on job cluster (Photon enabled, DBR 15.4 LTS)
2026-05-27 03:21:29 INFO  Reading inputs from Unity Catalog main.curated.* 
2026-05-27 03:30:20 INFO  Stage 1 complete — input rows processed
2026-05-27 03:39:14 INFO  Writing output Delta table (MERGE) 
2026-05-27 03:39:16 INFO  [daily_sales_etl.dq_check_sales] Task completed successfully in 1072s (exit_code=0)",1,False,0
daily_sales_etl,2026-05-27,load_fact_sales,2026-05-27 03:39:57,2026-05-27 03:53:53,"2026-05-27 03:39:57 INFO  [daily_sales_etl.load_fact_sales] TaskInstance started — attempt 1
2026-05-27 03:39:59 INFO  Acquiring Spark session on job cluster (Photon enabled, DBR 15.4 LTS)
2026-05-27 03:40:02 INFO  Reading inputs from Unity Catalog main.curated.* 
2026-05-27 03:46:55 INFO  Stage 1 complete — input rows processed
2026-05-27 03:53:51 INFO  Writing output Delta table (MERGE) 
2026-05-27 03:53:53 INFO  [daily_sales_etl.load_fact_sales] Task completed successfully in 836s (exit_code=0)",1,False,0
customer_360_pipeline,2026-05-27,ingest_crm,2026-05-27 01:17:03,2026-05-27 01:25:03,"2026-05-27 01:17:03 INFO  [customer_360_pipeline.ingest_crm] TaskInstance started — attempt 1
2026-05-27 01:17:05 INFO  Acquiring Spark session on job cluster (Photon enabled, DBR 15.4 LTS)
2026-05-27 01:17:08 INFO  Reading inputs from Unity Catalog main.curated.* 
2026-05-27 01:21:03 INFO  Stage 1 complete — input rows processed
2026-05-27 01:25:01 INFO  Writing output Delta table (MERGE) 
2026-05-27 01:25:03 INFO  [customer_360_pipeline.ingest_crm] Task completed successfully in 480s (exit_code=0)",1,False,0
customer_360_pipeline,2026-05-27,ingest_web_events,2026-05-27 01:25:30,2026-05-27 01:37:00,"2026-05-27 01:25:30 INFO  [customer_360_pipeline.ingest_web_events] TaskInstance started — attempt 1
2026-05-27 01:25:32 INFO  Acquiring Spark session on job cluster (Photon enabled, DBR 15.4 LTS)
2026-05-27 01:25:35 INFO  Reading inputs from Unity Catalog main.curated.* 
2026-05-27 01:31:15 INFO  Stage 1 complete — input rows processed
2026-05-27 01:36:58 INFO  Writing output Delta table (MERGE) 
2026-05-27 01:37:00 INFO  [customer_360_pipeline.ingest_web_events] Task completed successfully in 690s (exit_code=0)",1,False,0
customer_360_pipeline,2026-05-27,resolve_identity,2026-05-27 01:37:47,2026-05-27 01:40:22,"2026-05-27 01:37:47 INFO  [customer_360_pipeline.resolve_identity] TaskInstance started — attempt 1
2026-05-27 01:37:49 INFO  Acquiring Spark session on job cluster (Photon enabled, DBR 15.4 LTS)
2026-05-27 01:37:52 INFO  Reading inputs from Unity Catalog main.curated.* 
2026-05-27 01:39:04 INFO  Stage 1 running…
2026-05-27 01:40:19 ERROR Executor: Exception in task 47.0 in stage 12.0 (TID 1893) java.lang.OutOfMemoryError: Java heap space
2026-05-27 01:40:20 ERROR   java.lang.OutOfMemoryError: Java heap space
                       	at org.apache.spark.sql.execution.aggregate.HashAggregateExec.doExecute(HashAggregateExec.scala:101)
                       	at org.apache.spark.sql.execution.exchange.ShuffleExchangeExec.prepareShuffleDependency(...)
                       	at org.apache.spark.scheduler.Task.run(Task.scala:139)
2026-05-27 01:40:22 ERROR [customer_360_pipeline.resolve_identity] Task failed on attempt 1 (exit_code=1)",1,True,1
customer_360_pipeline,2026-05-27,resolve_identity,2026-05-27 01:42:45,2026-05-27 02:07:20,"2026-05-27 01:42:45 INFO  [customer_360_pipeline.resolve_identity] TaskInstance started — attempt 2
2026-05-27 01:42:47 INFO  Acquiring Spark session on job cluster (Photon enabled, DBR 15.4 LTS)
2026-05-27 01:42:50 INFO  Reading inputs from Unity Catalog main.curated.* 
2026-05-27 01:55:02 INFO  Stage 1 complete — input rows processed
2026-05-27 02:07:18 INFO  Writing output Delta table (MERGE) 
2026-05-27 02:07:20 INFO  [customer_360_pipeline.resolve_identity] Task completed successfully in 1475s (exit_code=0)",2,True,0
customer_360_pipeline,2026-05-27,build_profiles,2026-05-27 02:07:52,2026-05-27 02:17:43,"2026-05-27 02:07:52 INFO  [customer_360_pipeline.build_profiles] TaskInstance started — attempt 1
2026-05-27 02:07:54 INFO  Acquiring Spark session on job cluster (Photon enabled, DBR 15.4 LTS)
2026-05-27 02:07:57 INFO  Reading inputs from Unity Catalog main.curated.* 
2026-05-27 02:12:47 INFO  Stage 1 complete — input rows processed
2026-05-27 02:17:41 INFO  Writing output Delta table (MERGE) 
2026-05-27 02:17:43 INFO  [customer_360_pipeline.build_profiles] Task completed successfully in 591s (exit_code=0)",1,False,0
customer_360_pipeline,2026-05-27,publish_features,2026-05-27 02:17:49,2026-05-27 02:28:30,"2026-05-27 02:17:49 INFO  [customer_360_pipeline.publish_features] TaskInstance started — attempt 1
2026-05-27 02:17:51 INFO  Acquiring Spark session on job cluster (Photon enabled, DBR 15.4 LTS)
2026-05-27 02:17:54 INFO  Reading inputs from Unity Catalog main.curated.* 
2026-05-27 02:23:09 INFO  Stage 1 complete — input rows processed
2026-05-27 02:28:28 INFO  Writing output Delta table (MERGE) 
2026-05-27 02:28:30 INFO  [customer_360_pipeline.publish_features] Task completed successfully in 641s (exit_code=0)",1,False,0
inventory_sync,2026-05-27,pull_warehouse_api,2026-05-27 03:24:59,2026-05-27 03:29:34,"2026-05-27 03:24:59 INFO  [inventory_sync.pull_warehouse_api] TaskInstance started — attempt 1
2026-05-27 03:25:01 INFO  Acquiring Spark session on job cluster (Photon enabled, DBR 15.4 LTS)
2026-05-27 03:25:04 INFO  Reading inputs from Unity Catalog main.curated.* 
2026-05-27 03:27:16 INFO  Stage 1 complete — input rows processed
2026-05-27 03:29:32 INFO  Writing output Delta table (MERGE) 
2026-05-27 03:29:34 INFO  [inventory_sync.pull_warehouse_api] Task completed successfully in 275s (exit_code=0)",1,False,0
inventory_sync,2026-05-27,normalize_sku,2026-05-27 03:29:41,2026-05-27 03:33:51,"2026-05-27 03:29:41 INFO  [inventory_sync.normalize_sku] TaskInstance started — attempt 1
2026-05-27 03:29:43 INFO  Acquiring Spark session on job cluster (Photon enabled, DBR 15.4 LTS)
2026-05-27 03:29:46 INFO  Reading inputs from Unity Catalog main.curated.* 
2026-05-27 03:31:46 INFO  Stage 1 complete — input rows processed
2026-05-27 03:33:49 INFO  Writing output Delta table (MERGE) 
2026-05-27 03:33:51 INFO  [inventory_sync.normalize_sku] Task completed successfully in 250s (exit_code=0)",1,False,0
inventory_sync,2026-05-27,reconcile_stock,2026-05-27 03:34:35,2026-05-27 03:46:39,"2026-05-27 03:34:35 INFO  [inventory_sync.reconcile_stock] TaskInstance started — attempt 1
2026-05-27 03:34:37 INFO  Acquiring Spark session on job cluster (Photon enabled, DBR 15.4 LTS)
2026-05-27 03:34:40 INFO  Reading inputs from Unity Catalog main.curated.* 
2026-05-27 03:40:37 INFO  Stage 1 complete — input rows processed
2026-05-27 03:46:37 INFO  Writing output Delta table (MERGE) 
2026-05-27 03:46:39 INFO  [inventory_sync.reconcile_stock] Task completed successfully in 724s (exit_code=0)",1,False,0
inventory_sync,2026-05-27,write_delta,2026-05-27 03:47:23,2026-05-27 03:59:42,"2026-05-27 03:47:23 INFO  [inventory_sync.write_delta] TaskInstance started — attempt 1
2026-05-27 03:47:25 INFO  Acquiring Spark session on job cluster (Photon enabled, DBR 15.4 LTS)
2026-05-27 03:47:28 INFO  Reading inputs from Unity Catalog main.curated.* 
2026-05-27 03:53:32 INFO  Stage 1 complete — input rows processed
2026-05-27 03:59:40 INFO  Writing output Delta table (MERGE) 
2026-05-27 03:59:42 INFO  [inventory_sync.write_delta] Task completed successfully in 739s (exit_code=0)",1,False,0
marketing_attribution,2026-05-27,load_ad_spend,2026-05-27 04:29:02,2026-05-27 04:40:35,"2026-05-27 04:29:02 INFO  [marketing_attribution.load_ad_spend] TaskInstance started — attempt 1
2026-05-27 04:29:04 INFO  Acquiring Spark session on job cluster (Photon enabled, DBR 15.4 LTS)
2026-05-27 04:29:07 INFO  Reading inputs from Unity Catalog main.curated.* 
2026-05-27 04:34:48 INFO  Stage 1 complete — input rows processed
2026-05-27 04:40:33 INFO  Writing output Delta table (MERGE) 
2026-05-27 04:40:35 INFO  [marketing_attribution.load_ad_spend] Task completed successfully in 693s (exit_code=0)",1,False,0
marketing_attribution,2026-05-27,load_conversions,2026-05-27 04:40:40,2026-05-27 04:58:28,"2026-05-27 04:40:40 INFO  [marketing_attribution.load_conversions] TaskInstance started — attempt 1
2026-05-27 04:40:42 INFO  Acquiring Spark session on job cluster (Photon enabled, DBR 15.4 LTS)
2026-05-27 04:40:45 INFO  Reading inputs from Unity Catalog main.curated.* 
2026-05-27 04:49:34 INFO  Stage 1 complete — input rows processed
2026-05-27 04:58:26 INFO  Writing output Delta table (MERGE) 
2026-05-27 04:58:28 INFO  [marketing_attribution.load_conversions] Task completed successfully in 1068s (exit_code=0)",1,False,0
marketing_attribution,2026-05-27,join_touchpoints,2026-05-27 04:58:35,2026-05-27 05:11:23,"2026-05-27 04:58:35 INFO  [marketing_attribution.join_touchpoints] TaskInstance started — attempt 1
2026-05-27 04:58:37 INFO  Acquiring Spark session on job cluster (Photon enabled, DBR 15.4 LTS)
2026-05-27 04:58:40 INFO  Reading inputs from Unity Catalog main.curated.* 
2026-05-27 05:04:59 INFO  Stage 1 complete — input rows processed
2026-05-27 05:11:21 INFO  Writing output Delta table (MERGE) 
2026-05-27 05:11:23 INFO  [marketing_attribution.join_touchpoints] Task completed successfully in 768s (exit_code=0)",1,False,0
marketing_attribution,2026-05-27,attribute_revenue,2026-05-27 05:11:50,2026-05-27 05:20:31,"2026-05-27 05:11:50 INFO  [marketing_attribution.attribute_revenue] TaskInstance started — attempt 1
2026-05-27 05:11:52 INFO  Acquiring Spark session on job cluster (Photon enabled, DBR 15.4 LTS)
2026-05-27 05:11:55 INFO  Reading inputs from Unity Catalog main.curated.* 
2026-05-27 05:16:10 INFO  Stage 1 complete — input rows processed
2026-05-27 05:20:29 INFO  Writing output Delta table (MERGE) 
2026-05-27 05:20:31 INFO  [marketing_attribution.attribute_revenue] Task completed successfully in 521s (exit_code=0)",1,False,0
finance_reconciliation,2026-05-27,extract_ledger,2026-05-27 05:30:58,2026-05-27 05:43:07,"2026-05-27 05:30:58 INFO  [finance_reconciliation.extract_ledger] TaskInstance started — attempt 1
2026-05-27 05:31:00 INFO  Acquiring Spark session on job cluster (Photon enabled, DBR 15.4 LTS)
2026-05-27 05:31:03 INFO  Reading inputs from Unity Catalog main.curated.* 
2026-05-27 05:37:02 INFO  Stage 1 complete — input rows processed
2026-05-27 05:43:05 INFO  Writing output Delta table (MERGE) 
2026-05-27 05:43:07 INFO  [finance_reconciliation.extract_ledger] Task completed successfully in 729s (exit_code=0)",1,False,0
finance_reconciliation,2026-05-27,extract_payments,2026-05-27 05:43:49,2026-05-27 06:05:02,"2026-05-27 05:43:49 INFO  [finance_reconciliation.extract_payments] TaskInstance started — attempt 1
2026-05-27 05:43:51 INFO  Acquiring Spark session on job cluster (Photon enabled, DBR 15.4 LTS)
2026-05-27 05:43:54 INFO  Reading inputs from Unity Catalog main.curated.* 
2026-05-27 05:54:25 INFO  Stage 1 complete — input rows processed
2026-05-27 06:05:00 INFO  Writing output Delta table (MERGE) 
2026-05-27 06:05:02 INFO  [finance_reconciliation.extract_payments] Task completed successfully in 1273s (exit_code=0)",1,False,0
finance_reconciliation,2026-05-27,reconcile,2026-05-27 06:05:35,2026-05-27 06:12:48,"2026-05-27 06:05:35 INFO  [finance_reconciliation.reconcile] TaskInstance started — attempt 1
2026-05-27 06:05:37 INFO  Acquiring Spark session on job cluster (Photon enabled, DBR 15.4 LTS)
2026-05-27 06:05:40 INFO  Reading inputs from Unity Catalog main.curated.* 
2026-05-27 06:09:11 INFO  Stage 1 complete — input rows processed
2026-05-27 06:12:46 INFO  Writing output Delta table (MERGE) 
2026-05-27 06:12:48 INFO  [finance_reconciliation.reconcile] Task completed successfully in 433s (exit_code=0)",1,False,0
finance_reconciliation,2026-05-27,gl_validation,2026-05-27 06:13:11,2026-05-27 06:30:03,"2026-05-27 06:13:11 INFO  [finance_reconciliation.gl_validation] TaskInstance started — attempt 1
2026-05-27 06:13:13 INFO  Acquiring Spark session on job cluster (Photon enabled, DBR 15.4 LTS)
2026-05-27 06:13:16 INFO  Reading inputs from Unity Catalog main.curated.* 
2026-05-27 06:21:37 INFO  Stage 1 complete — input rows processed
2026-05-27 06:30:01 INFO  Writing output Delta table (MERGE) 
2026-05-27 06:30:03 INFO  [finance_reconciliation.gl_validation] Task completed successfully in 1012s (exit_code=0)",1,False,0
finance_reconciliation,2026-05-27,export_report,2026-05-27 06:30:25,2026-05-27 06:41:43,"2026-05-27 06:30:25 INFO  [finance_reconciliation.export_report] TaskInstance started — attempt 1
2026-05-27 06:30:27 INFO  Acquiring Spark session on job cluster (Photon enabled, DBR 15.4 LTS)
2026-05-27 06:30:30 INFO  Reading inputs from Unity Catalog main.curated.* 
2026-05-27 06:36:04 INFO  Stage 1 complete — input rows processed
2026-05-27 06:41:41 INFO  Writing output Delta table (MERGE) 
2026-05-27 06:41:43 INFO  [finance_reconciliation.export_report] Task completed successfully in 678s (exit_code=0)",1,False,0
clickstream_ingest,2026-05-27,read_kafka_offsets,2026-05-27 00:17:18,2026-05-27 00:41:07,"2026-05-27 00:17:18 INFO  [clickstream_ingest.read_kafka_offsets] TaskInstance started — attempt 1
2026-05-27 00:17:20 INFO  Acquiring Spark session on job cluster (Photon enabled, DBR 15.4 LTS)
2026-05-27 00:17:23 INFO  Reading inputs from Unity Catalog main.curated.* 
2026-05-27 00:29:12 INFO  Stage 1 complete — input rows processed
2026-05-27 00:41:05 INFO  Writing output Delta table (MERGE) 
2026-05-27 00:41:07 INFO  [clickstream_ingest.read_kafka_offsets] Task completed successfully in 1429s (exit_code=0)",1,False,0
clickstream_ingest,2026-05-27,parse_events,2026-05-27 00:41:26,2026-05-27 00:57:37,"2026-05-27 00:41:26 INFO  [clickstream_ingest.parse_events] TaskInstance started — attempt 1
2026-05-27 00:41:28 INFO  Acquiring Spark session on job cluster (Photon enabled, DBR 15.4 LTS)
2026-05-27 00:41:31 INFO  Reading inputs from Unity Catalog main.curated.* 
2026-05-27 00:49:31 INFO  Stage 1 complete — input rows processed
2026-05-27 00:57:35 INFO  Writing output Delta table (MERGE) 
2026-05-27 00:57:37 INFO  [clickstream_ingest.parse_events] Task completed successfully in 971s (exit_code=0)",1,False,0
clickstream_ingest,2026-05-27,sessionize,2026-05-27 00:58:27,2026-05-27 01:13:58,"2026-05-27 00:58:27 INFO  [clickstream_ingest.sessionize] TaskInstance started — attempt 1
2026-05-27 00:58:29 INFO  Acquiring Spark session on job cluster (Photon enabled, DBR 15.4 LTS)
2026-05-27 00:58:32 INFO  Reading inputs from Unity Catalog main.curated.* 
2026-05-27 01:06:12 INFO  Stage 1 complete — input rows processed
2026-05-27 01:13:56 INFO  Writing output Delta table (MERGE) 
2026-05-27 01:13:58 INFO  [clickstream_ingest.sessionize] Task completed successfully in 931s (exit_code=0)",1,False,0
clickstream_ingest,2026-05-27,write_bronze,2026-05-27 01:14:38,2026-05-27 01:27:59,"2026-05-27 01:14:38 INFO  [clickstream_ingest.write_bronze] TaskInstance started — attempt 1
2026-05-27 01:14:40 INFO  Acquiring Spark session on job cluster (Photon enabled, DBR 15.4 LTS)
2026-05-27 01:14:43 INFO  Reading inputs from Unity Catalog main.curated.* 
2026-05-27 01:21:18 INFO  Stage 1 complete — input rows processed
2026-05-27 01:27:57 INFO  Writing output Delta table (MERGE) 
2026-05-27 01:27:59 INFO  [clickstream_ingest.write_bronze] Task completed successfully in 801s (exit_code=0)",1,False,0
clickstream_ingest,2026-05-27,write_silver,2026-05-27 01:28:34,2026-05-27 01:32:10,"2026-05-27 01:28:34 INFO  [clickstream_ingest.write_silver] TaskInstance started — attempt 1
2026-05-27 01:28:36 INFO  Acquiring Spark session on job cluster (Photon enabled, DBR 15.4 LTS)
2026-05-27 01:28:39 INFO  Reading inputs from Unity Catalog main.curated.* 
2026-05-27 01:30:22 INFO  Stage 1 running…
2026-05-27 01:32:07 ERROR ShuffleBlockFetcherIterator: Failed to fetch shuffle block from a lost executor.
2026-05-27 01:32:08 ERROR   org.apache.spark.shuffle.FetchFailedException: Failed to connect to executor-7.cluster:35421
                       	at org.apache.spark.storage.ShuffleBlockFetcherIterator.throwFetchFailedException(...)
                       	at org.apache.spark.scheduler.ShuffleMapTask.runTask(ShuffleMapTask.scala:99)
2026-05-27 01:32:10 ERROR [clickstream_ingest.write_silver] Task failed on attempt 1 (exit_code=1)",1,True,1
clickstream_ingest,2026-05-27,write_silver,2026-05-27 01:35:21,2026-05-27 01:48:56,"2026-05-27 01:35:21 INFO  [clickstream_ingest.write_silver] TaskInstance started — attempt 2
2026-05-27 01:35:23 INFO  Acquiring Spark session on job cluster (Photon enabled, DBR 15.4 LTS)
2026-05-27 01:35:26 INFO  Reading inputs from Unity Catalog main.curated.* 
2026-05-27 01:42:08 INFO  Stage 1 complete — input rows processed
2026-05-27 01:48:54 INFO  Writing output Delta table (MERGE) 
2026-05-27 01:48:56 INFO  [clickstream_ingest.write_silver] Task completed successfully in 815s (exit_code=0)",2,True,0
ml_feature_store,2026-05-27,fetch_training_data,2026-05-27 06:12:37,2026-05-27 06:27:39,"2026-05-27 06:12:37 INFO  [ml_feature_store.fetch_training_data] TaskInstance started — attempt 1
2026-05-27 06:12:39 INFO  Acquiring Spark session on job cluster (Photon enabled, DBR 15.4 LTS)
2026-05-27 06:12:42 INFO  Reading inputs from Unity Catalog main.curated.* 
2026-05-27 06:20:08 INFO  Stage 1 complete — input rows processed
2026-05-27 06:27:37 INFO  Writing output Delta table (MERGE) 
2026-05-27 06:27:39 INFO  [ml_feature_store.fetch_training_data] Task completed successfully in 902s (exit_code=0)",1,False,0
ml_feature_store,2026-05-27,compute_features,2026-05-27 06:27:59,2026-05-27 06:42:02,"2026-05-27 06:27:59 INFO  [ml_feature_store.compute_features] TaskInstance started — attempt 1
2026-05-27 06:28:01 INFO  Acquiring Spark session on job cluster (Photon enabled, DBR 15.4 LTS)
2026-05-27 06:28:04 INFO  Reading inputs from Unity Catalog main.curated.* 
2026-05-27 06:35:00 INFO  Stage 1 complete — input rows processed
2026-05-27 06:42:00 INFO  Writing output Delta table (MERGE) 
2026-05-27 06:42:02 INFO  [ml_feature_store.compute_features] Task completed successfully in 843s (exit_code=0)",1,False,0
ml_feature_store,2026-05-27,validate_features,2026-05-27 06:42:38,2026-05-27 06:54:50,"2026-05-27 06:42:38 INFO  [ml_feature_store.validate_features] TaskInstance started — attempt 1
2026-05-27 06:42:40 INFO  Acquiring Spark session on job cluster (Photon enabled, DBR 15.4 LTS)
2026-05-27 06:42:43 INFO  Reading inputs from Unity Catalog main.curated.* 
2026-05-27 06:48:44 INFO  Stage 1 complete — input rows processed
2026-05-27 06:54:48 INFO  Writing output Delta table (MERGE) 
2026-05-27 06:54:50 INFO  [ml_feature_store.validate_features] Task completed successfully in 732s (exit_code=0)",1,False,0
ml_feature_store,2026-05-27,materialize_online,2026-05-27 06:55:08,2026-05-27 07:01:50,"2026-05-27 06:55:08 INFO  [ml_feature_store.materialize_online] TaskInstance started — attempt 1
2026-05-27 06:55:10 INFO  Acquiring Spark session on job cluster (Photon enabled, DBR 15.4 LTS)
2026-05-27 06:55:13 INFO  Reading inputs from Unity Catalog main.curated.* 
2026-05-27 06:58:29 INFO  Stage 1 running…
2026-05-27 07:01:47 ERROR Executor: Exception in task 47.0 in stage 12.0 (TID 1893) java.lang.OutOfMemoryError: Java heap space
2026-05-27 07:01:48 ERROR   java.lang.OutOfMemoryError: Java heap space
                       	at org.apache.spark.sql.execution.aggregate.HashAggregateExec.doExecute(HashAggregateExec.scala:101)
                       	at org.apache.spark.sql.execution.exchange.ShuffleExchangeExec.prepareShuffleDependency(...)
                       	at org.apache.spark.scheduler.Task.run(Task.scala:139)
2026-05-27 07:01:50 ERROR [ml_feature_store.materialize_online] Task failed on attempt 1 (exit_code=1)",1,True,1
ml_feature_store,2026-05-27,materialize_online,2026-05-27 07:03:07,2026-05-27 07:16:12,"2026-05-27 07:03:07 INFO  [ml_feature_store.materialize_online] TaskInstance started — attempt 2
2026-05-27 07:03:09 INFO  Acquiring Spark session on job cluster (Photon enabled, DBR 15.4 LTS)
2026-05-27 07:03:12 INFO  Reading inputs from Unity Catalog main.curated.* 
2026-05-27 07:09:39 INFO  Stage 1 complete — input rows processed
2026-05-27 07:16:10 INFO  Writing output Delta table (MERGE) 
2026-05-27 07:16:12 INFO  [ml_feature_store.materialize_online] Task completed successfully in 785s (exit_code=0)",2,True,0
data_quality_checks,2026-05-27,load_snapshots,2026-05-27 07:27:22,2026-05-27 07:32:29,"2026-05-27 07:27:22 INFO  [data_quality_checks.load_snapshots] TaskInstance started — attempt 1
2026-05-27 07:27:24 INFO  Acquiring Spark session on job cluster (Photon enabled, DBR 15.4 LTS)
2026-05-27 07:27:27 INFO  Reading inputs from Unity Catalog main.curated.* 
2026-05-27 07:29:55 INFO  Stage 1 complete — input rows processed
2026-05-27 07:32:27 INFO  Writing output Delta table (MERGE) 
2026-05-27 07:32:29 INFO  [data_quality_checks.load_snapshots] Task completed successfully in 307s (exit_code=0)",1,False,0
data_quality_checks,2026-05-27,run_expectations,2026-05-27 07:33:27,2026-05-27 07:51:27,"2026-05-27 07:33:27 INFO  [data_quality_checks.run_expectations] TaskInstance started — attempt 1
2026-05-27 07:33:29 INFO  Acquiring Spark session on job cluster (Photon enabled, DBR 15.4 LTS)
2026-05-27 07:33:32 INFO  Reading inputs from Unity Catalog main.curated.* 
2026-05-27 07:42:27 INFO  Stage 1 complete — input rows processed
2026-05-27 07:51:25 INFO  Writing output Delta table (MERGE) 
2026-05-27 07:51:27 INFO  [data_quality_checks.run_expectations] Task completed successfully in 1080s (exit_code=0)",1,False,0
data_quality_checks,2026-05-27,summarize_results,2026-05-27 07:52:20,2026-05-27 07:59:03,"2026-05-27 07:52:20 INFO  [data_quality_checks.summarize_results] TaskInstance started — attempt 1
2026-05-27 07:52:22 INFO  Acquiring Spark session on job cluster (Photon enabled, DBR 15.4 LTS)
2026-05-27 07:52:25 INFO  Reading inputs from Unity Catalog main.curated.* 
2026-05-27 07:55:41 INFO  Stage 1 complete — input rows processed
2026-05-27 07:59:01 INFO  Writing output Delta table (MERGE) 
2026-05-27 07:59:03 INFO  [data_quality_checks.summarize_results] Task completed successfully in 403s (exit_code=0)",1,False,0
revenue_reporting,2026-05-27,aggregate_daily_revenue,2026-05-27 08:23:59,2026-05-27 08:38:29,"2026-05-27 08:23:59 INFO  [revenue_reporting.aggregate_daily_revenue] TaskInstance started — attempt 1
2026-05-27 08:24:01 INFO  Acquiring Spark session on job cluster (Photon enabled, DBR 15.4 LTS)
2026-05-27 08:24:04 INFO  Reading inputs from Unity Catalog main.curated.* 
2026-05-27 08:31:14 INFO  Stage 1 complete — input rows processed
2026-05-27 08:38:27 INFO  Writing output Delta table (MERGE) 
2026-05-27 08:38:29 INFO  [revenue_reporting.aggregate_daily_revenue] Task completed successfully in 870s (exit_code=0)",1,False,0
revenue_reporting,2026-05-27,currency_convert,2026-05-27 08:38:42,2026-05-27 08:48:36,"2026-05-27 08:38:42 INFO  [revenue_reporting.currency_convert] TaskInstance started — attempt 1
2026-05-27 08:38:44 INFO  Acquiring Spark session on job cluster (Photon enabled, DBR 15.4 LTS)
2026-05-27 08:38:47 INFO  Reading inputs from Unity Catalog main.curated.* 
2026-05-27 08:43:39 INFO  Stage 1 complete — input rows processed
2026-05-27 08:48:34 INFO  Writing output Delta table (MERGE) 
2026-05-27 08:48:36 INFO  [revenue_reporting.currency_convert] Task completed successfully in 594s (exit_code=0)",1,False,0
revenue_reporting,2026-05-27,build_dashboards_tbl,2026-05-27 08:49:35,2026-05-27 09:02:01,"2026-05-27 08:49:35 INFO  [revenue_reporting.build_dashboards_tbl] TaskInstance started — attempt 1
2026-05-27 08:49:37 INFO  Acquiring Spark session on job cluster (Photon enabled, DBR 15.4 LTS)
2026-05-27 08:49:40 INFO  Reading inputs from Unity Catalog main.curated.* 
2026-05-27 08:55:48 INFO  Stage 1 complete — input rows processed
2026-05-27 09:01:59 INFO  Writing output Delta table (MERGE) 
2026-05-27 09:02:01 INFO  [revenue_reporting.build_dashboards_tbl] Task completed successfully in 746s (exit_code=0)",1,False,0
user_segmentation,2026-05-27,load_activity,2026-05-27 09:03:47,2026-05-27 09:23:00,"2026-05-27 09:03:47 INFO  [user_segmentation.load_activity] TaskInstance started — attempt 1
2026-05-27 09:03:49 INFO  Acquiring Spark session on job cluster (Photon enabled, DBR 15.4 LTS)
2026-05-27 09:03:52 INFO  Reading inputs from Unity Catalog main.curated.* 
2026-05-27 09:13:23 INFO  Stage 1 complete — input rows processed
2026-05-27 09:22:58 INFO  Writing output Delta table (MERGE) 
2026-05-27 09:23:00 INFO  [user_segmentation.load_activity] Task completed successfully in 1153s (exit_code=0)",1,False,0
user_segmentation,2026-05-27,compute_rfm,2026-05-27 09:23:45,2026-05-27 09:48:19,"2026-05-27 09:23:45 INFO  [user_segmentation.compute_rfm] TaskInstance started — attempt 1
2026-05-27 09:23:47 INFO  Acquiring Spark session on job cluster (Photon enabled, DBR 15.4 LTS)
2026-05-27 09:23:50 INFO  Reading inputs from Unity Catalog main.curated.* 
2026-05-27 09:36:02 INFO  Stage 1 complete — input rows processed
2026-05-27 09:48:17 INFO  Writing output Delta table (MERGE) 
2026-05-27 09:48:19 INFO  [user_segmentation.compute_rfm] Task completed successfully in 1474s (exit_code=0)",1,False,0
user_segmentation,2026-05-27,assign_segments,2026-05-27 09:48:32,2026-05-27 10:05:37,"2026-05-27 09:48:32 INFO  [user_segmentation.assign_segments] TaskInstance started — attempt 1
2026-05-27 09:48:34 INFO  Acquiring Spark session on job cluster (Photon enabled, DBR 15.4 LTS)
2026-05-27 09:48:37 INFO  Reading inputs from Unity Catalog main.curated.* 
2026-05-27 09:57:04 INFO  Stage 1 complete — input rows processed
2026-05-27 10:05:35 INFO  Writing output Delta table (MERGE) 
2026-05-27 10:05:37 INFO  [user_segmentation.assign_segments] Task completed successfully in 1025s (exit_code=0)",1,False,0
user_segmentation,2026-05-27,push_to_crm,2026-05-27 10:05:42,2026-05-27 10:22:42,"2026-05-27 10:05:42 INFO  [user_segmentation.push_to_crm] TaskInstance started — attempt 1
2026-05-27 10:05:44 INFO  Acquiring Spark session on job cluster (Photon enabled, DBR 15.4 LTS)
2026-05-27 10:05:47 INFO  Reading inputs from Unity Catalog main.curated.* 
2026-05-27 10:14:12 INFO  Stage 1 complete — input rows processed
2026-05-27 10:22:40 INFO  Writing output Delta table (MERGE) 
2026-05-27 10:22:42 INFO  [user_segmentation.push_to_crm] Task completed successfully in 1020s (exit_code=0)",1,False,0
daily_sales_etl,2026-05-28,extract_orders,2026-05-28 02:03:31,2026-05-28 02:26:02,"2026-05-28 02:03:31 INFO  [daily_sales_etl.extract_orders] TaskInstance started — attempt 1
2026-05-28 02:03:33 INFO  Acquiring Spark session on job cluster (Photon enabled, DBR 15.4 LTS)
2026-05-28 02:03:36 INFO  Reading inputs from Unity Catalog main.curated.* 
2026-05-28 02:14:46 INFO  Stage 1 complete — input rows processed
2026-05-28 02:26:00 INFO  Writing output Delta table (MERGE) 
2026-05-28 02:26:02 INFO  [daily_sales_etl.extract_orders] Task completed successfully in 1351s (exit_code=0)",1,False,0
daily_sales_etl,2026-05-28,extract_returns,2026-05-28 02:27:01,2026-05-28 02:39:33,"2026-05-28 02:27:01 INFO  [daily_sales_etl.extract_returns] TaskInstance started — attempt 1
2026-05-28 02:27:03 INFO  Acquiring Spark session on job cluster (Photon enabled, DBR 15.4 LTS)
2026-05-28 02:27:06 INFO  Reading inputs from Unity Catalog main.curated.* 
2026-05-28 02:33:17 INFO  Stage 1 complete — input rows processed
2026-05-28 02:39:31 INFO  Writing output Delta table (MERGE) 
2026-05-28 02:39:33 INFO  [daily_sales_etl.extract_returns] Task completed successfully in 752s (exit_code=0)",1,False,0
daily_sales_etl,2026-05-28,transform_sales,2026-05-28 02:40:16,2026-05-28 02:47:03,"2026-05-28 02:40:16 INFO  [daily_sales_etl.transform_sales] TaskInstance started — attempt 1
2026-05-28 02:40:18 INFO  Acquiring Spark session on job cluster (Photon enabled, DBR 15.4 LTS)
2026-05-28 02:40:21 INFO  Reading inputs from Unity Catalog main.curated.* 
2026-05-28 02:43:39 INFO  Stage 1 complete — input rows processed
2026-05-28 02:47:01 INFO  Writing output Delta table (MERGE) 
2026-05-28 02:47:03 INFO  [daily_sales_etl.transform_sales] Task completed successfully in 407s (exit_code=0)",1,False,0
daily_sales_etl,2026-05-28,dq_check_sales,2026-05-28 02:47:36,2026-05-28 03:06:13,"2026-05-28 02:47:36 INFO  [daily_sales_etl.dq_check_sales] TaskInstance started — attempt 1
2026-05-28 02:47:38 INFO  Acquiring Spark session on job cluster (Photon enabled, DBR 15.4 LTS)
2026-05-28 02:47:41 INFO  Reading inputs from Unity Catalog main.curated.* 
2026-05-28 02:56:54 INFO  Stage 1 complete — input rows processed
2026-05-28 03:06:11 INFO  Writing output Delta table (MERGE) 
2026-05-28 03:06:13 INFO  [daily_sales_etl.dq_check_sales] Task completed successfully in 1117s (exit_code=0)",1,False,0
daily_sales_etl,2026-05-28,load_fact_sales,2026-05-28 03:06:40,2026-05-28 03:19:39,"2026-05-28 03:06:40 INFO  [daily_sales_etl.load_fact_sales] TaskInstance started — attempt 1
2026-05-28 03:06:42 INFO  Acquiring Spark session on job cluster (Photon enabled, DBR 15.4 LTS)
2026-05-28 03:06:45 INFO  Reading inputs from Unity Catalog main.curated.* 
2026-05-28 03:13:09 INFO  Stage 1 complete — input rows processed
2026-05-28 03:19:37 INFO  Writing output Delta table (MERGE) 
2026-05-28 03:19:39 INFO  [daily_sales_etl.load_fact_sales] Task completed successfully in 779s (exit_code=0)",1,False,0
customer_360_pipeline,2026-05-28,ingest_crm,2026-05-28 01:17:38,2026-05-28 01:23:25,"2026-05-28 01:17:38 INFO  [customer_360_pipeline.ingest_crm] TaskInstance started — attempt 1
2026-05-28 01:17:40 INFO  Acquiring Spark session on job cluster (Photon enabled, DBR 15.4 LTS)
2026-05-28 01:17:43 INFO  Reading inputs from Unity Catalog main.curated.* 
2026-05-28 01:20:31 INFO  Stage 1 running…
2026-05-28 01:23:22 ERROR TaskRunner: Task exceeded execution_timeout (3600s) and was terminated.
2026-05-28 01:23:23 ERROR   java.util.concurrent.TimeoutException: Task exceeded the configured execution_timeout of 3600s
                       	at org.apache.airflow.executors.TaskRunner.enforceTimeout(...)
2026-05-28 01:23:25 ERROR [customer_360_pipeline.ingest_crm] Task failed on attempt 1 (exit_code=1)",1,True,1
customer_360_pipeline,2026-05-28,ingest_crm,2026-05-28 01:25:41,2026-05-28 01:29:15,"2026-05-28 01:25:41 INFO  [customer_360_pipeline.ingest_crm] TaskInstance started — attempt 2
2026-05-28 01:25:43 INFO  Acquiring Spark session on job cluster (Photon enabled, DBR 15.4 LTS)
2026-05-28 01:25:46 INFO  Reading inputs from Unity Catalog main.curated.* 
2026-05-28 01:27:28 INFO  Stage 1 running…
2026-05-28 01:29:12 ERROR TaskRunner: Task exceeded execution_timeout (3600s) and was terminated.
2026-05-28 01:29:13 ERROR   java.util.concurrent.TimeoutException: Task exceeded the configured execution_timeout of 3600s
                       	at org.apache.airflow.executors.TaskRunner.enforceTimeout(...)
2026-05-28 01:29:15 ERROR [customer_360_pipeline.ingest_crm] Task failed on attempt 2 (exit_code=1)",2,True,1
customer_360_pipeline,2026-05-28,ingest_crm,2026-05-28 01:32:32,2026-05-28 01:46:31,"2026-05-28 01:32:32 INFO  [customer_360_pipeline.ingest_crm] TaskInstance started — attempt 3
2026-05-28 01:32:34 INFO  Acquiring Spark session on job cluster (Photon enabled, DBR 15.4 LTS)
2026-05-28 01:32:37 INFO  Reading inputs from Unity Catalog main.curated.* 
2026-05-28 01:39:31 INFO  Stage 1 complete — input rows processed
2026-05-28 01:46:29 INFO  Writing output Delta table (MERGE) 
2026-05-28 01:46:31 INFO  [customer_360_pipeline.ingest_crm] Task completed successfully in 839s (exit_code=0)",3,True,0
customer_360_pipeline,2026-05-28,ingest_web_events,2026-05-28 01:46:55,2026-05-28 01:54:51,"2026-05-28 01:46:55 INFO  [customer_360_pipeline.ingest_web_events] TaskInstance started — attempt 1
2026-05-28 01:46:57 INFO  Acquiring Spark session on job cluster (Photon enabled, DBR 15.4 LTS)
2026-05-28 01:47:00 INFO  Reading inputs from Unity Catalog main.curated.* 
2026-05-28 01:50:53 INFO  Stage 1 complete — input rows processed
2026-05-28 01:54:49 INFO  Writing output Delta table (MERGE) 
2026-05-28 01:54:51 INFO  [customer_360_pipeline.ingest_web_events] Task completed successfully in 476s (exit_code=0)",1,False,0
customer_360_pipeline,2026-05-28,resolve_identity,2026-05-28 01:55:20,2026-05-28 02:18:11,"2026-05-28 01:55:20 INFO  [customer_360_pipeline.resolve_identity] TaskInstance started — attempt 1
2026-05-28 01:55:22 INFO  Acquiring Spark session on job cluster (Photon enabled, DBR 15.4 LTS)
2026-05-28 01:55:25 INFO  Reading inputs from Unity Catalog main.curated.* 
2026-05-28 02:06:45 INFO  Stage 1 complete — input rows processed
2026-05-28 02:18:09 INFO  Writing output Delta table (MERGE) 
2026-05-28 02:18:11 INFO  [customer_360_pipeline.resolve_identity] Task completed successfully in 1371s (exit_code=0)",1,False,0
customer_360_pipeline,2026-05-28,build_profiles,2026-05-28 02:19:08,2026-05-28 02:33:24,"2026-05-28 02:19:08 INFO  [customer_360_pipeline.build_profiles] TaskInstance started — attempt 1
2026-05-28 02:19:10 INFO  Acquiring Spark session on job cluster (Photon enabled, DBR 15.4 LTS)
2026-05-28 02:19:13 INFO  Reading inputs from Unity Catalog main.curated.* 
2026-05-28 02:26:16 INFO  Stage 1 complete — input rows processed
2026-05-28 02:33:22 INFO  Writing output Delta table (MERGE) 
2026-05-28 02:33:24 INFO  [customer_360_pipeline.build_profiles] Task completed successfully in 856s (exit_code=0)",1,False,0
customer_360_pipeline,2026-05-28,publish_features,2026-05-28 02:34:22,2026-05-28 02:58:07,"2026-05-28 02:34:22 INFO  [customer_360_pipeline.publish_features] TaskInstance started — attempt 1
2026-05-28 02:34:24 INFO  Acquiring Spark session on job cluster (Photon enabled, DBR 15.4 LTS)
2026-05-28 02:34:27 INFO  Reading inputs from Unity Catalog main.curated.* 
2026-05-28 02:46:14 INFO  Stage 1 complete — input rows processed
2026-05-28 02:58:05 INFO  Writing output Delta table (MERGE) 
2026-05-28 02:58:07 INFO  [customer_360_pipeline.publish_features] Task completed successfully in 1425s (exit_code=0)",1,False,0
inventory_sync,2026-05-28,pull_warehouse_api,2026-05-28 03:06:27,2026-05-28 03:11:00,"2026-05-28 03:06:27 INFO  [inventory_sync.pull_warehouse_api] TaskInstance started — attempt 1
2026-05-28 03:06:29 INFO  Acquiring Spark session on job cluster (Photon enabled, DBR 15.4 LTS)
2026-05-28 03:06:32 INFO  Reading inputs from Unity Catalog main.curated.* 
2026-05-28 03:08:43 INFO  Stage 1 running…
2026-05-28 03:10:57 ERROR ShuffleBlockFetcherIterator: Failed to fetch shuffle block from a lost executor.
2026-05-28 03:10:58 ERROR   org.apache.spark.shuffle.FetchFailedException: Failed to connect to executor-7.cluster:35421
                       	at org.apache.spark.storage.ShuffleBlockFetcherIterator.throwFetchFailedException(...)
                       	at org.apache.spark.scheduler.ShuffleMapTask.runTask(ShuffleMapTask.scala:99)
2026-05-28 03:11:00 ERROR [inventory_sync.pull_warehouse_api] Task failed on attempt 1 (exit_code=1)",1,True,1
inventory_sync,2026-05-28,pull_warehouse_api,2026-05-28 03:14:17,2026-05-28 03:22:53,"2026-05-28 03:14:17 INFO  [inventory_sync.pull_warehouse_api] TaskInstance started — attempt 2
2026-05-28 03:14:19 INFO  Acquiring Spark session on job cluster (Photon enabled, DBR 15.4 LTS)
2026-05-28 03:14:22 INFO  Reading inputs from Unity Catalog main.curated.* 
2026-05-28 03:18:35 INFO  Stage 1 running…
2026-05-28 03:22:50 ERROR ShuffleBlockFetcherIterator: Failed to fetch shuffle block from a lost executor.
2026-05-28 03:22:51 ERROR   org.apache.spark.shuffle.FetchFailedException: Failed to connect to executor-7.cluster:35421
                       	at org.apache.spark.storage.ShuffleBlockFetcherIterator.throwFetchFailedException(...)
                       	at org.apache.spark.scheduler.ShuffleMapTask.runTask(ShuffleMapTask.scala:99)
2026-05-28 03:22:53 ERROR [inventory_sync.pull_warehouse_api] Task failed on attempt 2 (exit_code=1)",2,True,1
inventory_sync,2026-05-28,pull_warehouse_api,2026-05-28 03:25:12,2026-05-28 03:28:33,"2026-05-28 03:25:12 INFO  [inventory_sync.pull_warehouse_api] TaskInstance started — attempt 3
2026-05-28 03:25:14 INFO  Acquiring Spark session on job cluster (Photon enabled, DBR 15.4 LTS)
2026-05-28 03:25:17 INFO  Reading inputs from Unity Catalog main.curated.* 
2026-05-28 03:26:52 INFO  Stage 1 complete — input rows processed
2026-05-28 03:28:31 INFO  Writing output Delta table (MERGE) 
2026-05-28 03:28:33 INFO  [inventory_sync.pull_warehouse_api] Task completed successfully in 201s (exit_code=0)",3,True,0
inventory_sync,2026-05-28,normalize_sku,2026-05-28 03:29:12,2026-05-28 03:53:21,"2026-05-28 03:29:12 INFO  [inventory_sync.normalize_sku] TaskInstance started — attempt 1
2026-05-28 03:29:14 INFO  Acquiring Spark session on job cluster (Photon enabled, DBR 15.4 LTS)
2026-05-28 03:29:17 INFO  Reading inputs from Unity Catalog main.curated.* 
2026-05-28 03:41:16 INFO  Stage 1 complete — input rows processed
2026-05-28 03:53:19 INFO  Writing output Delta table (MERGE) 
2026-05-28 03:53:21 INFO  [inventory_sync.normalize_sku] Task completed successfully in 1449s (exit_code=0)",1,False,0
inventory_sync,2026-05-28,reconcile_stock,2026-05-28 03:53:59,2026-05-28 04:14:38,"2026-05-28 03:53:59 INFO  [inventory_sync.reconcile_stock] TaskInstance started — attempt 1
2026-05-28 03:54:01 INFO  Acquiring Spark session on job cluster (Photon enabled, DBR 15.4 LTS)
2026-05-28 03:54:04 INFO  Reading inputs from Unity Catalog main.curated.* 
2026-05-28 04:04:18 INFO  Stage 1 complete — input rows processed
2026-05-28 04:14:36 INFO  Writing output Delta table (MERGE) 
2026-05-28 04:14:38 INFO  [inventory_sync.reconcile_stock] Task completed successfully in 1239s (exit_code=0)",1,False,0
inventory_sync,2026-05-28,write_delta,2026-05-28 04:15:10,2026-05-28 04:31:27,"2026-05-28 04:15:10 INFO  [inventory_sync.write_delta] TaskInstance started — attempt 1
2026-05-28 04:15:12 INFO  Acquiring Spark session on job cluster (Photon enabled, DBR 15.4 LTS)
2026-05-28 04:15:15 INFO  Reading inputs from Unity Catalog main.curated.* 
2026-05-28 04:23:18 INFO  Stage 1 complete — input rows processed
2026-05-28 04:31:25 INFO  Writing output Delta table (MERGE) 
2026-05-28 04:31:27 INFO  [inventory_sync.write_delta] Task completed successfully in 977s (exit_code=0)",1,False,0
marketing_attribution,2026-05-28,load_ad_spend,2026-05-28 04:19:43,2026-05-28 04:23:04,"2026-05-28 04:19:43 INFO  [marketing_attribution.load_ad_spend] TaskInstance started — attempt 1
2026-05-28 04:19:45 INFO  Acquiring Spark session on job cluster (Photon enabled, DBR 15.4 LTS)
2026-05-28 04:19:48 INFO  Reading inputs from Unity Catalog main.curated.* 
2026-05-28 04:21:23 INFO  Stage 1 complete — input rows processed
2026-05-28 04:23:02 INFO  Writing output Delta table (MERGE) 
2026-05-28 04:23:04 INFO  [marketing_attribution.load_ad_spend] Task completed successfully in 201s (exit_code=0)",1,False,0
marketing_attribution,2026-05-28,load_conversions,2026-05-28 04:23:42,2026-05-28 04:34:31,"2026-05-28 04:23:42 INFO  [marketing_attribution.load_conversions] TaskInstance started — attempt 1
2026-05-28 04:23:44 INFO  Acquiring Spark session on job cluster (Photon enabled, DBR 15.4 LTS)
2026-05-28 04:23:47 INFO  Reading inputs from Unity Catalog main.curated.* 
2026-05-28 04:29:06 INFO  Stage 1 complete — input rows processed
2026-05-28 04:34:29 INFO  Writing output Delta table (MERGE) 
2026-05-28 04:34:31 INFO  [marketing_attribution.load_conversions] Task completed successfully in 649s (exit_code=0)",1,False,0
marketing_attribution,2026-05-28,join_touchpoints,2026-05-28 04:34:59,2026-05-28 04:55:04,"2026-05-28 04:34:59 INFO  [marketing_attribution.join_touchpoints] TaskInstance started — attempt 1
2026-05-28 04:35:01 INFO  Acquiring Spark session on job cluster (Photon enabled, DBR 15.4 LTS)
2026-05-28 04:35:04 INFO  Reading inputs from Unity Catalog main.curated.* 
2026-05-28 04:45:01 INFO  Stage 1 complete — input rows processed
2026-05-28 04:55:02 INFO  Writing output Delta table (MERGE) 
2026-05-28 04:55:04 INFO  [marketing_attribution.join_touchpoints] Task completed successfully in 1205s (exit_code=0)",1,False,0
marketing_attribution,2026-05-28,attribute_revenue,2026-05-28 04:55:44,2026-05-28 05:18:19,"2026-05-28 04:55:44 INFO  [marketing_attribution.attribute_revenue] TaskInstance started — attempt 1
2026-05-28 04:55:46 INFO  Acquiring Spark session on job cluster (Photon enabled, DBR 15.4 LTS)
2026-05-28 04:55:49 INFO  Reading inputs from Unity Catalog main.curated.* 
2026-05-28 05:07:01 INFO  Stage 1 complete — input rows processed
2026-05-28 05:18:17 INFO  Writing output Delta table (MERGE) 
2026-05-28 05:18:19 INFO  [marketing_attribution.attribute_revenue] Task completed successfully in 1355s (exit_code=0)",1,False,0
finance_reconciliation,2026-05-28,extract_ledger,2026-05-28 05:30:26,2026-05-28 05:48:27,"2026-05-28 05:30:26 INFO  [finance_reconciliation.extract_ledger] TaskInstance started — attempt 1
2026-05-28 05:30:28 INFO  Acquiring Spark session on job cluster (Photon enabled, DBR 15.4 LTS)
2026-05-28 05:30:31 INFO  Reading inputs from Unity Catalog main.curated.* 
2026-05-28 05:39:26 INFO  Stage 1 complete — input rows processed
2026-05-28 05:48:25 INFO  Writing output Delta table (MERGE) 
2026-05-28 05:48:27 INFO  [finance_reconciliation.extract_ledger] Task completed successfully in 1081s (exit_code=0)",1,False,0
finance_reconciliation,2026-05-28,extract_payments,2026-05-28 05:49:09,2026-05-28 06:03:52,"2026-05-28 05:49:09 INFO  [finance_reconciliation.extract_payments] TaskInstance started — attempt 1
2026-05-28 05:49:11 INFO  Acquiring Spark session on job cluster (Photon enabled, DBR 15.4 LTS)
2026-05-28 05:49:14 INFO  Reading inputs from Unity Catalog main.curated.* 
2026-05-28 05:56:30 INFO  Stage 1 complete — input rows processed
2026-05-28 06:03:50 INFO  Writing output Delta table (MERGE) 
2026-05-28 06:03:52 INFO  [finance_reconciliation.extract_payments] Task completed successfully in 883s (exit_code=0)",1,False,0
finance_reconciliation,2026-05-28,reconcile,2026-05-28 06:04:44,2026-05-28 06:10:52,"2026-05-28 06:04:44 INFO  [finance_reconciliation.reconcile] TaskInstance started — attempt 1
2026-05-28 06:04:46 INFO  Acquiring Spark session on job cluster (Photon enabled, DBR 15.4 LTS)
2026-05-28 06:04:49 INFO  Reading inputs from Unity Catalog main.curated.* 
2026-05-28 06:07:48 INFO  Stage 1 complete — input rows processed
2026-05-28 06:10:50 INFO  Writing output Delta table (MERGE) 
2026-05-28 06:10:52 INFO  [finance_reconciliation.reconcile] Task completed successfully in 368s (exit_code=0)",1,False,0
finance_reconciliation,2026-05-28,gl_validation,2026-05-28 06:11:17,2026-05-28 06:26:47,"2026-05-28 06:11:17 INFO  [finance_reconciliation.gl_validation] TaskInstance started — attempt 1
2026-05-28 06:11:19 INFO  Acquiring Spark session on job cluster (Photon enabled, DBR 15.4 LTS)
2026-05-28 06:11:22 INFO  Reading inputs from Unity Catalog main.curated.* 
2026-05-28 06:19:02 INFO  Stage 1 complete — input rows processed
2026-05-28 06:26:45 INFO  Writing output Delta table (MERGE) 
2026-05-28 06:26:47 INFO  [finance_reconciliation.gl_validation] Task completed successfully in 930s (exit_code=0)",1,False,0
finance_reconciliation,2026-05-28,export_report,2026-05-28 06:27:44,2026-05-28 06:41:20,"2026-05-28 06:27:44 INFO  [finance_reconciliation.export_report] TaskInstance started — attempt 1
2026-05-28 06:27:46 INFO  Acquiring Spark session on job cluster (Photon enabled, DBR 15.4 LTS)
2026-05-28 06:27:49 INFO  Reading inputs from Unity Catalog main.curated.* 
2026-05-28 06:34:32 INFO  Stage 1 complete — input rows processed
2026-05-28 06:41:18 INFO  Writing output Delta table (MERGE) 
2026-05-28 06:41:20 INFO  [finance_reconciliation.export_report] Task completed successfully in 816s (exit_code=0)",1,False,0
clickstream_ingest,2026-05-28,read_kafka_offsets,2026-05-28 00:20:57,2026-05-28 00:35:40,"2026-05-28 00:20:57 INFO  [clickstream_ingest.read_kafka_offsets] TaskInstance started — attempt 1
2026-05-28 00:20:59 INFO  Acquiring Spark session on job cluster (Photon enabled, DBR 15.4 LTS)
2026-05-28 00:21:02 INFO  Reading inputs from Unity Catalog main.curated.* 
2026-05-28 00:28:18 INFO  Stage 1 complete — input rows processed
2026-05-28 00:35:38 INFO  Writing output Delta table (MERGE) 
2026-05-28 00:35:40 INFO  [clickstream_ingest.read_kafka_offsets] Task completed successfully in 883s (exit_code=0)",1,False,0
clickstream_ingest,2026-05-28,parse_events,2026-05-28 00:36:17,2026-05-28 00:53:38,"2026-05-28 00:36:17 INFO  [clickstream_ingest.parse_events] TaskInstance started — attempt 1
2026-05-28 00:36:19 INFO  Acquiring Spark session on job cluster (Photon enabled, DBR 15.4 LTS)
2026-05-28 00:36:22 INFO  Reading inputs from Unity Catalog main.curated.* 
2026-05-28 00:44:57 INFO  Stage 1 complete — input rows processed
2026-05-28 00:53:36 INFO  Writing output Delta table (MERGE) 
2026-05-28 00:53:38 INFO  [clickstream_ingest.parse_events] Task completed successfully in 1041s (exit_code=0)",1,False,0
clickstream_ingest,2026-05-28,sessionize,2026-05-28 00:54:16,2026-05-28 01:07:09,"2026-05-28 00:54:16 INFO  [clickstream_ingest.sessionize] TaskInstance started — attempt 1
2026-05-28 00:54:18 INFO  Acquiring Spark session on job cluster (Photon enabled, DBR 15.4 LTS)
2026-05-28 00:54:21 INFO  Reading inputs from Unity Catalog main.curated.* 
2026-05-28 01:00:42 INFO  Stage 1 complete — input rows processed
2026-05-28 01:07:07 INFO  Writing output Delta table (MERGE) 
2026-05-28 01:07:09 INFO  [clickstream_ingest.sessionize] Task completed successfully in 773s (exit_code=0)",1,False,0
clickstream_ingest,2026-05-28,write_bronze,2026-05-28 01:07:27,2026-05-28 01:27:41,"2026-05-28 01:07:27 INFO  [clickstream_ingest.write_bronze] TaskInstance started — attempt 1
2026-05-28 01:07:29 INFO  Acquiring Spark session on job cluster (Photon enabled, DBR 15.4 LTS)
2026-05-28 01:07:32 INFO  Reading inputs from Unity Catalog main.curated.* 
2026-05-28 01:17:34 INFO  Stage 1 complete — input rows processed
2026-05-28 01:27:39 INFO  Writing output Delta table (MERGE) 
2026-05-28 01:27:41 INFO  [clickstream_ingest.write_bronze] Task completed successfully in 1214s (exit_code=0)",1,False,0
clickstream_ingest,2026-05-28,write_silver,2026-05-28 01:28:12,2026-05-28 01:35:03,"2026-05-28 01:28:12 INFO  [clickstream_ingest.write_silver] TaskInstance started — attempt 1
2026-05-28 01:28:14 INFO  Acquiring Spark session on job cluster (Photon enabled, DBR 15.4 LTS)
2026-05-28 01:28:17 INFO  Reading inputs from Unity Catalog main.curated.* 
2026-05-28 01:31:37 INFO  Stage 1 running…
2026-05-28 01:35:00 ERROR Executor: Exception in task 47.0 in stage 12.0 (TID 1893) java.lang.OutOfMemoryError: Java heap space
2026-05-28 01:35:01 ERROR   java.lang.OutOfMemoryError: Java heap space
                       	at org.apache.spark.sql.execution.aggregate.HashAggregateExec.doExecute(HashAggregateExec.scala:101)
                       	at org.apache.spark.sql.execution.exchange.ShuffleExchangeExec.prepareShuffleDependency(...)
                       	at org.apache.spark.scheduler.Task.run(Task.scala:139)
2026-05-28 01:35:03 ERROR [clickstream_ingest.write_silver] Task failed on attempt 1 (exit_code=1)",1,True,1
clickstream_ingest,2026-05-28,write_silver,2026-05-28 01:38:44,2026-05-28 01:46:09,"2026-05-28 01:38:44 INFO  [clickstream_ingest.write_silver] TaskInstance started — attempt 2
2026-05-28 01:38:46 INFO  Acquiring Spark session on job cluster (Photon enabled, DBR 15.4 LTS)
2026-05-28 01:38:49 INFO  Reading inputs from Unity Catalog main.curated.* 
2026-05-28 01:42:26 INFO  Stage 1 running…
2026-05-28 01:46:06 ERROR Executor: Exception in task 47.0 in stage 12.0 (TID 1893) java.lang.OutOfMemoryError: Java heap space
2026-05-28 01:46:07 ERROR   java.lang.OutOfMemoryError: Java heap space
                       	at org.apache.spark.sql.execution.aggregate.HashAggregateExec.doExecute(HashAggregateExec.scala:101)
                       	at org.apache.spark.sql.execution.exchange.ShuffleExchangeExec.prepareShuffleDependency(...)
                       	at org.apache.spark.scheduler.Task.run(Task.scala:139)
2026-05-28 01:46:09 ERROR [clickstream_ingest.write_silver] Task failed on attempt 2 (exit_code=1)",2,True,1
clickstream_ingest,2026-05-28,write_silver,2026-05-28 01:47:19,2026-05-28 01:56:32,"2026-05-28 01:47:19 INFO  [clickstream_ingest.write_silver] TaskInstance started — attempt 3
2026-05-28 01:47:21 INFO  Acquiring Spark session on job cluster (Photon enabled, DBR 15.4 LTS)
2026-05-28 01:47:24 INFO  Reading inputs from Unity Catalog main.curated.* 
2026-05-28 01:51:55 INFO  Stage 1 complete — input rows processed
2026-05-28 01:56:30 INFO  Writing output Delta table (MERGE) 
2026-05-28 01:56:32 INFO  [clickstream_ingest.write_silver] Task completed successfully in 553s (exit_code=0)",3,True,0
ml_feature_store,2026-05-28,fetch_training_data,2026-05-28 06:13:00,2026-05-28 06:26:28,"2026-05-28 06:13:00 INFO  [ml_feature_store.fetch_training_data] TaskInstance started — attempt 1
2026-05-28 06:13:02 INFO  Acquiring Spark session on job cluster (Photon enabled, DBR 15.4 LTS)
2026-05-28 06:13:05 INFO  Reading inputs from Unity Catalog main.curated.* 
2026-05-28 06:19:44 INFO  Stage 1 complete — input rows processed
2026-05-28 06:26:26 INFO  Writing output Delta table (MERGE) 
2026-05-28 06:26:28 INFO  [ml_feature_store.fetch_training_data] Task completed successfully in 808s (exit_code=0)",1,False,0
ml_feature_store,2026-05-28,compute_features,2026-05-28 06:27:08,2026-05-28 06:30:16,"2026-05-28 06:27:08 INFO  [ml_feature_store.compute_features] TaskInstance started — attempt 1
2026-05-28 06:27:10 INFO  Acquiring Spark session on job cluster (Photon enabled, DBR 15.4 LTS)
2026-05-28 06:27:13 INFO  Reading inputs from Unity Catalog main.curated.* 
2026-05-28 06:28:42 INFO  Stage 1 complete — input rows processed
2026-05-28 06:30:14 INFO  Writing output Delta table (MERGE) 
2026-05-28 06:30:16 INFO  [ml_feature_store.compute_features] Task completed successfully in 188s (exit_code=0)",1,False,0
ml_feature_store,2026-05-28,validate_features,2026-05-28 06:30:46,2026-05-28 06:37:07,"2026-05-28 06:30:46 INFO  [ml_feature_store.validate_features] TaskInstance started — attempt 1
2026-05-28 06:30:48 INFO  Acquiring Spark session on job cluster (Photon enabled, DBR 15.4 LTS)
2026-05-28 06:30:51 INFO  Reading inputs from Unity Catalog main.curated.* 
2026-05-28 06:33:56 INFO  Stage 1 complete — input rows processed
2026-05-28 06:37:05 INFO  Writing output Delta table (MERGE) 
2026-05-28 06:37:07 INFO  [ml_feature_store.validate_features] Task completed successfully in 381s (exit_code=0)",1,False,0
ml_feature_store,2026-05-28,materialize_online,2026-05-28 06:37:54,2026-05-28 06:41:54,"2026-05-28 06:37:54 INFO  [ml_feature_store.materialize_online] TaskInstance started — attempt 1
2026-05-28 06:37:56 INFO  Acquiring Spark session on job cluster (Photon enabled, DBR 15.4 LTS)
2026-05-28 06:37:59 INFO  Reading inputs from Unity Catalog main.curated.* 
2026-05-28 06:39:54 INFO  Stage 1 complete — input rows processed
2026-05-28 06:41:52 INFO  Writing output Delta table (MERGE) 
2026-05-28 06:41:54 INFO  [ml_feature_store.materialize_online] Task completed successfully in 240s (exit_code=0)",1,False,0
data_quality_checks,2026-05-28,load_snapshots,2026-05-28 07:24:35,2026-05-28 07:45:43,"2026-05-28 07:24:35 INFO  [data_quality_checks.load_snapshots] TaskInstance started — attempt 1
2026-05-28 07:24:37 INFO  Acquiring Spark session on job cluster (Photon enabled, DBR 15.4 LTS)
2026-05-28 07:24:40 INFO  Reading inputs from Unity Catalog main.curated.* 
2026-05-28 07:35:09 INFO  Stage 1 complete — input rows processed
2026-05-28 07:45:41 INFO  Writing output Delta table (MERGE) 
2026-05-28 07:45:43 INFO  [data_quality_checks.load_snapshots] Task completed successfully in 1268s (exit_code=0)",1,False,0
data_quality_checks,2026-05-28,run_expectations,2026-05-28 07:45:57,2026-05-28 08:08:33,"2026-05-28 07:45:57 INFO  [data_quality_checks.run_expectations] TaskInstance started — attempt 1
2026-05-28 07:45:59 INFO  Acquiring Spark session on job cluster (Photon enabled, DBR 15.4 LTS)
2026-05-28 07:46:02 INFO  Reading inputs from Unity Catalog main.curated.* 
2026-05-28 07:57:15 INFO  Stage 1 complete — input rows processed
2026-05-28 08:08:31 INFO  Writing output Delta table (MERGE) 
2026-05-28 08:08:33 INFO  [data_quality_checks.run_expectations] Task completed successfully in 1356s (exit_code=0)",1,False,0
data_quality_checks,2026-05-28,summarize_results,2026-05-28 08:09:16,2026-05-28 08:16:24,"2026-05-28 08:09:16 INFO  [data_quality_checks.summarize_results] TaskInstance started — attempt 1
2026-05-28 08:09:18 INFO  Acquiring Spark session on job cluster (Photon enabled, DBR 15.4 LTS)
2026-05-28 08:09:21 INFO  Reading inputs from Unity Catalog main.curated.* 
2026-05-28 08:12:50 INFO  Stage 1 complete — input rows processed
2026-05-28 08:16:22 INFO  Writing output Delta table (MERGE) 
2026-05-28 08:16:24 INFO  [data_quality_checks.summarize_results] Task completed successfully in 428s (exit_code=0)",1,False,0
revenue_reporting,2026-05-28,aggregate_daily_revenue,2026-05-28 08:24:32,2026-05-28 08:30:57,"2026-05-28 08:24:32 INFO  [revenue_reporting.aggregate_daily_revenue] TaskInstance started — attempt 1
2026-05-28 08:24:34 INFO  Acquiring Spark session on job cluster (Photon enabled, DBR 15.4 LTS)
2026-05-28 08:24:37 INFO  Reading inputs from Unity Catalog main.curated.* 
2026-05-28 08:27:44 INFO  Stage 1 complete — input rows processed
2026-05-28 08:30:55 INFO  Writing output Delta table (MERGE) 
2026-05-28 08:30:57 INFO  [revenue_reporting.aggregate_daily_revenue] Task completed successfully in 385s (exit_code=0)",1,False,0
revenue_reporting,2026-05-28,currency_convert,2026-05-28 08:31:35,2026-05-28 08:51:19,"2026-05-28 08:31:35 INFO  [revenue_reporting.currency_convert] TaskInstance started — attempt 1
2026-05-28 08:31:37 INFO  Acquiring Spark session on job cluster (Photon enabled, DBR 15.4 LTS)
2026-05-28 08:31:40 INFO  Reading inputs from Unity Catalog main.curated.* 
2026-05-28 08:41:27 INFO  Stage 1 complete — input rows processed
2026-05-28 08:51:17 INFO  Writing output Delta table (MERGE) 
2026-05-28 08:51:19 INFO  [revenue_reporting.currency_convert] Task completed successfully in 1184s (exit_code=0)",1,False,0
revenue_reporting,2026-05-28,build_dashboards_tbl,2026-05-28 08:52:03,2026-05-28 09:09:44,"2026-05-28 08:52:03 INFO  [revenue_reporting.build_dashboards_tbl] TaskInstance started — attempt 1
2026-05-28 08:52:05 INFO  Acquiring Spark session on job cluster (Photon enabled, DBR 15.4 LTS)
2026-05-28 08:52:08 INFO  Reading inputs from Unity Catalog main.curated.* 
2026-05-28 09:00:53 INFO  Stage 1 complete — input rows processed
2026-05-28 09:09:42 INFO  Writing output Delta table (MERGE) 
2026-05-28 09:09:44 INFO  [revenue_reporting.build_dashboards_tbl] Task completed successfully in 1061s (exit_code=0)",1,False,0
user_segmentation,2026-05-28,load_activity,2026-05-28 09:20:00,2026-05-28 09:42:45,"2026-05-28 09:20:00 INFO  [user_segmentation.load_activity] TaskInstance started — attempt 1
2026-05-28 09:20:02 INFO  Acquiring Spark session on job cluster (Photon enabled, DBR 15.4 LTS)
2026-05-28 09:20:05 INFO  Reading inputs from Unity Catalog main.curated.* 
2026-05-28 09:31:22 INFO  Stage 1 complete — input rows processed
2026-05-28 09:42:43 INFO  Writing output Delta table (MERGE) 
2026-05-28 09:42:45 INFO  [user_segmentation.load_activity] Task completed successfully in 1365s (exit_code=0)",1,False,0
user_segmentation,2026-05-28,compute_rfm,2026-05-28 09:43:35,2026-05-28 09:54:42,"2026-05-28 09:43:35 INFO  [user_segmentation.compute_rfm] TaskInstance started — attempt 1
2026-05-28 09:43:37 INFO  Acquiring Spark session on job cluster (Photon enabled, DBR 15.4 LTS)
2026-05-28 09:43:40 INFO  Reading inputs from Unity Catalog main.curated.* 
2026-05-28 09:49:08 INFO  Stage 1 complete — input rows processed
2026-05-28 09:54:40 INFO  Writing output Delta table (MERGE) 
2026-05-28 09:54:42 INFO  [user_segmentation.compute_rfm] Task completed successfully in 667s (exit_code=0)",1,False,0
user_segmentation,2026-05-28,assign_segments,2026-05-28 09:54:57,2026-05-28 09:59:04,"2026-05-28 09:54:57 INFO  [user_segmentation.assign_segments] TaskInstance started — attempt 1
2026-05-28 09:54:59 INFO  Acquiring Spark session on job cluster (Photon enabled, DBR 15.4 LTS)
2026-05-28 09:55:02 INFO  Reading inputs from Unity Catalog main.curated.* 
2026-05-28 09:57:00 INFO  Stage 1 complete — input rows processed
2026-05-28 09:59:02 INFO  Writing output Delta table (MERGE) 
2026-05-28 09:59:04 INFO  [user_segmentation.assign_segments] Task completed successfully in 247s (exit_code=0)",1,False,0
user_segmentation,2026-05-28,push_to_crm,2026-05-28 09:59:15,2026-05-28 10:06:34,"2026-05-28 09:59:15 INFO  [user_segmentation.push_to_crm] TaskInstance started — attempt 1
2026-05-28 09:59:17 INFO  Acquiring Spark session on job cluster (Photon enabled, DBR 15.4 LTS)
2026-05-28 09:59:20 INFO  Reading inputs from Unity Catalog main.curated.* 
2026-05-28 10:02:54 INFO  Stage 1 running…
2026-05-28 10:06:31 ERROR JDBCRDD: Connection timed out after 30000ms while reading from source DB.
2026-05-28 10:06:32 ERROR   java.sql.SQLTransientConnectionException: HikariPool-1 - Connection is not available, request timed out after 30000ms
                       	at com.zaxxer.hikari.pool.HikariPool.getConnection(HikariPool.java:213)
                       	at org.apache.spark.sql.execution.datasources.jdbc.JDBCRDD.compute(...)
2026-05-28 10:06:34 ERROR [user_segmentation.push_to_crm] Task failed on attempt 1 (exit_code=1)",1,True,1
user_segmentation,2026-05-28,push_to_crm,2026-05-28 10:09:12,2026-05-28 10:11:22,"2026-05-28 10:09:12 INFO  [user_segmentation.push_to_crm] TaskInstance started — attempt 2
2026-05-28 10:09:14 INFO  Acquiring Spark session on job cluster (Photon enabled, DBR 15.4 LTS)
2026-05-28 10:09:17 INFO  Reading inputs from Unity Catalog main.curated.* 
2026-05-28 10:10:17 INFO  Stage 1 running…
2026-05-28 10:11:19 ERROR JDBCRDD: Connection timed out after 30000ms while reading from source DB.
2026-05-28 10:11:20 ERROR   java.sql.SQLTransientConnectionException: HikariPool-1 - Connection is not available, request timed out after 30000ms
                       	at com.zaxxer.hikari.pool.HikariPool.getConnection(HikariPool.java:213)
                       	at org.apache.spark.sql.execution.datasources.jdbc.JDBCRDD.compute(...)
2026-05-28 10:11:22 ERROR [user_segmentation.push_to_crm] Task failed on attempt 2 (exit_code=1)",2,True,1
user_segmentation,2026-05-28,push_to_crm,2026-05-28 10:12:35,2026-05-28 10:35:27,"2026-05-28 10:12:35 INFO  [user_segmentation.push_to_crm] TaskInstance started — attempt 3
2026-05-28 10:12:37 INFO  Acquiring Spark session on job cluster (Photon enabled, DBR 15.4 LTS)
2026-05-28 10:12:40 INFO  Reading inputs from Unity Catalog main.curated.* 
2026-05-28 10:24:01 INFO  Stage 1 complete — input rows processed
2026-05-28 10:35:25 INFO  Writing output Delta table (MERGE) 
2026-05-28 10:35:27 INFO  [user_segmentation.push_to_crm] Task completed successfully in 1372s (exit_code=0)",3,True,0
daily_sales_etl,2026-05-29,extract_orders,2026-05-29 02:28:25,2026-05-29 02:32:54,"2026-05-29 02:28:25 INFO  [daily_sales_etl.extract_orders] TaskInstance started — attempt 1
2026-05-29 02:28:27 INFO  Acquiring Spark session on job cluster (Photon enabled, DBR 15.4 LTS)
2026-05-29 02:28:30 INFO  Reading inputs from Unity Catalog main.curated.* 
2026-05-29 02:30:39 INFO  Stage 1 complete — input rows processed
2026-05-29 02:32:52 INFO  Writing output Delta table (MERGE) 
2026-05-29 02:32:54 INFO  [daily_sales_etl.extract_orders] Task completed successfully in 269s (exit_code=0)",1,False,0
daily_sales_etl,2026-05-29,extract_returns,2026-05-29 02:33:38,2026-05-29 02:44:46,"2026-05-29 02:33:38 INFO  [daily_sales_etl.extract_returns] TaskInstance started — attempt 1
2026-05-29 02:33:40 INFO  Acquiring Spark session on job cluster (Photon enabled, DBR 15.4 LTS)
2026-05-29 02:33:43 INFO  Reading inputs from Unity Catalog main.curated.* 
2026-05-29 02:39:12 INFO  Stage 1 complete — input rows processed
2026-05-29 02:44:44 INFO  Writing output Delta table (MERGE) 
2026-05-29 02:44:46 INFO  [daily_sales_etl.extract_returns] Task completed successfully in 668s (exit_code=0)",1,False,0
daily_sales_etl,2026-05-29,transform_sales,2026-05-29 02:44:53,2026-05-29 02:53:19,"2026-05-29 02:44:53 INFO  [daily_sales_etl.transform_sales] TaskInstance started — attempt 1
2026-05-29 02:44:55 INFO  Acquiring Spark session on job cluster (Photon enabled, DBR 15.4 LTS)
2026-05-29 02:44:58 INFO  Reading inputs from Unity Catalog main.curated.* 
2026-05-29 02:49:06 INFO  Stage 1 complete — input rows processed
2026-05-29 02:53:17 INFO  Writing output Delta table (MERGE) 
2026-05-29 02:53:19 INFO  [daily_sales_etl.transform_sales] Task completed successfully in 506s (exit_code=0)",1,False,0
daily_sales_etl,2026-05-29,dq_check_sales,2026-05-29 02:54:18,2026-05-29 03:03:13,"2026-05-29 02:54:18 INFO  [daily_sales_etl.dq_check_sales] TaskInstance started — attempt 1
2026-05-29 02:54:20 INFO  Acquiring Spark session on job cluster (Photon enabled, DBR 15.4 LTS)
2026-05-29 02:54:23 INFO  Reading inputs from Unity Catalog main.curated.* 
2026-05-29 02:58:45 INFO  Stage 1 complete — input rows processed
2026-05-29 03:03:11 INFO  Writing output Delta table (MERGE) 
2026-05-29 03:03:13 INFO  [daily_sales_etl.dq_check_sales] Task completed successfully in 535s (exit_code=0)",1,False,0
daily_sales_etl,2026-05-29,load_fact_sales,2026-05-29 03:04:13,2026-05-29 03:22:45,"2026-05-29 03:04:13 INFO  [daily_sales_etl.load_fact_sales] TaskInstance started — attempt 1
2026-05-29 03:04:15 INFO  Acquiring Spark session on job cluster (Photon enabled, DBR 15.4 LTS)
2026-05-29 03:04:18 INFO  Reading inputs from Unity Catalog main.curated.* 
2026-05-29 03:13:29 INFO  Stage 1 complete — input rows processed
2026-05-29 03:22:43 INFO  Writing output Delta table (MERGE) 
2026-05-29 03:22:45 INFO  [daily_sales_etl.load_fact_sales] Task completed successfully in 1112s (exit_code=0)",1,False,0
customer_360_pipeline,2026-05-29,ingest_crm,2026-05-29 01:08:56,2026-05-29 01:14:14,"2026-05-29 01:08:56 INFO  [customer_360_pipeline.ingest_crm] TaskInstance started — attempt 1
2026-05-29 01:08:58 INFO  Acquiring Spark session on job cluster (Photon enabled, DBR 15.4 LTS)
2026-05-29 01:09:01 INFO  Reading inputs from Unity Catalog main.curated.* 
2026-05-29 01:11:35 INFO  Stage 1 complete — input rows processed
2026-05-29 01:14:12 INFO  Writing output Delta table (MERGE) 
2026-05-29 01:14:14 INFO  [customer_360_pipeline.ingest_crm] Task completed successfully in 318s (exit_code=0)",1,False,0
customer_360_pipeline,2026-05-29,ingest_web_events,2026-05-29 01:14:43,2026-05-29 01:37:40,"2026-05-29 01:14:43 INFO  [customer_360_pipeline.ingest_web_events] TaskInstance started — attempt 1
2026-05-29 01:14:45 INFO  Acquiring Spark session on job cluster (Photon enabled, DBR 15.4 LTS)
2026-05-29 01:14:48 INFO  Reading inputs from Unity Catalog main.curated.* 
2026-05-29 01:26:11 INFO  Stage 1 complete — input rows processed
2026-05-29 01:37:38 INFO  Writing output Delta table (MERGE) 
2026-05-29 01:37:40 INFO  [customer_360_pipeline.ingest_web_events] Task completed successfully in 1377s (exit_code=0)",1,False,0
customer_360_pipeline,2026-05-29,resolve_identity,2026-05-29 01:38:04,2026-05-29 01:54:40,"2026-05-29 01:38:04 INFO  [customer_360_pipeline.resolve_identity] TaskInstance started — attempt 1
2026-05-29 01:38:06 INFO  Acquiring Spark session on job cluster (Photon enabled, DBR 15.4 LTS)
2026-05-29 01:38:09 INFO  Reading inputs from Unity Catalog main.curated.* 
2026-05-29 01:46:22 INFO  Stage 1 complete — input rows processed
2026-05-29 01:54:38 INFO  Writing output Delta table (MERGE) 
2026-05-29 01:54:40 INFO  [customer_360_pipeline.resolve_identity] Task completed successfully in 996s (exit_code=0)",1,False,0
customer_360_pipeline,2026-05-29,build_profiles,2026-05-29 01:55:16,2026-05-29 01:59:01,"2026-05-29 01:55:16 INFO  [customer_360_pipeline.build_profiles] TaskInstance started — attempt 1
2026-05-29 01:55:18 INFO  Acquiring Spark session on job cluster (Photon enabled, DBR 15.4 LTS)
2026-05-29 01:55:21 INFO  Reading inputs from Unity Catalog main.curated.* 
2026-05-29 01:57:08 INFO  Stage 1 complete — input rows processed
2026-05-29 01:58:59 INFO  Writing output Delta table (MERGE) 
2026-05-29 01:59:01 INFO  [customer_360_pipeline.build_profiles] Task completed successfully in 225s (exit_code=0)",1,False,0
customer_360_pipeline,2026-05-29,publish_features,2026-05-29 01:59:21,2026-05-29 02:05:20,"2026-05-29 01:59:21 INFO  [customer_360_pipeline.publish_features] TaskInstance started — attempt 1
2026-05-29 01:59:23 INFO  Acquiring Spark session on job cluster (Photon enabled, DBR 15.4 LTS)
2026-05-29 01:59:26 INFO  Reading inputs from Unity Catalog main.curated.* 
2026-05-29 02:02:20 INFO  Stage 1 complete — input rows processed
2026-05-29 02:05:18 INFO  Writing output Delta table (MERGE) 
2026-05-29 02:05:20 INFO  [customer_360_pipeline.publish_features] Task completed successfully in 359s (exit_code=0)",1,False,0
inventory_sync,2026-05-29,pull_warehouse_api,2026-05-29 03:12:11,2026-05-29 03:34:21,"2026-05-29 03:12:11 INFO  [inventory_sync.pull_warehouse_api] TaskInstance started — attempt 1
2026-05-29 03:12:13 INFO  Acquiring Spark session on job cluster (Photon enabled, DBR 15.4 LTS)
2026-05-29 03:12:16 INFO  Reading inputs from Unity Catalog main.curated.* 
2026-05-29 03:23:16 INFO  Stage 1 complete — input rows processed
2026-05-29 03:34:19 INFO  Writing output Delta table (MERGE) 
2026-05-29 03:34:21 INFO  [inventory_sync.pull_warehouse_api] Task completed successfully in 1330s (exit_code=0)",1,False,0
inventory_sync,2026-05-29,normalize_sku,2026-05-29 03:34:47,2026-05-29 03:56:00,"2026-05-29 03:34:47 INFO  [inventory_sync.normalize_sku] TaskInstance started — attempt 1
2026-05-29 03:34:49 INFO  Acquiring Spark session on job cluster (Photon enabled, DBR 15.4 LTS)
2026-05-29 03:34:52 INFO  Reading inputs from Unity Catalog main.curated.* 
2026-05-29 03:45:23 INFO  Stage 1 complete — input rows processed
2026-05-29 03:55:58 INFO  Writing output Delta table (MERGE) 
2026-05-29 03:56:00 INFO  [inventory_sync.normalize_sku] Task completed successfully in 1273s (exit_code=0)",1,False,0
inventory_sync,2026-05-29,reconcile_stock,2026-05-29 03:56:26,2026-05-29 04:13:11,"2026-05-29 03:56:26 INFO  [inventory_sync.reconcile_stock] TaskInstance started — attempt 1
2026-05-29 03:56:28 INFO  Acquiring Spark session on job cluster (Photon enabled, DBR 15.4 LTS)
2026-05-29 03:56:31 INFO  Reading inputs from Unity Catalog main.curated.* 
2026-05-29 04:04:48 INFO  Stage 1 running…
2026-05-29 04:13:08 ERROR ShuffleBlockFetcherIterator: Failed to fetch shuffle block from a lost executor.
2026-05-29 04:13:09 ERROR   org.apache.spark.shuffle.FetchFailedException: Failed to connect to executor-7.cluster:35421
                       	at org.apache.spark.storage.ShuffleBlockFetcherIterator.throwFetchFailedException(...)
                       	at org.apache.spark.scheduler.ShuffleMapTask.runTask(ShuffleMapTask.scala:99)
2026-05-29 04:13:11 ERROR [inventory_sync.reconcile_stock] Task failed on attempt 1 (exit_code=1)",1,False,1
inventory_sync,2026-05-29,reconcile_stock,2026-05-29 04:16:57,2026-05-29 04:33:42,"2026-05-29 04:16:57 INFO  [inventory_sync.reconcile_stock] TaskInstance started — attempt 2
2026-05-29 04:16:59 INFO  Acquiring Spark session on job cluster (Photon enabled, DBR 15.4 LTS)
2026-05-29 04:17:02 INFO  Reading inputs from Unity Catalog main.curated.* 
2026-05-29 04:25:19 INFO  Stage 1 running…
2026-05-29 04:33:39 ERROR ShuffleBlockFetcherIterator: Failed to fetch shuffle block from a lost executor.
2026-05-29 04:33:40 ERROR   org.apache.spark.shuffle.FetchFailedException: Failed to connect to executor-7.cluster:35421
                       	at org.apache.spark.storage.ShuffleBlockFetcherIterator.throwFetchFailedException(...)
                       	at org.apache.spark.scheduler.ShuffleMapTask.runTask(ShuffleMapTask.scala:99)
2026-05-29 04:33:42 ERROR [inventory_sync.reconcile_stock] Task failed on attempt 2 (exit_code=1)",2,False,1
inventory_sync,2026-05-29,reconcile_stock,2026-05-29 04:34:58,2026-05-29 04:51:43,"2026-05-29 04:34:58 INFO  [inventory_sync.reconcile_stock] TaskInstance started — attempt 3
2026-05-29 04:35:00 INFO  Acquiring Spark session on job cluster (Photon enabled, DBR 15.4 LTS)
2026-05-29 04:35:03 INFO  Reading inputs from Unity Catalog main.curated.* 
2026-05-29 04:43:20 INFO  Stage 1 running…
2026-05-29 04:51:40 ERROR ShuffleBlockFetcherIterator: Failed to fetch shuffle block from a lost executor.
2026-05-29 04:51:41 ERROR   org.apache.spark.shuffle.FetchFailedException: Failed to connect to executor-7.cluster:35421
                       	at org.apache.spark.storage.ShuffleBlockFetcherIterator.throwFetchFailedException(...)
                       	at org.apache.spark.scheduler.ShuffleMapTask.runTask(ShuffleMapTask.scala:99)
2026-05-29 04:51:43 ERROR [inventory_sync.reconcile_stock] Task failed on attempt 3 (exit_code=1)",3,False,1
marketing_attribution,2026-05-29,load_ad_spend,2026-05-29 04:13:52,2026-05-29 04:35:46,"2026-05-29 04:13:52 INFO  [marketing_attribution.load_ad_spend] TaskInstance started — attempt 1
2026-05-29 04:13:54 INFO  Acquiring Spark session on job cluster (Photon enabled, DBR 15.4 LTS)
2026-05-29 04:13:57 INFO  Reading inputs from Unity Catalog main.curated.* 
2026-05-29 04:24:49 INFO  Stage 1 complete — input rows processed
2026-05-29 04:35:44 INFO  Writing output Delta table (MERGE) 
2026-05-29 04:35:46 INFO  [marketing_attribution.load_ad_spend] Task completed successfully in 1314s (exit_code=0)",1,False,0
marketing_attribution,2026-05-29,load_conversions,2026-05-29 04:36:03,2026-05-29 04:54:59,"2026-05-29 04:36:03 INFO  [marketing_attribution.load_conversions] TaskInstance started — attempt 1
2026-05-29 04:36:05 INFO  Acquiring Spark session on job cluster (Photon enabled, DBR 15.4 LTS)
2026-05-29 04:36:08 INFO  Reading inputs from Unity Catalog main.curated.* 
2026-05-29 04:45:31 INFO  Stage 1 complete — input rows processed
2026-05-29 04:54:57 INFO  Writing output Delta table (MERGE) 
2026-05-29 04:54:59 INFO  [marketing_attribution.load_conversions] Task completed successfully in 1136s (exit_code=0)",1,False,0
marketing_attribution,2026-05-29,join_touchpoints,2026-05-29 04:55:19,2026-05-29 05:04:11,"2026-05-29 04:55:19 INFO  [marketing_attribution.join_touchpoints] TaskInstance started — attempt 1
2026-05-29 04:55:21 INFO  Acquiring Spark session on job cluster (Photon enabled, DBR 15.4 LTS)
2026-05-29 04:55:24 INFO  Reading inputs from Unity Catalog main.curated.* 
2026-05-29 04:59:45 INFO  Stage 1 running…
2026-05-29 05:04:08 ERROR Executor: Exception in task 47.0 in stage 12.0 (TID 1893) java.lang.OutOfMemoryError: Java heap space
2026-05-29 05:04:09 ERROR   java.lang.OutOfMemoryError: Java heap space
                       	at org.apache.spark.sql.execution.aggregate.HashAggregateExec.doExecute(HashAggregateExec.scala:101)
                       	at org.apache.spark.sql.execution.exchange.ShuffleExchangeExec.prepareShuffleDependency(...)
                       	at org.apache.spark.scheduler.Task.run(Task.scala:139)
2026-05-29 05:04:11 ERROR [marketing_attribution.join_touchpoints] Task failed on attempt 1 (exit_code=1)",1,True,1
marketing_attribution,2026-05-29,join_touchpoints,2026-05-29 05:05:50,2026-05-29 05:09:53,"2026-05-29 05:05:50 INFO  [marketing_attribution.join_touchpoints] TaskInstance started — attempt 2
2026-05-29 05:05:52 INFO  Acquiring Spark session on job cluster (Photon enabled, DBR 15.4 LTS)
2026-05-29 05:05:55 INFO  Reading inputs from Unity Catalog main.curated.* 
2026-05-29 05:07:51 INFO  Stage 1 running…
2026-05-29 05:09:50 ERROR Executor: Exception in task 47.0 in stage 12.0 (TID 1893) java.lang.OutOfMemoryError: Java heap space
2026-05-29 05:09:51 ERROR   java.lang.OutOfMemoryError: Java heap space
                       	at org.apache.spark.sql.execution.aggregate.HashAggregateExec.doExecute(HashAggregateExec.scala:101)
                       	at org.apache.spark.sql.execution.exchange.ShuffleExchangeExec.prepareShuffleDependency(...)
                       	at org.apache.spark.scheduler.Task.run(Task.scala:139)
2026-05-29 05:09:53 ERROR [marketing_attribution.join_touchpoints] Task failed on attempt 2 (exit_code=1)",2,True,1
marketing_attribution,2026-05-29,join_touchpoints,2026-05-29 05:13:53,2026-05-29 05:31:45,"2026-05-29 05:13:53 INFO  [marketing_attribution.join_touchpoints] TaskInstance started — attempt 3
2026-05-29 05:13:55 INFO  Acquiring Spark session on job cluster (Photon enabled, DBR 15.4 LTS)
2026-05-29 05:13:58 INFO  Reading inputs from Unity Catalog main.curated.* 
2026-05-29 05:22:49 INFO  Stage 1 complete — input rows processed
2026-05-29 05:31:43 INFO  Writing output Delta table (MERGE) 
2026-05-29 05:31:45 INFO  [marketing_attribution.join_touchpoints] Task completed successfully in 1072s (exit_code=0)",3,True,0
marketing_attribution,2026-05-29,attribute_revenue,2026-05-29 05:31:58,2026-05-29 05:38:07,"2026-05-29 05:31:58 INFO  [marketing_attribution.attribute_revenue] TaskInstance started — attempt 1
2026-05-29 05:32:00 INFO  Acquiring Spark session on job cluster (Photon enabled, DBR 15.4 LTS)
2026-05-29 05:32:03 INFO  Reading inputs from Unity Catalog main.curated.* 
2026-05-29 05:35:02 INFO  Stage 1 complete — input rows processed
2026-05-29 05:38:05 INFO  Writing output Delta table (MERGE) 
2026-05-29 05:38:07 INFO  [marketing_attribution.attribute_revenue] Task completed successfully in 369s (exit_code=0)",1,False,0
finance_reconciliation,2026-05-29,extract_ledger,2026-05-29 05:26:50,2026-05-29 05:44:57,"2026-05-29 05:26:50 INFO  [finance_reconciliation.extract_ledger] TaskInstance started — attempt 1
2026-05-29 05:26:52 INFO  Acquiring Spark session on job cluster (Photon enabled, DBR 15.4 LTS)
2026-05-29 05:26:55 INFO  Reading inputs from Unity Catalog main.curated.* 
2026-05-29 05:35:53 INFO  Stage 1 complete — input rows processed
2026-05-29 05:44:55 INFO  Writing output Delta table (MERGE) 
2026-05-29 05:44:57 INFO  [finance_reconciliation.extract_ledger] Task completed successfully in 1087s (exit_code=0)",1,False,0
finance_reconciliation,2026-05-29,extract_payments,2026-05-29 05:45:52,2026-05-29 05:57:03,"2026-05-29 05:45:52 INFO  [finance_reconciliation.extract_payments] TaskInstance started — attempt 1
2026-05-29 05:45:54 INFO  Acquiring Spark session on job cluster (Photon enabled, DBR 15.4 LTS)
2026-05-29 05:45:57 INFO  Reading inputs from Unity Catalog main.curated.* 
2026-05-29 05:51:27 INFO  Stage 1 complete — input rows processed
2026-05-29 05:57:01 INFO  Writing output Delta table (MERGE) 
2026-05-29 05:57:03 INFO  [finance_reconciliation.extract_payments] Task completed successfully in 671s (exit_code=0)",1,False,0
finance_reconciliation,2026-05-29,reconcile,2026-05-29 05:57:30,2026-05-29 06:07:53,"2026-05-29 05:57:30 INFO  [finance_reconciliation.reconcile] TaskInstance started — attempt 1
2026-05-29 05:57:32 INFO  Acquiring Spark session on job cluster (Photon enabled, DBR 15.4 LTS)
2026-05-29 05:57:35 INFO  Reading inputs from Unity Catalog main.curated.* 
2026-05-29 06:02:41 INFO  Stage 1 complete — input rows processed
2026-05-29 06:07:51 INFO  Writing output Delta table (MERGE) 
2026-05-29 06:07:53 INFO  [finance_reconciliation.reconcile] Task completed successfully in 623s (exit_code=0)",1,False,0
finance_reconciliation,2026-05-29,gl_validation,2026-05-29 06:08:22,2026-05-29 06:32:50,"2026-05-29 06:08:22 INFO  [finance_reconciliation.gl_validation] TaskInstance started — attempt 1
2026-05-29 06:08:24 INFO  Acquiring Spark session on job cluster (Photon enabled, DBR 15.4 LTS)
2026-05-29 06:08:27 INFO  Reading inputs from Unity Catalog main.curated.* 
2026-05-29 06:20:36 INFO  Stage 1 complete — input rows processed
2026-05-29 06:32:48 INFO  Writing output Delta table (MERGE) 
2026-05-29 06:32:50 INFO  [finance_reconciliation.gl_validation] Task completed successfully in 1468s (exit_code=0)",1,False,0
finance_reconciliation,2026-05-29,export_report,2026-05-29 06:33:08,2026-05-29 06:46:16,"2026-05-29 06:33:08 INFO  [finance_reconciliation.export_report] TaskInstance started — attempt 1
2026-05-29 06:33:10 INFO  Acquiring Spark session on job cluster (Photon enabled, DBR 15.4 LTS)
2026-05-29 06:33:13 INFO  Reading inputs from Unity Catalog main.curated.* 
2026-05-29 06:39:42 INFO  Stage 1 complete — input rows processed
2026-05-29 06:46:14 INFO  Writing output Delta table (MERGE) 
2026-05-29 06:46:16 INFO  [finance_reconciliation.export_report] Task completed successfully in 788s (exit_code=0)",1,False,0
clickstream_ingest,2026-05-29,read_kafka_offsets,2026-05-29 00:06:14,2026-05-29 00:13:42,"2026-05-29 00:06:14 INFO  [clickstream_ingest.read_kafka_offsets] TaskInstance started — attempt 1
2026-05-29 00:06:16 INFO  Acquiring Spark session on job cluster (Photon enabled, DBR 15.4 LTS)
2026-05-29 00:06:19 INFO  Reading inputs from Unity Catalog main.curated.* 
2026-05-29 00:09:58 INFO  Stage 1 complete — input rows processed
2026-05-29 00:13:40 INFO  Writing output Delta table (MERGE) 
2026-05-29 00:13:42 INFO  [clickstream_ingest.read_kafka_offsets] Task completed successfully in 448s (exit_code=0)",1,False,0
clickstream_ingest,2026-05-29,parse_events,2026-05-29 00:14:03,2026-05-29 00:37:23,"2026-05-29 00:14:03 INFO  [clickstream_ingest.parse_events] TaskInstance started — attempt 1
2026-05-29 00:14:05 INFO  Acquiring Spark session on job cluster (Photon enabled, DBR 15.4 LTS)
2026-05-29 00:14:08 INFO  Reading inputs from Unity Catalog main.curated.* 
2026-05-29 00:25:43 INFO  Stage 1 complete — input rows processed
2026-05-29 00:37:21 INFO  Writing output Delta table (MERGE) 
2026-05-29 00:37:23 INFO  [clickstream_ingest.parse_events] Task completed successfully in 1400s (exit_code=0)",1,False,0
clickstream_ingest,2026-05-29,sessionize,2026-05-29 00:38:05,2026-05-29 00:53:38,"2026-05-29 00:38:05 INFO  [clickstream_ingest.sessionize] TaskInstance started — attempt 1
2026-05-29 00:38:07 INFO  Acquiring Spark session on job cluster (Photon enabled, DBR 15.4 LTS)
2026-05-29 00:38:10 INFO  Reading inputs from Unity Catalog main.curated.* 
2026-05-29 00:45:51 INFO  Stage 1 complete — input rows processed
2026-05-29 00:53:36 INFO  Writing output Delta table (MERGE) 
2026-05-29 00:53:38 INFO  [clickstream_ingest.sessionize] Task completed successfully in 933s (exit_code=0)",1,False,0
clickstream_ingest,2026-05-29,write_bronze,2026-05-29 00:54:08,2026-05-29 01:17:53,"2026-05-29 00:54:08 INFO  [clickstream_ingest.write_bronze] TaskInstance started — attempt 1
2026-05-29 00:54:10 INFO  Acquiring Spark session on job cluster (Photon enabled, DBR 15.4 LTS)
2026-05-29 00:54:13 INFO  Reading inputs from Unity Catalog main.curated.* 
2026-05-29 01:06:00 INFO  Stage 1 complete — input rows processed
2026-05-29 01:17:51 INFO  Writing output Delta table (MERGE) 
2026-05-29 01:17:53 INFO  [clickstream_ingest.write_bronze] Task completed successfully in 1425s (exit_code=0)",1,False,0
clickstream_ingest,2026-05-29,write_silver,2026-05-29 01:18:06,2026-05-29 01:25:17,"2026-05-29 01:18:06 INFO  [clickstream_ingest.write_silver] TaskInstance started — attempt 1
2026-05-29 01:18:08 INFO  Acquiring Spark session on job cluster (Photon enabled, DBR 15.4 LTS)
2026-05-29 01:18:11 INFO  Reading inputs from Unity Catalog main.curated.* 
2026-05-29 01:21:41 INFO  Stage 1 complete — input rows processed
2026-05-29 01:25:15 INFO  Writing output Delta table (MERGE) 
2026-05-29 01:25:17 INFO  [clickstream_ingest.write_silver] Task completed successfully in 431s (exit_code=0)",1,False,0
ml_feature_store,2026-05-29,fetch_training_data,2026-05-29 06:17:54,2026-05-29 06:20:01,"2026-05-29 06:17:54 INFO  [ml_feature_store.fetch_training_data] TaskInstance started — attempt 1
2026-05-29 06:17:56 INFO  Acquiring Spark session on job cluster (Photon enabled, DBR 15.4 LTS)
2026-05-29 06:17:59 INFO  Reading inputs from Unity Catalog main.curated.* 
2026-05-29 06:18:57 INFO  Stage 1 running…
2026-05-29 06:19:58 ERROR JDBCRDD: Connection timed out after 30000ms while reading from source DB.
2026-05-29 06:19:59 ERROR   java.sql.SQLTransientConnectionException: HikariPool-1 - Connection is not available, request timed out after 30000ms
                       	at com.zaxxer.hikari.pool.HikariPool.getConnection(HikariPool.java:213)
                       	at org.apache.spark.sql.execution.datasources.jdbc.JDBCRDD.compute(...)
2026-05-29 06:20:01 ERROR [ml_feature_store.fetch_training_data] Task failed on attempt 1 (exit_code=1)",1,True,1
ml_feature_store,2026-05-29,fetch_training_data,2026-05-29 06:22:40,2026-05-29 06:30:43,"2026-05-29 06:22:40 INFO  [ml_feature_store.fetch_training_data] TaskInstance started — attempt 2
2026-05-29 06:22:42 INFO  Acquiring Spark session on job cluster (Photon enabled, DBR 15.4 LTS)
2026-05-29 06:22:45 INFO  Reading inputs from Unity Catalog main.curated.* 
2026-05-29 06:26:41 INFO  Stage 1 running…
2026-05-29 06:30:40 ERROR JDBCRDD: Connection timed out after 30000ms while reading from source DB.
2026-05-29 06:30:41 ERROR   java.sql.SQLTransientConnectionException: HikariPool-1 - Connection is not available, request timed out after 30000ms
                       	at com.zaxxer.hikari.pool.HikariPool.getConnection(HikariPool.java:213)
                       	at org.apache.spark.sql.execution.datasources.jdbc.JDBCRDD.compute(...)
2026-05-29 06:30:43 ERROR [ml_feature_store.fetch_training_data] Task failed on attempt 2 (exit_code=1)",2,True,1
ml_feature_store,2026-05-29,fetch_training_data,2026-05-29 06:32:05,2026-05-29 06:48:13,"2026-05-29 06:32:05 INFO  [ml_feature_store.fetch_training_data] TaskInstance started — attempt 3
2026-05-29 06:32:07 INFO  Acquiring Spark session on job cluster (Photon enabled, DBR 15.4 LTS)
2026-05-29 06:32:10 INFO  Reading inputs from Unity Catalog main.curated.* 
2026-05-29 06:40:09 INFO  Stage 1 complete — input rows processed
2026-05-29 06:48:11 INFO  Writing output Delta table (MERGE) 
2026-05-29 06:48:13 INFO  [ml_feature_store.fetch_training_data] Task completed successfully in 968s (exit_code=0)",3,True,0
ml_feature_store,2026-05-29,compute_features,2026-05-29 06:49:02,2026-05-29 06:58:04,"2026-05-29 06:49:02 INFO  [ml_feature_store.compute_features] TaskInstance started — attempt 1
2026-05-29 06:49:04 INFO  Acquiring Spark session on job cluster (Photon enabled, DBR 15.4 LTS)
2026-05-29 06:49:07 INFO  Reading inputs from Unity Catalog main.curated.* 
2026-05-29 06:53:33 INFO  Stage 1 complete — input rows processed
2026-05-29 06:58:02 INFO  Writing output Delta table (MERGE) 
2026-05-29 06:58:04 INFO  [ml_feature_store.compute_features] Task completed successfully in 542s (exit_code=0)",1,False,0
ml_feature_store,2026-05-29,validate_features,2026-05-29 06:58:23,2026-05-29 07:12:20,"2026-05-29 06:58:23 INFO  [ml_feature_store.validate_features] TaskInstance started — attempt 1
2026-05-29 06:58:25 INFO  Acquiring Spark session on job cluster (Photon enabled, DBR 15.4 LTS)
2026-05-29 06:58:28 INFO  Reading inputs from Unity Catalog main.curated.* 
2026-05-29 07:05:21 INFO  Stage 1 complete — input rows processed
2026-05-29 07:12:18 INFO  Writing output Delta table (MERGE) 
2026-05-29 07:12:20 INFO  [ml_feature_store.validate_features] Task completed successfully in 837s (exit_code=0)",1,False,0
ml_feature_store,2026-05-29,materialize_online,2026-05-29 07:12:31,2026-05-29 07:17:50,"2026-05-29 07:12:31 INFO  [ml_feature_store.materialize_online] TaskInstance started — attempt 1
2026-05-29 07:12:33 INFO  Acquiring Spark session on job cluster (Photon enabled, DBR 15.4 LTS)
2026-05-29 07:12:36 INFO  Reading inputs from Unity Catalog main.curated.* 
2026-05-29 07:15:10 INFO  Stage 1 complete — input rows processed
2026-05-29 07:17:48 INFO  Writing output Delta table (MERGE) 
2026-05-29 07:17:50 INFO  [ml_feature_store.materialize_online] Task completed successfully in 319s (exit_code=0)",1,False,0
data_quality_checks,2026-05-29,load_snapshots,2026-05-29 07:25:32,2026-05-29 07:29:27,"2026-05-29 07:25:32 INFO  [data_quality_checks.load_snapshots] TaskInstance started — attempt 1
2026-05-29 07:25:34 INFO  Acquiring Spark session on job cluster (Photon enabled, DBR 15.4 LTS)
2026-05-29 07:25:37 INFO  Reading inputs from Unity Catalog main.curated.* 
2026-05-29 07:27:29 INFO  Stage 1 running…
2026-05-29 07:29:24 ERROR ShuffleBlockFetcherIterator: Failed to fetch shuffle block from a lost executor.
2026-05-29 07:29:25 ERROR   org.apache.spark.shuffle.FetchFailedException: Failed to connect to executor-7.cluster:35421
                       	at org.apache.spark.storage.ShuffleBlockFetcherIterator.throwFetchFailedException(...)
                       	at org.apache.spark.scheduler.ShuffleMapTask.runTask(ShuffleMapTask.scala:99)
2026-05-29 07:29:27 ERROR [data_quality_checks.load_snapshots] Task failed on attempt 1 (exit_code=1)",1,True,1
data_quality_checks,2026-05-29,load_snapshots,2026-05-29 07:31:40,2026-05-29 07:41:14,"2026-05-29 07:31:40 INFO  [data_quality_checks.load_snapshots] TaskInstance started — attempt 2
2026-05-29 07:31:42 INFO  Acquiring Spark session on job cluster (Photon enabled, DBR 15.4 LTS)
2026-05-29 07:31:45 INFO  Reading inputs from Unity Catalog main.curated.* 
2026-05-29 07:36:27 INFO  Stage 1 complete — input rows processed
2026-05-29 07:41:12 INFO  Writing output Delta table (MERGE) 
2026-05-29 07:41:14 INFO  [data_quality_checks.load_snapshots] Task completed successfully in 574s (exit_code=0)",2,True,0
data_quality_checks,2026-05-29,run_expectations,2026-05-29 07:41:27,2026-05-29 07:58:04,"2026-05-29 07:41:27 INFO  [data_quality_checks.run_expectations] TaskInstance started — attempt 1
2026-05-29 07:41:29 INFO  Acquiring Spark session on job cluster (Photon enabled, DBR 15.4 LTS)
2026-05-29 07:41:32 INFO  Reading inputs from Unity Catalog main.curated.* 
2026-05-29 07:49:45 INFO  Stage 1 complete — input rows processed
2026-05-29 07:58:02 INFO  Writing output Delta table (MERGE) 
2026-05-29 07:58:04 INFO  [data_quality_checks.run_expectations] Task completed successfully in 997s (exit_code=0)",1,False,0
data_quality_checks,2026-05-29,summarize_results,2026-05-29 07:58:34,2026-05-29 08:17:25,"2026-05-29 07:58:34 INFO  [data_quality_checks.summarize_results] TaskInstance started — attempt 1
2026-05-29 07:58:36 INFO  Acquiring Spark session on job cluster (Photon enabled, DBR 15.4 LTS)
2026-05-29 07:58:39 INFO  Reading inputs from Unity Catalog main.curated.* 
2026-05-29 08:07:59 INFO  Stage 1 complete — input rows processed
2026-05-29 08:17:23 INFO  Writing output Delta table (MERGE) 
2026-05-29 08:17:25 INFO  [data_quality_checks.summarize_results] Task completed successfully in 1131s (exit_code=0)",1,False,0
revenue_reporting,2026-05-29,aggregate_daily_revenue,2026-05-29 08:27:55,2026-05-29 08:40:21,"2026-05-29 08:27:55 INFO  [revenue_reporting.aggregate_daily_revenue] TaskInstance started — attempt 1
2026-05-29 08:27:57 INFO  Acquiring Spark session on job cluster (Photon enabled, DBR 15.4 LTS)
2026-05-29 08:28:00 INFO  Reading inputs from Unity Catalog main.curated.* 
2026-05-29 08:34:08 INFO  Stage 1 complete — input rows processed
2026-05-29 08:40:19 INFO  Writing output Delta table (MERGE) 
2026-05-29 08:40:21 INFO  [revenue_reporting.aggregate_daily_revenue] Task completed successfully in 746s (exit_code=0)",1,False,0
revenue_reporting,2026-05-29,currency_convert,2026-05-29 08:40:49,2026-05-29 08:55:48,"2026-05-29 08:40:49 INFO  [revenue_reporting.currency_convert] TaskInstance started — attempt 1
2026-05-29 08:40:51 INFO  Acquiring Spark session on job cluster (Photon enabled, DBR 15.4 LTS)
2026-05-29 08:40:54 INFO  Reading inputs from Unity Catalog main.curated.* 
2026-05-29 08:48:18 INFO  Stage 1 complete — input rows processed
2026-05-29 08:55:46 INFO  Writing output Delta table (MERGE) 
2026-05-29 08:55:48 INFO  [revenue_reporting.currency_convert] Task completed successfully in 899s (exit_code=0)",1,False,0
revenue_reporting,2026-05-29,build_dashboards_tbl,2026-05-29 08:55:54,2026-05-29 09:14:41,"2026-05-29 08:55:54 INFO  [revenue_reporting.build_dashboards_tbl] TaskInstance started — attempt 1
2026-05-29 08:55:56 INFO  Acquiring Spark session on job cluster (Photon enabled, DBR 15.4 LTS)
2026-05-29 08:55:59 INFO  Reading inputs from Unity Catalog main.curated.* 
2026-05-29 09:05:17 INFO  Stage 1 complete — input rows processed
2026-05-29 09:14:39 INFO  Writing output Delta table (MERGE) 
2026-05-29 09:14:41 INFO  [revenue_reporting.build_dashboards_tbl] Task completed successfully in 1127s (exit_code=0)",1,False,0
user_segmentation,2026-05-29,load_activity,2026-05-29 09:12:22,2026-05-29 09:18:42,"2026-05-29 09:12:22 INFO  [user_segmentation.load_activity] TaskInstance started — attempt 1
2026-05-29 09:12:24 INFO  Acquiring Spark session on job cluster (Photon enabled, DBR 15.4 LTS)
2026-05-29 09:12:27 INFO  Reading inputs from Unity Catalog main.curated.* 
2026-05-29 09:15:32 INFO  Stage 1 complete — input rows processed
2026-05-29 09:18:40 INFO  Writing output Delta table (MERGE) 
2026-05-29 09:18:42 INFO  [user_segmentation.load_activity] Task completed successfully in 380s (exit_code=0)",1,False,0
user_segmentation,2026-05-29,compute_rfm,2026-05-29 09:18:54,2026-05-29 09:31:08,"2026-05-29 09:18:54 INFO  [user_segmentation.compute_rfm] TaskInstance started — attempt 1
2026-05-29 09:18:56 INFO  Acquiring Spark session on job cluster (Photon enabled, DBR 15.4 LTS)
2026-05-29 09:18:59 INFO  Reading inputs from Unity Catalog main.curated.* 
2026-05-29 09:25:01 INFO  Stage 1 complete — input rows processed
2026-05-29 09:31:06 INFO  Writing output Delta table (MERGE) 
2026-05-29 09:31:08 INFO  [user_segmentation.compute_rfm] Task completed successfully in 734s (exit_code=0)",1,False,0
user_segmentation,2026-05-29,assign_segments,2026-05-29 09:31:59,2026-05-29 09:42:27,"2026-05-29 09:31:59 INFO  [user_segmentation.assign_segments] TaskInstance started — attempt 1
2026-05-29 09:32:01 INFO  Acquiring Spark session on job cluster (Photon enabled, DBR 15.4 LTS)
2026-05-29 09:32:04 INFO  Reading inputs from Unity Catalog main.curated.* 
2026-05-29 09:37:13 INFO  Stage 1 complete — input rows processed
2026-05-29 09:42:25 INFO  Writing output Delta table (MERGE) 
2026-05-29 09:42:27 INFO  [user_segmentation.assign_segments] Task completed successfully in 628s (exit_code=0)",1,False,0
user_segmentation,2026-05-29,push_to_crm,2026-05-29 09:42:34,2026-05-29 09:46:15,"2026-05-29 09:42:34 INFO  [user_segmentation.push_to_crm] TaskInstance started — attempt 1
2026-05-29 09:42:36 INFO  Acquiring Spark session on job cluster (Photon enabled, DBR 15.4 LTS)
2026-05-29 09:42:39 INFO  Reading inputs from Unity Catalog main.curated.* 
2026-05-29 09:44:24 INFO  Stage 1 running…
2026-05-29 09:46:12 ERROR JDBCRDD: Connection timed out after 30000ms while reading from source DB.
2026-05-29 09:46:13 ERROR   java.sql.SQLTransientConnectionException: HikariPool-1 - Connection is not available, request timed out after 30000ms
                       	at com.zaxxer.hikari.pool.HikariPool.getConnection(HikariPool.java:213)
                       	at org.apache.spark.sql.execution.datasources.jdbc.JDBCRDD.compute(...)
2026-05-29 09:46:15 ERROR [user_segmentation.push_to_crm] Task failed on attempt 1 (exit_code=1)",1,True,1
user_segmentation,2026-05-29,push_to_crm,2026-05-29 09:48:32,2026-05-29 09:51:51,"2026-05-29 09:48:32 INFO  [user_segmentation.push_to_crm] TaskInstance started — attempt 2
2026-05-29 09:48:34 INFO  Acquiring Spark session on job cluster (Photon enabled, DBR 15.4 LTS)
2026-05-29 09:48:37 INFO  Reading inputs from Unity Catalog main.curated.* 
2026-05-29 09:50:11 INFO  Stage 1 running…
2026-05-29 09:51:48 ERROR JDBCRDD: Connection timed out after 30000ms while reading from source DB.
2026-05-29 09:51:49 ERROR   java.sql.SQLTransientConnectionException: HikariPool-1 - Connection is not available, request timed out after 30000ms
                       	at com.zaxxer.hikari.pool.HikariPool.getConnection(HikariPool.java:213)
                       	at org.apache.spark.sql.execution.datasources.jdbc.JDBCRDD.compute(...)
2026-05-29 09:51:51 ERROR [user_segmentation.push_to_crm] Task failed on attempt 2 (exit_code=1)",2,True,1
user_segmentation,2026-05-29,push_to_crm,2026-05-29 09:54:28,2026-05-29 10:11:16,"2026-05-29 09:54:28 INFO  [user_segmentation.push_to_crm] TaskInstance started — attempt 3
2026-05-29 09:54:30 INFO  Acquiring Spark session on job cluster (Photon enabled, DBR 15.4 LTS)
2026-05-29 09:54:33 INFO  Reading inputs from Unity Catalog main.curated.* 
2026-05-29 10:02:52 INFO  Stage 1 complete — input rows processed
2026-05-29 10:11:14 INFO  Writing output Delta table (MERGE) 
2026-05-29 10:11:16 INFO  [user_segmentation.push_to_crm] Task completed successfully in 1008s (exit_code=0)",3,True,0
daily_sales_etl,2026-05-30,extract_orders,2026-05-30 02:01:35,2026-05-30 02:26:22,"2026-05-30 02:01:35 INFO  [daily_sales_etl.extract_orders] TaskInstance started — attempt 1
2026-05-30 02:01:37 INFO  Acquiring Spark session on job cluster (Photon enabled, DBR 15.4 LTS)
2026-05-30 02:01:40 INFO  Reading inputs from Unity Catalog main.curated.* 
2026-05-30 02:13:58 INFO  Stage 1 complete — input rows processed
2026-05-30 02:26:20 INFO  Writing output Delta table (MERGE) 
2026-05-30 02:26:22 INFO  [daily_sales_etl.extract_orders] Task completed successfully in 1487s (exit_code=0)",1,False,0
daily_sales_etl,2026-05-30,extract_returns,2026-05-30 02:27:03,2026-05-30 02:37:49,"2026-05-30 02:27:03 INFO  [daily_sales_etl.extract_returns] TaskInstance started — attempt 1
2026-05-30 02:27:05 INFO  Acquiring Spark session on job cluster (Photon enabled, DBR 15.4 LTS)
2026-05-30 02:27:08 INFO  Reading inputs from Unity Catalog main.curated.* 
2026-05-30 02:32:26 INFO  Stage 1 complete — input rows processed
2026-05-30 02:37:47 INFO  Writing output Delta table (MERGE) 
2026-05-30 02:37:49 INFO  [daily_sales_etl.extract_returns] Task completed successfully in 646s (exit_code=0)",1,False,0
daily_sales_etl,2026-05-30,transform_sales,2026-05-30 02:38:39,2026-05-30 02:59:25,"2026-05-30 02:38:39 INFO  [daily_sales_etl.transform_sales] TaskInstance started — attempt 1
2026-05-30 02:38:41 INFO  Acquiring Spark session on job cluster (Photon enabled, DBR 15.4 LTS)
2026-05-30 02:38:44 INFO  Reading inputs from Unity Catalog main.curated.* 
2026-05-30 02:49:02 INFO  Stage 1 complete — input rows processed
2026-05-30 02:59:23 INFO  Writing output Delta table (MERGE) 
2026-05-30 02:59:25 INFO  [daily_sales_etl.transform_sales] Task completed successfully in 1246s (exit_code=0)",1,False,0
daily_sales_etl,2026-05-30,dq_check_sales,2026-05-30 02:59:57,2026-05-30 03:22:35,"2026-05-30 02:59:57 INFO  [daily_sales_etl.dq_check_sales] TaskInstance started — attempt 1
2026-05-30 02:59:59 INFO  Acquiring Spark session on job cluster (Photon enabled, DBR 15.4 LTS)
2026-05-30 03:00:02 INFO  Reading inputs from Unity Catalog main.curated.* 
2026-05-30 03:11:16 INFO  Stage 1 complete — input rows processed
2026-05-30 03:22:33 INFO  Writing output Delta table (MERGE) 
2026-05-30 03:22:35 INFO  [daily_sales_etl.dq_check_sales] Task completed successfully in 1358s (exit_code=0)",1,False,0
daily_sales_etl,2026-05-30,load_fact_sales,2026-05-30 03:22:40,2026-05-30 03:29:29,"2026-05-30 03:22:40 INFO  [daily_sales_etl.load_fact_sales] TaskInstance started — attempt 1
2026-05-30 03:22:42 INFO  Acquiring Spark session on job cluster (Photon enabled, DBR 15.4 LTS)
2026-05-30 03:22:45 INFO  Reading inputs from Unity Catalog main.curated.* 
2026-05-30 03:26:04 INFO  Stage 1 complete — input rows processed
2026-05-30 03:29:27 INFO  Writing output Delta table (MERGE) 
2026-05-30 03:29:29 INFO  [daily_sales_etl.load_fact_sales] Task completed successfully in 409s (exit_code=0)",1,False,0
customer_360_pipeline,2026-05-30,ingest_crm,2026-05-30 01:20:18,2026-05-30 01:43:16,"2026-05-30 01:20:18 INFO  [customer_360_pipeline.ingest_crm] TaskInstance started — attempt 1
2026-05-30 01:20:20 INFO  Acquiring Spark session on job cluster (Photon enabled, DBR 15.4 LTS)
2026-05-30 01:20:23 INFO  Reading inputs from Unity Catalog main.curated.* 
2026-05-30 01:31:47 INFO  Stage 1 complete — input rows processed
2026-05-30 01:43:14 INFO  Writing output Delta table (MERGE) 
2026-05-30 01:43:16 INFO  [customer_360_pipeline.ingest_crm] Task completed successfully in 1378s (exit_code=0)",1,False,0
customer_360_pipeline,2026-05-30,ingest_web_events,2026-05-30 01:43:24,2026-05-30 01:54:44,"2026-05-30 01:43:24 INFO  [customer_360_pipeline.ingest_web_events] TaskInstance started — attempt 1
2026-05-30 01:43:26 INFO  Acquiring Spark session on job cluster (Photon enabled, DBR 15.4 LTS)
2026-05-30 01:43:29 INFO  Reading inputs from Unity Catalog main.curated.* 
2026-05-30 01:49:04 INFO  Stage 1 complete — input rows processed
2026-05-30 01:54:42 INFO  Writing output Delta table (MERGE) 
2026-05-30 01:54:44 INFO  [customer_360_pipeline.ingest_web_events] Task completed successfully in 680s (exit_code=0)",1,False,0
customer_360_pipeline,2026-05-30,resolve_identity,2026-05-30 01:54:51,2026-05-30 02:08:43,"2026-05-30 01:54:51 INFO  [customer_360_pipeline.resolve_identity] TaskInstance started — attempt 1
2026-05-30 01:54:53 INFO  Acquiring Spark session on job cluster (Photon enabled, DBR 15.4 LTS)
2026-05-30 01:54:56 INFO  Reading inputs from Unity Catalog main.curated.* 
2026-05-30 02:01:47 INFO  Stage 1 complete — input rows processed
2026-05-30 02:08:41 INFO  Writing output Delta table (MERGE) 
2026-05-30 02:08:43 INFO  [customer_360_pipeline.resolve_identity] Task completed successfully in 832s (exit_code=0)",1,False,0
customer_360_pipeline,2026-05-30,build_profiles,2026-05-30 02:09:10,2026-05-30 02:15:06,"2026-05-30 02:09:10 INFO  [customer_360_pipeline.build_profiles] TaskInstance started — attempt 1
2026-05-30 02:09:12 INFO  Acquiring Spark session on job cluster (Photon enabled, DBR 15.4 LTS)
2026-05-30 02:09:15 INFO  Reading inputs from Unity Catalog main.curated.* 
2026-05-30 02:12:08 INFO  Stage 1 complete — input rows processed
2026-05-30 02:15:04 INFO  Writing output Delta table (MERGE) 
2026-05-30 02:15:06 INFO  [customer_360_pipeline.build_profiles] Task completed successfully in 356s (exit_code=0)",1,False,0
customer_360_pipeline,2026-05-30,publish_features,2026-05-30 02:15:58,2026-05-30 02:32:24,"2026-05-30 02:15:58 INFO  [customer_360_pipeline.publish_features] TaskInstance started — attempt 1
2026-05-30 02:16:00 INFO  Acquiring Spark session on job cluster (Photon enabled, DBR 15.4 LTS)
2026-05-30 02:16:03 INFO  Reading inputs from Unity Catalog main.curated.* 
2026-05-30 02:24:11 INFO  Stage 1 complete — input rows processed
2026-05-30 02:32:22 INFO  Writing output Delta table (MERGE) 
2026-05-30 02:32:24 INFO  [customer_360_pipeline.publish_features] Task completed successfully in 986s (exit_code=0)",1,False,0
inventory_sync,2026-05-30,pull_warehouse_api,2026-05-30 03:26:14,2026-05-30 03:32:18,"2026-05-30 03:26:14 INFO  [inventory_sync.pull_warehouse_api] TaskInstance started — attempt 1
2026-05-30 03:26:16 INFO  Acquiring Spark session on job cluster (Photon enabled, DBR 15.4 LTS)
2026-05-30 03:26:19 INFO  Reading inputs from Unity Catalog main.curated.* 
2026-05-30 03:29:16 INFO  Stage 1 complete — input rows processed
2026-05-30 03:32:16 INFO  Writing output Delta table (MERGE) 
2026-05-30 03:32:18 INFO  [inventory_sync.pull_warehouse_api] Task completed successfully in 364s (exit_code=0)",1,False,0
inventory_sync,2026-05-30,normalize_sku,2026-05-30 03:32:50,2026-05-30 03:50:56,"2026-05-30 03:32:50 INFO  [inventory_sync.normalize_sku] TaskInstance started — attempt 1
2026-05-30 03:32:52 INFO  Acquiring Spark session on job cluster (Photon enabled, DBR 15.4 LTS)
2026-05-30 03:32:55 INFO  Reading inputs from Unity Catalog main.curated.* 
2026-05-30 03:41:53 INFO  Stage 1 complete — input rows processed
2026-05-30 03:50:54 INFO  Writing output Delta table (MERGE) 
2026-05-30 03:50:56 INFO  [inventory_sync.normalize_sku] Task completed successfully in 1086s (exit_code=0)",1,False,0
inventory_sync,2026-05-30,reconcile_stock,2026-05-30 03:51:45,2026-05-30 04:11:55,"2026-05-30 03:51:45 INFO  [inventory_sync.reconcile_stock] TaskInstance started — attempt 1
2026-05-30 03:51:47 INFO  Acquiring Spark session on job cluster (Photon enabled, DBR 15.4 LTS)
2026-05-30 03:51:50 INFO  Reading inputs from Unity Catalog main.curated.* 
2026-05-30 04:01:50 INFO  Stage 1 complete — input rows processed
2026-05-30 04:11:53 INFO  Writing output Delta table (MERGE) 
2026-05-30 04:11:55 INFO  [inventory_sync.reconcile_stock] Task completed successfully in 1210s (exit_code=0)",1,False,0
inventory_sync,2026-05-30,write_delta,2026-05-30 04:12:53,2026-05-30 04:37:19,"2026-05-30 04:12:53 INFO  [inventory_sync.write_delta] TaskInstance started — attempt 1
2026-05-30 04:12:55 INFO  Acquiring Spark session on job cluster (Photon enabled, DBR 15.4 LTS)
2026-05-30 04:12:58 INFO  Reading inputs from Unity Catalog main.curated.* 
2026-05-30 04:25:06 INFO  Stage 1 complete — input rows processed
2026-05-30 04:37:17 INFO  Writing output Delta table (MERGE) 
2026-05-30 04:37:19 INFO  [inventory_sync.write_delta] Task completed successfully in 1466s (exit_code=0)",1,False,0
marketing_attribution,2026-05-30,load_ad_spend,2026-05-30 04:01:43,2026-05-30 04:19:20,"2026-05-30 04:01:43 INFO  [marketing_attribution.load_ad_spend] TaskInstance started — attempt 1
2026-05-30 04:01:45 INFO  Acquiring Spark session on job cluster (Photon enabled, DBR 15.4 LTS)
2026-05-30 04:01:48 INFO  Reading inputs from Unity Catalog main.curated.* 
2026-05-30 04:10:31 INFO  Stage 1 complete — input rows processed
2026-05-30 04:19:18 INFO  Writing output Delta table (MERGE) 
2026-05-30 04:19:20 INFO  [marketing_attribution.load_ad_spend] Task completed successfully in 1057s (exit_code=0)",1,False,0
marketing_attribution,2026-05-30,load_conversions,2026-05-30 04:20:19,2026-05-30 04:27:40,"2026-05-30 04:20:19 INFO  [marketing_attribution.load_conversions] TaskInstance started — attempt 1
2026-05-30 04:20:21 INFO  Acquiring Spark session on job cluster (Photon enabled, DBR 15.4 LTS)
2026-05-30 04:20:24 INFO  Reading inputs from Unity Catalog main.curated.* 
2026-05-30 04:23:59 INFO  Stage 1 complete — input rows processed
2026-05-30 04:27:38 INFO  Writing output Delta table (MERGE) 
2026-05-30 04:27:40 INFO  [marketing_attribution.load_conversions] Task completed successfully in 441s (exit_code=0)",1,False,0
marketing_attribution,2026-05-30,join_touchpoints,2026-05-30 04:27:57,2026-05-30 04:32:26,"2026-05-30 04:27:57 INFO  [marketing_attribution.join_touchpoints] TaskInstance started — attempt 1
2026-05-30 04:27:59 INFO  Acquiring Spark session on job cluster (Photon enabled, DBR 15.4 LTS)
2026-05-30 04:28:02 INFO  Reading inputs from Unity Catalog main.curated.* 
2026-05-30 04:30:11 INFO  Stage 1 complete — input rows processed
2026-05-30 04:32:24 INFO  Writing output Delta table (MERGE) 
2026-05-30 04:32:26 INFO  [marketing_attribution.join_touchpoints] Task completed successfully in 269s (exit_code=0)",1,False,0
marketing_attribution,2026-05-30,attribute_revenue,2026-05-30 04:33:23,2026-05-30 04:55:28,"2026-05-30 04:33:23 INFO  [marketing_attribution.attribute_revenue] TaskInstance started — attempt 1
2026-05-30 04:33:25 INFO  Acquiring Spark session on job cluster (Photon enabled, DBR 15.4 LTS)
2026-05-30 04:33:28 INFO  Reading inputs from Unity Catalog main.curated.* 
2026-05-30 04:44:25 INFO  Stage 1 complete — input rows processed
2026-05-30 04:55:26 INFO  Writing output Delta table (MERGE) 
2026-05-30 04:55:28 INFO  [marketing_attribution.attribute_revenue] Task completed successfully in 1325s (exit_code=0)",1,False,0
finance_reconciliation,2026-05-30,extract_ledger,2026-05-30 05:05:49,2026-05-30 05:27:22,"2026-05-30 05:05:49 INFO  [finance_reconciliation.extract_ledger] TaskInstance started — attempt 1
2026-05-30 05:05:51 INFO  Acquiring Spark session on job cluster (Photon enabled, DBR 15.4 LTS)
2026-05-30 05:05:54 INFO  Reading inputs from Unity Catalog main.curated.* 
2026-05-30 05:16:35 INFO  Stage 1 complete — input rows processed
2026-05-30 05:27:20 INFO  Writing output Delta table (MERGE) 
2026-05-30 05:27:22 INFO  [finance_reconciliation.extract_ledger] Task completed successfully in 1293s (exit_code=0)",1,False,0
finance_reconciliation,2026-05-30,extract_payments,2026-05-30 05:27:30,2026-05-30 05:36:14,"2026-05-30 05:27:30 INFO  [finance_reconciliation.extract_payments] TaskInstance started — attempt 1
2026-05-30 05:27:32 INFO  Acquiring Spark session on job cluster (Photon enabled, DBR 15.4 LTS)
2026-05-30 05:27:35 INFO  Reading inputs from Unity Catalog main.curated.* 
2026-05-30 05:31:52 INFO  Stage 1 complete — input rows processed
2026-05-30 05:36:12 INFO  Writing output Delta table (MERGE) 
2026-05-30 05:36:14 INFO  [finance_reconciliation.extract_payments] Task completed successfully in 524s (exit_code=0)",1,False,0
finance_reconciliation,2026-05-30,reconcile,2026-05-30 05:36:45,2026-05-30 05:42:54,"2026-05-30 05:36:45 INFO  [finance_reconciliation.reconcile] TaskInstance started — attempt 1
2026-05-30 05:36:47 INFO  Acquiring Spark session on job cluster (Photon enabled, DBR 15.4 LTS)
2026-05-30 05:36:50 INFO  Reading inputs from Unity Catalog main.curated.* 
2026-05-30 05:39:49 INFO  Stage 1 complete — input rows processed
2026-05-30 05:42:52 INFO  Writing output Delta table (MERGE) 
2026-05-30 05:42:54 INFO  [finance_reconciliation.reconcile] Task completed successfully in 369s (exit_code=0)",1,False,0
finance_reconciliation,2026-05-30,gl_validation,2026-05-30 05:43:18,2026-05-30 05:50:58,"2026-05-30 05:43:18 INFO  [finance_reconciliation.gl_validation] TaskInstance started — attempt 1
2026-05-30 05:43:20 INFO  Acquiring Spark session on job cluster (Photon enabled, DBR 15.4 LTS)
2026-05-30 05:43:23 INFO  Reading inputs from Unity Catalog main.curated.* 
2026-05-30 05:47:08 INFO  Stage 1 complete — input rows processed
2026-05-30 05:50:56 INFO  Writing output Delta table (MERGE) 
2026-05-30 05:50:58 INFO  [finance_reconciliation.gl_validation] Task completed successfully in 460s (exit_code=0)",1,False,0
finance_reconciliation,2026-05-30,export_report,2026-05-30 05:51:48,2026-05-30 06:11:24,"2026-05-30 05:51:48 INFO  [finance_reconciliation.export_report] TaskInstance started — attempt 1
2026-05-30 05:51:50 INFO  Acquiring Spark session on job cluster (Photon enabled, DBR 15.4 LTS)
2026-05-30 05:51:53 INFO  Reading inputs from Unity Catalog main.curated.* 
2026-05-30 06:01:36 INFO  Stage 1 complete — input rows processed
2026-05-30 06:11:22 INFO  Writing output Delta table (MERGE) 
2026-05-30 06:11:24 INFO  [finance_reconciliation.export_report] Task completed successfully in 1176s (exit_code=0)",1,False,0
clickstream_ingest,2026-05-30,read_kafka_offsets,2026-05-30 00:22:15,2026-05-30 00:47:07,"2026-05-30 00:22:15 INFO  [clickstream_ingest.read_kafka_offsets] TaskInstance started — attempt 1
2026-05-30 00:22:17 INFO  Acquiring Spark session on job cluster (Photon enabled, DBR 15.4 LTS)
2026-05-30 00:22:20 INFO  Reading inputs from Unity Catalog main.curated.* 
2026-05-30 00:34:41 INFO  Stage 1 complete — input rows processed
2026-05-30 00:47:05 INFO  Writing output Delta table (MERGE) 
2026-05-30 00:47:07 INFO  [clickstream_ingest.read_kafka_offsets] Task completed successfully in 1492s (exit_code=0)",1,False,0
clickstream_ingest,2026-05-30,parse_events,2026-05-30 00:47:31,2026-05-30 00:55:04,"2026-05-30 00:47:31 INFO  [clickstream_ingest.parse_events] TaskInstance started — attempt 1
2026-05-30 00:47:33 INFO  Acquiring Spark session on job cluster (Photon enabled, DBR 15.4 LTS)
2026-05-30 00:47:36 INFO  Reading inputs from Unity Catalog main.curated.* 
2026-05-30 00:51:17 INFO  Stage 1 complete — input rows processed
2026-05-30 00:55:02 INFO  Writing output Delta table (MERGE) 
2026-05-30 00:55:04 INFO  [clickstream_ingest.parse_events] Task completed successfully in 453s (exit_code=0)",1,False,0
clickstream_ingest,2026-05-30,sessionize,2026-05-30 00:55:18,2026-05-30 01:18:21,"2026-05-30 00:55:18 INFO  [clickstream_ingest.sessionize] TaskInstance started — attempt 1
2026-05-30 00:55:20 INFO  Acquiring Spark session on job cluster (Photon enabled, DBR 15.4 LTS)
2026-05-30 00:55:23 INFO  Reading inputs from Unity Catalog main.curated.* 
2026-05-30 01:06:49 INFO  Stage 1 complete — input rows processed
2026-05-30 01:18:19 INFO  Writing output Delta table (MERGE) 
2026-05-30 01:18:21 INFO  [clickstream_ingest.sessionize] Task completed successfully in 1383s (exit_code=0)",1,False,0
clickstream_ingest,2026-05-30,write_bronze,2026-05-30 01:18:47,2026-05-30 01:43:16,"2026-05-30 01:18:47 INFO  [clickstream_ingest.write_bronze] TaskInstance started — attempt 1
2026-05-30 01:18:49 INFO  Acquiring Spark session on job cluster (Photon enabled, DBR 15.4 LTS)
2026-05-30 01:18:52 INFO  Reading inputs from Unity Catalog main.curated.* 
2026-05-30 01:31:01 INFO  Stage 1 running…
2026-05-30 01:43:13 ERROR Analyzer: cannot resolve column 'customer_id' — upstream schema changed.
2026-05-30 01:43:14 ERROR   org.apache.spark.sql.AnalysisException: cannot resolve 'customer_id' given input columns: [cust_id, ...]
                       	at org.apache.spark.sql.catalyst.analysis.CheckAnalysis.failAnalysis(...)
                       	at org.apache.spark.sql.Dataset.select(Dataset.scala:1685)
2026-05-30 01:43:16 ERROR [clickstream_ingest.write_bronze] Task failed on attempt 1 (exit_code=1)",1,False,1
clickstream_ingest,2026-05-30,write_bronze,2026-05-30 01:47:44,2026-05-30 02:12:13,"2026-05-30 01:47:44 INFO  [clickstream_ingest.write_bronze] TaskInstance started — attempt 2
2026-05-30 01:47:46 INFO  Acquiring Spark session on job cluster (Photon enabled, DBR 15.4 LTS)
2026-05-30 01:47:49 INFO  Reading inputs from Unity Catalog main.curated.* 
2026-05-30 01:59:58 INFO  Stage 1 running…
2026-05-30 02:12:10 ERROR Analyzer: cannot resolve column 'customer_id' — upstream schema changed.
2026-05-30 02:12:11 ERROR   org.apache.spark.sql.AnalysisException: cannot resolve 'customer_id' given input columns: [cust_id, ...]
                       	at org.apache.spark.sql.catalyst.analysis.CheckAnalysis.failAnalysis(...)
                       	at org.apache.spark.sql.Dataset.select(Dataset.scala:1685)
2026-05-30 02:12:13 ERROR [clickstream_ingest.write_bronze] Task failed on attempt 2 (exit_code=1)",2,False,1
clickstream_ingest,2026-05-30,write_bronze,2026-05-30 02:13:43,2026-05-30 02:38:12,"2026-05-30 02:13:43 INFO  [clickstream_ingest.write_bronze] TaskInstance started — attempt 3
2026-05-30 02:13:45 INFO  Acquiring Spark session on job cluster (Photon enabled, DBR 15.4 LTS)
2026-05-30 02:13:48 INFO  Reading inputs from Unity Catalog main.curated.* 
2026-05-30 02:25:57 INFO  Stage 1 running…
2026-05-30 02:38:09 ERROR Analyzer: cannot resolve column 'customer_id' — upstream schema changed.
2026-05-30 02:38:10 ERROR   org.apache.spark.sql.AnalysisException: cannot resolve 'customer_id' given input columns: [cust_id, ...]
                       	at org.apache.spark.sql.catalyst.analysis.CheckAnalysis.failAnalysis(...)
                       	at org.apache.spark.sql.Dataset.select(Dataset.scala:1685)
2026-05-30 02:38:12 ERROR [clickstream_ingest.write_bronze] Task failed on attempt 3 (exit_code=1)",3,False,1
ml_feature_store,2026-05-30,fetch_training_data,2026-05-30 06:13:48,2026-05-30 06:22:05,"2026-05-30 06:13:48 INFO  [ml_feature_store.fetch_training_data] TaskInstance started — attempt 1
2026-05-30 06:13:50 INFO  Acquiring Spark session on job cluster (Photon enabled, DBR 15.4 LTS)
2026-05-30 06:13:53 INFO  Reading inputs from Unity Catalog main.curated.* 
2026-05-30 06:17:56 INFO  Stage 1 complete — input rows processed
2026-05-30 06:22:03 INFO  Writing output Delta table (MERGE) 
2026-05-30 06:22:05 INFO  [ml_feature_store.fetch_training_data] Task completed successfully in 497s (exit_code=0)",1,False,0
ml_feature_store,2026-05-30,compute_features,2026-05-30 06:22:39,2026-05-30 06:39:30,"2026-05-30 06:22:39 INFO  [ml_feature_store.compute_features] TaskInstance started — attempt 1
2026-05-30 06:22:41 INFO  Acquiring Spark session on job cluster (Photon enabled, DBR 15.4 LTS)
2026-05-30 06:22:44 INFO  Reading inputs from Unity Catalog main.curated.* 
2026-05-30 06:31:04 INFO  Stage 1 complete — input rows processed
2026-05-30 06:39:28 INFO  Writing output Delta table (MERGE) 
2026-05-30 06:39:30 INFO  [ml_feature_store.compute_features] Task completed successfully in 1011s (exit_code=0)",1,False,0
ml_feature_store,2026-05-30,validate_features,2026-05-30 06:39:42,2026-05-30 06:42:04,"2026-05-30 06:39:42 INFO  [ml_feature_store.validate_features] TaskInstance started — attempt 1
2026-05-30 06:39:44 INFO  Acquiring Spark session on job cluster (Photon enabled, DBR 15.4 LTS)
2026-05-30 06:39:47 INFO  Reading inputs from Unity Catalog main.curated.* 
2026-05-30 06:40:53 INFO  Stage 1 running…
2026-05-30 06:42:01 ERROR TaskRunner: Task exceeded execution_timeout (3600s) and was terminated.
2026-05-30 06:42:02 ERROR   java.util.concurrent.TimeoutException: Task exceeded the configured execution_timeout of 3600s
                       	at org.apache.airflow.executors.TaskRunner.enforceTimeout(...)
2026-05-30 06:42:04 ERROR [ml_feature_store.validate_features] Task failed on attempt 1 (exit_code=1)",1,True,1
ml_feature_store,2026-05-30,validate_features,2026-05-30 06:43:19,2026-05-30 06:56:11,"2026-05-30 06:43:19 INFO  [ml_feature_store.validate_features] TaskInstance started — attempt 2
2026-05-30 06:43:21 INFO  Acquiring Spark session on job cluster (Photon enabled, DBR 15.4 LTS)
2026-05-30 06:43:24 INFO  Reading inputs from Unity Catalog main.curated.* 
2026-05-30 06:49:45 INFO  Stage 1 complete — input rows processed
2026-05-30 06:56:09 INFO  Writing output Delta table (MERGE) 
2026-05-30 06:56:11 INFO  [ml_feature_store.validate_features] Task completed successfully in 772s (exit_code=0)",2,True,0
ml_feature_store,2026-05-30,materialize_online,2026-05-30 06:56:33,2026-05-30 07:09:55,"2026-05-30 06:56:33 INFO  [ml_feature_store.materialize_online] TaskInstance started — attempt 1
2026-05-30 06:56:35 INFO  Acquiring Spark session on job cluster (Photon enabled, DBR 15.4 LTS)
2026-05-30 06:56:38 INFO  Reading inputs from Unity Catalog main.curated.* 
2026-05-30 07:03:14 INFO  Stage 1 complete — input rows processed
2026-05-30 07:09:53 INFO  Writing output Delta table (MERGE) 
2026-05-30 07:09:55 INFO  [ml_feature_store.materialize_online] Task completed successfully in 802s (exit_code=0)",1,False,0
data_quality_checks,2026-05-30,load_snapshots,2026-05-30 07:09:28,2026-05-30 07:17:58,"2026-05-30 07:09:28 INFO  [data_quality_checks.load_snapshots] TaskInstance started — attempt 1
2026-05-30 07:09:30 INFO  Acquiring Spark session on job cluster (Photon enabled, DBR 15.4 LTS)
2026-05-30 07:09:33 INFO  Reading inputs from Unity Catalog main.curated.* 
2026-05-30 07:13:43 INFO  Stage 1 complete — input rows processed
2026-05-30 07:17:56 INFO  Writing output Delta table (MERGE) 
2026-05-30 07:17:58 INFO  [data_quality_checks.load_snapshots] Task completed successfully in 510s (exit_code=0)",1,False,0
data_quality_checks,2026-05-30,run_expectations,2026-05-30 07:18:32,2026-05-30 07:40:57,"2026-05-30 07:18:32 INFO  [data_quality_checks.run_expectations] TaskInstance started — attempt 1
2026-05-30 07:18:34 INFO  Acquiring Spark session on job cluster (Photon enabled, DBR 15.4 LTS)
2026-05-30 07:18:37 INFO  Reading inputs from Unity Catalog main.curated.* 
2026-05-30 07:29:44 INFO  Stage 1 complete — input rows processed
2026-05-30 07:40:55 INFO  Writing output Delta table (MERGE) 
2026-05-30 07:40:57 INFO  [data_quality_checks.run_expectations] Task completed successfully in 1345s (exit_code=0)",1,False,0
data_quality_checks,2026-05-30,summarize_results,2026-05-30 07:41:12,2026-05-30 08:03:13,"2026-05-30 07:41:12 INFO  [data_quality_checks.summarize_results] TaskInstance started — attempt 1
2026-05-30 07:41:14 INFO  Acquiring Spark session on job cluster (Photon enabled, DBR 15.4 LTS)
2026-05-30 07:41:17 INFO  Reading inputs from Unity Catalog main.curated.* 
2026-05-30 07:52:12 INFO  Stage 1 complete — input rows processed
2026-05-30 08:03:11 INFO  Writing output Delta table (MERGE) 
2026-05-30 08:03:13 INFO  [data_quality_checks.summarize_results] Task completed successfully in 1321s (exit_code=0)",1,False,0
revenue_reporting,2026-05-30,aggregate_daily_revenue,2026-05-30 08:14:48,2026-05-30 08:29:07,"2026-05-30 08:14:48 INFO  [revenue_reporting.aggregate_daily_revenue] TaskInstance started — attempt 1
2026-05-30 08:14:50 INFO  Acquiring Spark session on job cluster (Photon enabled, DBR 15.4 LTS)
2026-05-30 08:14:53 INFO  Reading inputs from Unity Catalog main.curated.* 
2026-05-30 08:21:57 INFO  Stage 1 complete — input rows processed
2026-05-30 08:29:05 INFO  Writing output Delta table (MERGE) 
2026-05-30 08:29:07 INFO  [revenue_reporting.aggregate_daily_revenue] Task completed successfully in 859s (exit_code=0)",1,False,0
revenue_reporting,2026-05-30,currency_convert,2026-05-30 08:29:48,2026-05-30 08:41:49,"2026-05-30 08:29:48 INFO  [revenue_reporting.currency_convert] TaskInstance started — attempt 1
2026-05-30 08:29:50 INFO  Acquiring Spark session on job cluster (Photon enabled, DBR 15.4 LTS)
2026-05-30 08:29:53 INFO  Reading inputs from Unity Catalog main.curated.* 
2026-05-30 08:35:48 INFO  Stage 1 complete — input rows processed
2026-05-30 08:41:47 INFO  Writing output Delta table (MERGE) 
2026-05-30 08:41:49 INFO  [revenue_reporting.currency_convert] Task completed successfully in 721s (exit_code=0)",1,False,0
revenue_reporting,2026-05-30,build_dashboards_tbl,2026-05-30 08:42:25,2026-05-30 09:00:14,"2026-05-30 08:42:25 INFO  [revenue_reporting.build_dashboards_tbl] TaskInstance started — attempt 1
2026-05-30 08:42:27 INFO  Acquiring Spark session on job cluster (Photon enabled, DBR 15.4 LTS)
2026-05-30 08:42:30 INFO  Reading inputs from Unity Catalog main.curated.* 
2026-05-30 08:51:19 INFO  Stage 1 complete — input rows processed
2026-05-30 09:00:12 INFO  Writing output Delta table (MERGE) 
2026-05-30 09:00:14 INFO  [revenue_reporting.build_dashboards_tbl] Task completed successfully in 1069s (exit_code=0)",1,False,0
user_segmentation,2026-05-30,load_activity,2026-05-30 09:17:20,2026-05-30 09:41:45,"2026-05-30 09:17:20 INFO  [user_segmentation.load_activity] TaskInstance started — attempt 1
2026-05-30 09:17:22 INFO  Acquiring Spark session on job cluster (Photon enabled, DBR 15.4 LTS)
2026-05-30 09:17:25 INFO  Reading inputs from Unity Catalog main.curated.* 
2026-05-30 09:29:32 INFO  Stage 1 running…
2026-05-30 09:41:42 ERROR JDBCRDD: Connection timed out after 30000ms while reading from source DB.
2026-05-30 09:41:43 ERROR   java.sql.SQLTransientConnectionException: HikariPool-1 - Connection is not available, request timed out after 30000ms
                       	at com.zaxxer.hikari.pool.HikariPool.getConnection(HikariPool.java:213)
                       	at org.apache.spark.sql.execution.datasources.jdbc.JDBCRDD.compute(...)
2026-05-30 09:41:45 ERROR [user_segmentation.load_activity] Task failed on attempt 1 (exit_code=1)",1,False,1
user_segmentation,2026-05-30,load_activity,2026-05-30 09:45:22,2026-05-30 10:09:47,"2026-05-30 09:45:22 INFO  [user_segmentation.load_activity] TaskInstance started — attempt 2
2026-05-30 09:45:24 INFO  Acquiring Spark session on job cluster (Photon enabled, DBR 15.4 LTS)
2026-05-30 09:45:27 INFO  Reading inputs from Unity Catalog main.curated.* 
2026-05-30 09:57:34 INFO  Stage 1 running…
2026-05-30 10:09:44 ERROR JDBCRDD: Connection timed out after 30000ms while reading from source DB.
2026-05-30 10:09:45 ERROR   java.sql.SQLTransientConnectionException: HikariPool-1 - Connection is not available, request timed out after 30000ms
                       	at com.zaxxer.hikari.pool.HikariPool.getConnection(HikariPool.java:213)
                       	at org.apache.spark.sql.execution.datasources.jdbc.JDBCRDD.compute(...)
2026-05-30 10:09:47 ERROR [user_segmentation.load_activity] Task failed on attempt 2 (exit_code=1)",2,False,1
user_segmentation,2026-05-30,load_activity,2026-05-30 10:14:46,2026-05-30 10:39:11,"2026-05-30 10:14:46 INFO  [user_segmentation.load_activity] TaskInstance started — attempt 3
2026-05-30 10:14:48 INFO  Acquiring Spark session on job cluster (Photon enabled, DBR 15.4 LTS)
2026-05-30 10:14:51 INFO  Reading inputs from Unity Catalog main.curated.* 
2026-05-30 10:26:58 INFO  Stage 1 running…
2026-05-30 10:39:08 ERROR JDBCRDD: Connection timed out after 30000ms while reading from source DB.
2026-05-30 10:39:09 ERROR   java.sql.SQLTransientConnectionException: HikariPool-1 - Connection is not available, request timed out after 30000ms
                       	at com.zaxxer.hikari.pool.HikariPool.getConnection(HikariPool.java:213)
                       	at org.apache.spark.sql.execution.datasources.jdbc.JDBCRDD.compute(...)
2026-05-30 10:39:11 ERROR [user_segmentation.load_activity] Task failed on attempt 3 (exit_code=1)",3,False,1
daily_sales_etl,2026-05-31,extract_orders,2026-05-31 02:20:44,2026-05-31 02:32:07,"2026-05-31 02:20:44 INFO  [daily_sales_etl.extract_orders] TaskInstance started — attempt 1
2026-05-31 02:20:46 INFO  Acquiring Spark session on job cluster (Photon enabled, DBR 15.4 LTS)
2026-05-31 02:20:49 INFO  Reading inputs from Unity Catalog main.curated.* 
2026-05-31 02:26:25 INFO  Stage 1 complete — input rows processed
2026-05-31 02:32:05 INFO  Writing output Delta table (MERGE) 
2026-05-31 02:32:07 INFO  [daily_sales_etl.extract_orders] Task completed successfully in 683s (exit_code=0)",1,False,0
daily_sales_etl,2026-05-31,extract_returns,2026-05-31 02:32:59,2026-05-31 02:37:30,"2026-05-31 02:32:59 INFO  [daily_sales_etl.extract_returns] TaskInstance started — attempt 1
2026-05-31 02:33:01 INFO  Acquiring Spark session on job cluster (Photon enabled, DBR 15.4 LTS)
2026-05-31 02:33:04 INFO  Reading inputs from Unity Catalog main.curated.* 
2026-05-31 02:35:14 INFO  Stage 1 running…
2026-05-31 02:37:27 ERROR TaskRunner: Task exceeded execution_timeout (3600s) and was terminated.
2026-05-31 02:37:28 ERROR   java.util.concurrent.TimeoutException: Task exceeded the configured execution_timeout of 3600s
                       	at org.apache.airflow.executors.TaskRunner.enforceTimeout(...)
2026-05-31 02:37:30 ERROR [daily_sales_etl.extract_returns] Task failed on attempt 1 (exit_code=1)",1,True,1
daily_sales_etl,2026-05-31,extract_returns,2026-05-31 02:40:04,2026-05-31 02:44:00,"2026-05-31 02:40:04 INFO  [daily_sales_etl.extract_returns] TaskInstance started — attempt 2
2026-05-31 02:40:06 INFO  Acquiring Spark session on job cluster (Photon enabled, DBR 15.4 LTS)
2026-05-31 02:40:09 INFO  Reading inputs from Unity Catalog main.curated.* 
2026-05-31 02:42:02 INFO  Stage 1 complete — input rows processed
2026-05-31 02:43:58 INFO  Writing output Delta table (MERGE) 
2026-05-31 02:44:00 INFO  [daily_sales_etl.extract_returns] Task completed successfully in 236s (exit_code=0)",2,True,0
daily_sales_etl,2026-05-31,transform_sales,2026-05-31 02:44:16,2026-05-31 03:09:02,"2026-05-31 02:44:16 INFO  [daily_sales_etl.transform_sales] TaskInstance started — attempt 1
2026-05-31 02:44:18 INFO  Acquiring Spark session on job cluster (Photon enabled, DBR 15.4 LTS)
2026-05-31 02:44:21 INFO  Reading inputs from Unity Catalog main.curated.* 
2026-05-31 02:56:39 INFO  Stage 1 complete — input rows processed
2026-05-31 03:09:00 INFO  Writing output Delta table (MERGE) 
2026-05-31 03:09:02 INFO  [daily_sales_etl.transform_sales] Task completed successfully in 1486s (exit_code=0)",1,False,0
daily_sales_etl,2026-05-31,dq_check_sales,2026-05-31 03:09:50,2026-05-31 03:18:35,"2026-05-31 03:09:50 INFO  [daily_sales_etl.dq_check_sales] TaskInstance started — attempt 1
2026-05-31 03:09:52 INFO  Acquiring Spark session on job cluster (Photon enabled, DBR 15.4 LTS)
2026-05-31 03:09:55 INFO  Reading inputs from Unity Catalog main.curated.* 
2026-05-31 03:14:12 INFO  Stage 1 complete — input rows processed
2026-05-31 03:18:33 INFO  Writing output Delta table (MERGE) 
2026-05-31 03:18:35 INFO  [daily_sales_etl.dq_check_sales] Task completed successfully in 525s (exit_code=0)",1,False,0
daily_sales_etl,2026-05-31,load_fact_sales,2026-05-31 03:19:26,2026-05-31 03:33:01,"2026-05-31 03:19:26 INFO  [daily_sales_etl.load_fact_sales] TaskInstance started — attempt 1
2026-05-31 03:19:28 INFO  Acquiring Spark session on job cluster (Photon enabled, DBR 15.4 LTS)
2026-05-31 03:19:31 INFO  Reading inputs from Unity Catalog main.curated.* 
2026-05-31 03:26:13 INFO  Stage 1 complete — input rows processed
2026-05-31 03:32:59 INFO  Writing output Delta table (MERGE) 
2026-05-31 03:33:01 INFO  [daily_sales_etl.load_fact_sales] Task completed successfully in 815s (exit_code=0)",1,False,0
customer_360_pipeline,2026-05-31,ingest_crm,2026-05-31 01:12:11,2026-05-31 01:27:20,"2026-05-31 01:12:11 INFO  [customer_360_pipeline.ingest_crm] TaskInstance started — attempt 1
2026-05-31 01:12:13 INFO  Acquiring Spark session on job cluster (Photon enabled, DBR 15.4 LTS)
2026-05-31 01:12:16 INFO  Reading inputs from Unity Catalog main.curated.* 
2026-05-31 01:19:45 INFO  Stage 1 complete — input rows processed
2026-05-31 01:27:18 INFO  Writing output Delta table (MERGE) 
2026-05-31 01:27:20 INFO  [customer_360_pipeline.ingest_crm] Task completed successfully in 909s (exit_code=0)",1,False,0
customer_360_pipeline,2026-05-31,ingest_web_events,2026-05-31 01:27:48,2026-05-31 01:35:27,"2026-05-31 01:27:48 INFO  [customer_360_pipeline.ingest_web_events] TaskInstance started — attempt 1
2026-05-31 01:27:50 INFO  Acquiring Spark session on job cluster (Photon enabled, DBR 15.4 LTS)
2026-05-31 01:27:53 INFO  Reading inputs from Unity Catalog main.curated.* 
2026-05-31 01:31:37 INFO  Stage 1 complete — input rows processed
2026-05-31 01:35:25 INFO  Writing output Delta table (MERGE) 
2026-05-31 01:35:27 INFO  [customer_360_pipeline.ingest_web_events] Task completed successfully in 459s (exit_code=0)",1,False,0
customer_360_pipeline,2026-05-31,resolve_identity,2026-05-31 01:35:55,2026-05-31 01:47:34,"2026-05-31 01:35:55 INFO  [customer_360_pipeline.resolve_identity] TaskInstance started — attempt 1
2026-05-31 01:35:57 INFO  Acquiring Spark session on job cluster (Photon enabled, DBR 15.4 LTS)
2026-05-31 01:36:00 INFO  Reading inputs from Unity Catalog main.curated.* 
2026-05-31 01:41:44 INFO  Stage 1 complete — input rows processed
2026-05-31 01:47:32 INFO  Writing output Delta table (MERGE) 
2026-05-31 01:47:34 INFO  [customer_360_pipeline.resolve_identity] Task completed successfully in 699s (exit_code=0)",1,False,0
customer_360_pipeline,2026-05-31,build_profiles,2026-05-31 01:47:41,2026-05-31 01:54:20,"2026-05-31 01:47:41 INFO  [customer_360_pipeline.build_profiles] TaskInstance started — attempt 1
2026-05-31 01:47:43 INFO  Acquiring Spark session on job cluster (Photon enabled, DBR 15.4 LTS)
2026-05-31 01:47:46 INFO  Reading inputs from Unity Catalog main.curated.* 
2026-05-31 01:51:00 INFO  Stage 1 complete — input rows processed
2026-05-31 01:54:18 INFO  Writing output Delta table (MERGE) 
2026-05-31 01:54:20 INFO  [customer_360_pipeline.build_profiles] Task completed successfully in 399s (exit_code=0)",1,False,0
customer_360_pipeline,2026-05-31,publish_features,2026-05-31 01:55:05,2026-05-31 02:11:50,"2026-05-31 01:55:05 INFO  [customer_360_pipeline.publish_features] TaskInstance started — attempt 1
2026-05-31 01:55:07 INFO  Acquiring Spark session on job cluster (Photon enabled, DBR 15.4 LTS)
2026-05-31 01:55:10 INFO  Reading inputs from Unity Catalog main.curated.* 
2026-05-31 02:03:27 INFO  Stage 1 complete — input rows processed
2026-05-31 02:11:48 INFO  Writing output Delta table (MERGE) 
2026-05-31 02:11:50 INFO  [customer_360_pipeline.publish_features] Task completed successfully in 1005s (exit_code=0)",1,False,0
inventory_sync,2026-05-31,pull_warehouse_api,2026-05-31 03:15:27,2026-05-31 03:23:49,"2026-05-31 03:15:27 INFO  [inventory_sync.pull_warehouse_api] TaskInstance started — attempt 1
2026-05-31 03:15:29 INFO  Acquiring Spark session on job cluster (Photon enabled, DBR 15.4 LTS)
2026-05-31 03:15:32 INFO  Reading inputs from Unity Catalog main.curated.* 
2026-05-31 03:19:38 INFO  Stage 1 complete — input rows processed
2026-05-31 03:23:47 INFO  Writing output Delta table (MERGE) 
2026-05-31 03:23:49 INFO  [inventory_sync.pull_warehouse_api] Task completed successfully in 502s (exit_code=0)",1,False,0
inventory_sync,2026-05-31,normalize_sku,2026-05-31 03:24:32,2026-05-31 03:47:22,"2026-05-31 03:24:32 INFO  [inventory_sync.normalize_sku] TaskInstance started — attempt 1
2026-05-31 03:24:34 INFO  Acquiring Spark session on job cluster (Photon enabled, DBR 15.4 LTS)
2026-05-31 03:24:37 INFO  Reading inputs from Unity Catalog main.curated.* 
2026-05-31 03:35:57 INFO  Stage 1 complete — input rows processed
2026-05-31 03:47:20 INFO  Writing output Delta table (MERGE) 
2026-05-31 03:47:22 INFO  [inventory_sync.normalize_sku] Task completed successfully in 1370s (exit_code=0)",1,False,0
inventory_sync,2026-05-31,reconcile_stock,2026-05-31 03:47:36,2026-05-31 03:58:21,"2026-05-31 03:47:36 INFO  [inventory_sync.reconcile_stock] TaskInstance started — attempt 1
2026-05-31 03:47:38 INFO  Acquiring Spark session on job cluster (Photon enabled, DBR 15.4 LTS)
2026-05-31 03:47:41 INFO  Reading inputs from Unity Catalog main.curated.* 
2026-05-31 03:52:58 INFO  Stage 1 complete — input rows processed
2026-05-31 03:58:19 INFO  Writing output Delta table (MERGE) 
2026-05-31 03:58:21 INFO  [inventory_sync.reconcile_stock] Task completed successfully in 645s (exit_code=0)",1,False,0
inventory_sync,2026-05-31,write_delta,2026-05-31 03:58:54,2026-05-31 04:23:38,"2026-05-31 03:58:54 INFO  [inventory_sync.write_delta] TaskInstance started — attempt 1
2026-05-31 03:58:56 INFO  Acquiring Spark session on job cluster (Photon enabled, DBR 15.4 LTS)
2026-05-31 03:58:59 INFO  Reading inputs from Unity Catalog main.curated.* 
2026-05-31 04:11:16 INFO  Stage 1 complete — input rows processed
2026-05-31 04:23:36 INFO  Writing output Delta table (MERGE) 
2026-05-31 04:23:38 INFO  [inventory_sync.write_delta] Task completed successfully in 1484s (exit_code=0)",1,False,0
marketing_attribution,2026-05-31,load_ad_spend,2026-05-31 04:01:54,2026-05-31 04:11:24,"2026-05-31 04:01:54 INFO  [marketing_attribution.load_ad_spend] TaskInstance started — attempt 1
2026-05-31 04:01:56 INFO  Acquiring Spark session on job cluster (Photon enabled, DBR 15.4 LTS)
2026-05-31 04:01:59 INFO  Reading inputs from Unity Catalog main.curated.* 
2026-05-31 04:06:39 INFO  Stage 1 complete — input rows processed
2026-05-31 04:11:22 INFO  Writing output Delta table (MERGE) 
2026-05-31 04:11:24 INFO  [marketing_attribution.load_ad_spend] Task completed successfully in 570s (exit_code=0)",1,False,0
marketing_attribution,2026-05-31,load_conversions,2026-05-31 04:11:52,2026-05-31 04:16:17,"2026-05-31 04:11:52 INFO  [marketing_attribution.load_conversions] TaskInstance started — attempt 1
2026-05-31 04:11:54 INFO  Acquiring Spark session on job cluster (Photon enabled, DBR 15.4 LTS)
2026-05-31 04:11:57 INFO  Reading inputs from Unity Catalog main.curated.* 
2026-05-31 04:14:04 INFO  Stage 1 running…
2026-05-31 04:16:14 ERROR TaskRunner: Task exceeded execution_timeout (3600s) and was terminated.
2026-05-31 04:16:15 ERROR   java.util.concurrent.TimeoutException: Task exceeded the configured execution_timeout of 3600s
                       	at org.apache.airflow.executors.TaskRunner.enforceTimeout(...)
2026-05-31 04:16:17 ERROR [marketing_attribution.load_conversions] Task failed on attempt 1 (exit_code=1)",1,True,1
marketing_attribution,2026-05-31,load_conversions,2026-05-31 04:17:35,2026-05-31 04:20:40,"2026-05-31 04:17:35 INFO  [marketing_attribution.load_conversions] TaskInstance started — attempt 2
2026-05-31 04:17:37 INFO  Acquiring Spark session on job cluster (Photon enabled, DBR 15.4 LTS)
2026-05-31 04:17:40 INFO  Reading inputs from Unity Catalog main.curated.* 
2026-05-31 04:19:07 INFO  Stage 1 complete — input rows processed
2026-05-31 04:20:38 INFO  Writing output Delta table (MERGE) 
2026-05-31 04:20:40 INFO  [marketing_attribution.load_conversions] Task completed successfully in 185s (exit_code=0)",2,True,0
marketing_attribution,2026-05-31,join_touchpoints,2026-05-31 04:21:27,2026-05-31 04:26:20,"2026-05-31 04:21:27 INFO  [marketing_attribution.join_touchpoints] TaskInstance started — attempt 1
2026-05-31 04:21:29 INFO  Acquiring Spark session on job cluster (Photon enabled, DBR 15.4 LTS)
2026-05-31 04:21:32 INFO  Reading inputs from Unity Catalog main.curated.* 
2026-05-31 04:23:53 INFO  Stage 1 complete — input rows processed
2026-05-31 04:26:18 INFO  Writing output Delta table (MERGE) 
2026-05-31 04:26:20 INFO  [marketing_attribution.join_touchpoints] Task completed successfully in 293s (exit_code=0)",1,False,0
marketing_attribution,2026-05-31,attribute_revenue,2026-05-31 04:26:51,2026-05-31 04:36:33,"2026-05-31 04:26:51 INFO  [marketing_attribution.attribute_revenue] TaskInstance started — attempt 1
2026-05-31 04:26:53 INFO  Acquiring Spark session on job cluster (Photon enabled, DBR 15.4 LTS)
2026-05-31 04:26:56 INFO  Reading inputs from Unity Catalog main.curated.* 
2026-05-31 04:31:42 INFO  Stage 1 running…
2026-05-31 04:36:30 ERROR Executor: Exception in task 47.0 in stage 12.0 (TID 1893) java.lang.OutOfMemoryError: Java heap space
2026-05-31 04:36:31 ERROR   java.lang.OutOfMemoryError: Java heap space
                       	at org.apache.spark.sql.execution.aggregate.HashAggregateExec.doExecute(HashAggregateExec.scala:101)
                       	at org.apache.spark.sql.execution.exchange.ShuffleExchangeExec.prepareShuffleDependency(...)
                       	at org.apache.spark.scheduler.Task.run(Task.scala:139)
2026-05-31 04:36:33 ERROR [marketing_attribution.attribute_revenue] Task failed on attempt 1 (exit_code=1)",1,True,1
marketing_attribution,2026-05-31,attribute_revenue,2026-05-31 04:38:15,2026-05-31 04:52:48,"2026-05-31 04:38:15 INFO  [marketing_attribution.attribute_revenue] TaskInstance started — attempt 2
2026-05-31 04:38:17 INFO  Acquiring Spark session on job cluster (Photon enabled, DBR 15.4 LTS)
2026-05-31 04:38:20 INFO  Reading inputs from Unity Catalog main.curated.* 
2026-05-31 04:45:31 INFO  Stage 1 complete — input rows processed
2026-05-31 04:52:46 INFO  Writing output Delta table (MERGE) 
2026-05-31 04:52:48 INFO  [marketing_attribution.attribute_revenue] Task completed successfully in 873s (exit_code=0)",2,True,0
finance_reconciliation,2026-05-31,extract_ledger,2026-05-31 05:09:00,2026-05-31 05:31:13,"2026-05-31 05:09:00 INFO  [finance_reconciliation.extract_ledger] TaskInstance started — attempt 1
2026-05-31 05:09:02 INFO  Acquiring Spark session on job cluster (Photon enabled, DBR 15.4 LTS)
2026-05-31 05:09:05 INFO  Reading inputs from Unity Catalog main.curated.* 
2026-05-31 05:20:06 INFO  Stage 1 complete — input rows processed
2026-05-31 05:31:11 INFO  Writing output Delta table (MERGE) 
2026-05-31 05:31:13 INFO  [finance_reconciliation.extract_ledger] Task completed successfully in 1333s (exit_code=0)",1,False,0
finance_reconciliation,2026-05-31,extract_payments,2026-05-31 05:31:54,2026-05-31 05:41:34,"2026-05-31 05:31:54 INFO  [finance_reconciliation.extract_payments] TaskInstance started — attempt 1
2026-05-31 05:31:56 INFO  Acquiring Spark session on job cluster (Photon enabled, DBR 15.4 LTS)
2026-05-31 05:31:59 INFO  Reading inputs from Unity Catalog main.curated.* 
2026-05-31 05:36:44 INFO  Stage 1 complete — input rows processed
2026-05-31 05:41:32 INFO  Writing output Delta table (MERGE) 
2026-05-31 05:41:34 INFO  [finance_reconciliation.extract_payments] Task completed successfully in 580s (exit_code=0)",1,False,0
finance_reconciliation,2026-05-31,reconcile,2026-05-31 05:42:13,2026-05-31 05:56:15,"2026-05-31 05:42:13 INFO  [finance_reconciliation.reconcile] TaskInstance started — attempt 1
2026-05-31 05:42:15 INFO  Acquiring Spark session on job cluster (Photon enabled, DBR 15.4 LTS)
2026-05-31 05:42:18 INFO  Reading inputs from Unity Catalog main.curated.* 
2026-05-31 05:49:14 INFO  Stage 1 complete — input rows processed
2026-05-31 05:56:13 INFO  Writing output Delta table (MERGE) 
2026-05-31 05:56:15 INFO  [finance_reconciliation.reconcile] Task completed successfully in 842s (exit_code=0)",1,False,0
finance_reconciliation,2026-05-31,gl_validation,2026-05-31 05:56:47,2026-05-31 06:18:02,"2026-05-31 05:56:47 INFO  [finance_reconciliation.gl_validation] TaskInstance started — attempt 1
2026-05-31 05:56:49 INFO  Acquiring Spark session on job cluster (Photon enabled, DBR 15.4 LTS)
2026-05-31 05:56:52 INFO  Reading inputs from Unity Catalog main.curated.* 
2026-05-31 06:07:24 INFO  Stage 1 complete — input rows processed
2026-05-31 06:18:00 INFO  Writing output Delta table (MERGE) 
2026-05-31 06:18:02 INFO  [finance_reconciliation.gl_validation] Task completed successfully in 1275s (exit_code=0)",1,False,0
finance_reconciliation,2026-05-31,export_report,2026-05-31 06:19:02,2026-05-31 06:27:18,"2026-05-31 06:19:02 INFO  [finance_reconciliation.export_report] TaskInstance started — attempt 1
2026-05-31 06:19:04 INFO  Acquiring Spark session on job cluster (Photon enabled, DBR 15.4 LTS)
2026-05-31 06:19:07 INFO  Reading inputs from Unity Catalog main.curated.* 
2026-05-31 06:23:10 INFO  Stage 1 complete — input rows processed
2026-05-31 06:27:16 INFO  Writing output Delta table (MERGE) 
2026-05-31 06:27:18 INFO  [finance_reconciliation.export_report] Task completed successfully in 496s (exit_code=0)",1,False,0
clickstream_ingest,2026-05-31,read_kafka_offsets,2026-05-31 00:19:05,2026-05-31 00:24:07,"2026-05-31 00:19:05 INFO  [clickstream_ingest.read_kafka_offsets] TaskInstance started — attempt 1
2026-05-31 00:19:07 INFO  Acquiring Spark session on job cluster (Photon enabled, DBR 15.4 LTS)
2026-05-31 00:19:10 INFO  Reading inputs from Unity Catalog main.curated.* 
2026-05-31 00:21:36 INFO  Stage 1 complete — input rows processed
2026-05-31 00:24:05 INFO  Writing output Delta table (MERGE) 
2026-05-31 00:24:07 INFO  [clickstream_ingest.read_kafka_offsets] Task completed successfully in 302s (exit_code=0)",1,False,0
clickstream_ingest,2026-05-31,parse_events,2026-05-31 00:24:33,2026-05-31 00:48:20,"2026-05-31 00:24:33 INFO  [clickstream_ingest.parse_events] TaskInstance started — attempt 1
2026-05-31 00:24:35 INFO  Acquiring Spark session on job cluster (Photon enabled, DBR 15.4 LTS)
2026-05-31 00:24:38 INFO  Reading inputs from Unity Catalog main.curated.* 
2026-05-31 00:36:26 INFO  Stage 1 complete — input rows processed
2026-05-31 00:48:18 INFO  Writing output Delta table (MERGE) 
2026-05-31 00:48:20 INFO  [clickstream_ingest.parse_events] Task completed successfully in 1427s (exit_code=0)",1,False,0
clickstream_ingest,2026-05-31,sessionize,2026-05-31 00:49:01,2026-05-31 01:11:30,"2026-05-31 00:49:01 INFO  [clickstream_ingest.sessionize] TaskInstance started — attempt 1
2026-05-31 00:49:03 INFO  Acquiring Spark session on job cluster (Photon enabled, DBR 15.4 LTS)
2026-05-31 00:49:06 INFO  Reading inputs from Unity Catalog main.curated.* 
2026-05-31 01:00:15 INFO  Stage 1 complete — input rows processed
2026-05-31 01:11:28 INFO  Writing output Delta table (MERGE) 
2026-05-31 01:11:30 INFO  [clickstream_ingest.sessionize] Task completed successfully in 1349s (exit_code=0)",1,False,0
clickstream_ingest,2026-05-31,write_bronze,2026-05-31 01:11:58,2026-05-31 01:31:22,"2026-05-31 01:11:58 INFO  [clickstream_ingest.write_bronze] TaskInstance started — attempt 1
2026-05-31 01:12:00 INFO  Acquiring Spark session on job cluster (Photon enabled, DBR 15.4 LTS)
2026-05-31 01:12:03 INFO  Reading inputs from Unity Catalog main.curated.* 
2026-05-31 01:21:40 INFO  Stage 1 complete — input rows processed
2026-05-31 01:31:20 INFO  Writing output Delta table (MERGE) 
2026-05-31 01:31:22 INFO  [clickstream_ingest.write_bronze] Task completed successfully in 1164s (exit_code=0)",1,False,0
clickstream_ingest,2026-05-31,write_silver,2026-05-31 01:31:35,2026-05-31 01:44:47,"2026-05-31 01:31:35 INFO  [clickstream_ingest.write_silver] TaskInstance started — attempt 1
2026-05-31 01:31:37 INFO  Acquiring Spark session on job cluster (Photon enabled, DBR 15.4 LTS)
2026-05-31 01:31:40 INFO  Reading inputs from Unity Catalog main.curated.* 
2026-05-31 01:38:11 INFO  Stage 1 complete — input rows processed
2026-05-31 01:44:45 INFO  Writing output Delta table (MERGE) 
2026-05-31 01:44:47 INFO  [clickstream_ingest.write_silver] Task completed successfully in 792s (exit_code=0)",1,False,0
ml_feature_store,2026-05-31,fetch_training_data,2026-05-31 06:28:40,2026-05-31 06:46:56,"2026-05-31 06:28:40 INFO  [ml_feature_store.fetch_training_data] TaskInstance started — attempt 1
2026-05-31 06:28:42 INFO  Acquiring Spark session on job cluster (Photon enabled, DBR 15.4 LTS)
2026-05-31 06:28:45 INFO  Reading inputs from Unity Catalog main.curated.* 
2026-05-31 06:37:48 INFO  Stage 1 complete — input rows processed
2026-05-31 06:46:54 INFO  Writing output Delta table (MERGE) 
2026-05-31 06:46:56 INFO  [ml_feature_store.fetch_training_data] Task completed successfully in 1096s (exit_code=0)",1,False,0
ml_feature_store,2026-05-31,compute_features,2026-05-31 06:47:10,2026-05-31 07:09:55,"2026-05-31 06:47:10 INFO  [ml_feature_store.compute_features] TaskInstance started — attempt 1
2026-05-31 06:47:12 INFO  Acquiring Spark session on job cluster (Photon enabled, DBR 15.4 LTS)
2026-05-31 06:47:15 INFO  Reading inputs from Unity Catalog main.curated.* 
2026-05-31 06:58:32 INFO  Stage 1 running…
2026-05-31 07:09:52 ERROR UnityCatalog: PERMISSION_DENIED for service principal on a referenced table.
2026-05-31 07:09:53 ERROR   com.databricks.sql.managedcatalog.PermissionDeniedException: PERMISSION_DENIED: User 'sp-dataops-prod' does not have SELECT on Table 'main.curated.compute_features'
                       	at com.databricks.sql.managedcatalog.ManagedCatalogClientImpl.checkPrivilege(...)
2026-05-31 07:09:55 ERROR [ml_feature_store.compute_features] Task failed on attempt 1 (exit_code=1)",1,False,1
ml_feature_store,2026-05-31,compute_features,2026-05-31 07:12:30,2026-05-31 07:35:15,"2026-05-31 07:12:30 INFO  [ml_feature_store.compute_features] TaskInstance started — attempt 2
2026-05-31 07:12:32 INFO  Acquiring Spark session on job cluster (Photon enabled, DBR 15.4 LTS)
2026-05-31 07:12:35 INFO  Reading inputs from Unity Catalog main.curated.* 
2026-05-31 07:23:52 INFO  Stage 1 running…
2026-05-31 07:35:12 ERROR UnityCatalog: PERMISSION_DENIED for service principal on a referenced table.
2026-05-31 07:35:13 ERROR   com.databricks.sql.managedcatalog.PermissionDeniedException: PERMISSION_DENIED: User 'sp-dataops-prod' does not have SELECT on Table 'main.curated.compute_features'
                       	at com.databricks.sql.managedcatalog.ManagedCatalogClientImpl.checkPrivilege(...)
2026-05-31 07:35:15 ERROR [ml_feature_store.compute_features] Task failed on attempt 2 (exit_code=1)",2,False,1
ml_feature_store,2026-05-31,compute_features,2026-05-31 07:38:37,2026-05-31 08:01:22,"2026-05-31 07:38:37 INFO  [ml_feature_store.compute_features] TaskInstance started — attempt 3
2026-05-31 07:38:39 INFO  Acquiring Spark session on job cluster (Photon enabled, DBR 15.4 LTS)
2026-05-31 07:38:42 INFO  Reading inputs from Unity Catalog main.curated.* 
2026-05-31 07:49:59 INFO  Stage 1 running…
2026-05-31 08:01:19 ERROR UnityCatalog: PERMISSION_DENIED for service principal on a referenced table.
2026-05-31 08:01:20 ERROR   com.databricks.sql.managedcatalog.PermissionDeniedException: PERMISSION_DENIED: User 'sp-dataops-prod' does not have SELECT on Table 'main.curated.compute_features'
                       	at com.databricks.sql.managedcatalog.ManagedCatalogClientImpl.checkPrivilege(...)
2026-05-31 08:01:22 ERROR [ml_feature_store.compute_features] Task failed on attempt 3 (exit_code=1)",3,False,1
ml_feature_store,2026-05-31,compute_features,2026-05-31 08:04:50,2026-05-31 08:27:35,"2026-05-31 08:04:50 INFO  [ml_feature_store.compute_features] TaskInstance started — attempt 4
2026-05-31 08:04:52 INFO  Acquiring Spark session on job cluster (Photon enabled, DBR 15.4 LTS)
2026-05-31 08:04:55 INFO  Reading inputs from Unity Catalog main.curated.* 
2026-05-31 08:16:12 INFO  Stage 1 running…
2026-05-31 08:27:32 ERROR UnityCatalog: PERMISSION_DENIED for service principal on a referenced table.
2026-05-31 08:27:33 ERROR   com.databricks.sql.managedcatalog.PermissionDeniedException: PERMISSION_DENIED: User 'sp-dataops-prod' does not have SELECT on Table 'main.curated.compute_features'
                       	at com.databricks.sql.managedcatalog.ManagedCatalogClientImpl.checkPrivilege(...)
2026-05-31 08:27:35 ERROR [ml_feature_store.compute_features] Task failed on attempt 4 (exit_code=1)",4,False,1
data_quality_checks,2026-05-31,load_snapshots,2026-05-31 07:11:33,2026-05-31 07:29:36,"2026-05-31 07:11:33 INFO  [data_quality_checks.load_snapshots] TaskInstance started — attempt 1
2026-05-31 07:11:35 INFO  Acquiring Spark session on job cluster (Photon enabled, DBR 15.4 LTS)
2026-05-31 07:11:38 INFO  Reading inputs from Unity Catalog main.curated.* 
2026-05-31 07:20:34 INFO  Stage 1 complete — input rows processed
2026-05-31 07:29:34 INFO  Writing output Delta table (MERGE) 
2026-05-31 07:29:36 INFO  [data_quality_checks.load_snapshots] Task completed successfully in 1083s (exit_code=0)",1,False,0
data_quality_checks,2026-05-31,run_expectations,2026-05-31 07:29:48,2026-05-31 07:40:33,"2026-05-31 07:29:48 INFO  [data_quality_checks.run_expectations] TaskInstance started — attempt 1
2026-05-31 07:29:50 INFO  Acquiring Spark session on job cluster (Photon enabled, DBR 15.4 LTS)
2026-05-31 07:29:53 INFO  Reading inputs from Unity Catalog main.curated.* 
2026-05-31 07:35:10 INFO  Stage 1 complete — input rows processed
2026-05-31 07:40:31 INFO  Writing output Delta table (MERGE) 
2026-05-31 07:40:33 INFO  [data_quality_checks.run_expectations] Task completed successfully in 645s (exit_code=0)",1,False,0
data_quality_checks,2026-05-31,summarize_results,2026-05-31 07:40:50,2026-05-31 08:02:32,"2026-05-31 07:40:50 INFO  [data_quality_checks.summarize_results] TaskInstance started — attempt 1
2026-05-31 07:40:52 INFO  Acquiring Spark session on job cluster (Photon enabled, DBR 15.4 LTS)
2026-05-31 07:40:55 INFO  Reading inputs from Unity Catalog main.curated.* 
2026-05-31 07:51:41 INFO  Stage 1 complete — input rows processed
2026-05-31 08:02:30 INFO  Writing output Delta table (MERGE) 
2026-05-31 08:02:32 INFO  [data_quality_checks.summarize_results] Task completed successfully in 1302s (exit_code=0)",1,False,0
revenue_reporting,2026-05-31,aggregate_daily_revenue,2026-05-31 08:27:53,2026-05-31 08:34:07,"2026-05-31 08:27:53 INFO  [revenue_reporting.aggregate_daily_revenue] TaskInstance started — attempt 1
2026-05-31 08:27:55 INFO  Acquiring Spark session on job cluster (Photon enabled, DBR 15.4 LTS)
2026-05-31 08:27:58 INFO  Reading inputs from Unity Catalog main.curated.* 
2026-05-31 08:31:00 INFO  Stage 1 complete — input rows processed
2026-05-31 08:34:05 INFO  Writing output Delta table (MERGE) 
2026-05-31 08:34:07 INFO  [revenue_reporting.aggregate_daily_revenue] Task completed successfully in 374s (exit_code=0)",1,False,0
revenue_reporting,2026-05-31,currency_convert,2026-05-31 08:34:54,2026-05-31 08:46:29,"2026-05-31 08:34:54 INFO  [revenue_reporting.currency_convert] TaskInstance started — attempt 1
2026-05-31 08:34:56 INFO  Acquiring Spark session on job cluster (Photon enabled, DBR 15.4 LTS)
2026-05-31 08:34:59 INFO  Reading inputs from Unity Catalog main.curated.* 
2026-05-31 08:40:41 INFO  Stage 1 complete — input rows processed
2026-05-31 08:46:27 INFO  Writing output Delta table (MERGE) 
2026-05-31 08:46:29 INFO  [revenue_reporting.currency_convert] Task completed successfully in 695s (exit_code=0)",1,False,0
revenue_reporting,2026-05-31,build_dashboards_tbl,2026-05-31 08:46:48,2026-05-31 09:08:42,"2026-05-31 08:46:48 INFO  [revenue_reporting.build_dashboards_tbl] TaskInstance started — attempt 1
2026-05-31 08:46:50 INFO  Acquiring Spark session on job cluster (Photon enabled, DBR 15.4 LTS)
2026-05-31 08:46:53 INFO  Reading inputs from Unity Catalog main.curated.* 
2026-05-31 08:57:45 INFO  Stage 1 complete — input rows processed
2026-05-31 09:08:40 INFO  Writing output Delta table (MERGE) 
2026-05-31 09:08:42 INFO  [revenue_reporting.build_dashboards_tbl] Task completed successfully in 1314s (exit_code=0)",1,False,0
user_segmentation,2026-05-31,load_activity,2026-05-31 09:18:44,2026-05-31 09:24:14,"2026-05-31 09:18:44 INFO  [user_segmentation.load_activity] TaskInstance started — attempt 1
2026-05-31 09:18:46 INFO  Acquiring Spark session on job cluster (Photon enabled, DBR 15.4 LTS)
2026-05-31 09:18:49 INFO  Reading inputs from Unity Catalog main.curated.* 
2026-05-31 09:21:29 INFO  Stage 1 running…
2026-05-31 09:24:11 ERROR ShuffleBlockFetcherIterator: Failed to fetch shuffle block from a lost executor.
2026-05-31 09:24:12 ERROR   org.apache.spark.shuffle.FetchFailedException: Failed to connect to executor-7.cluster:35421
                       	at org.apache.spark.storage.ShuffleBlockFetcherIterator.throwFetchFailedException(...)
                       	at org.apache.spark.scheduler.ShuffleMapTask.runTask(ShuffleMapTask.scala:99)
2026-05-31 09:24:14 ERROR [user_segmentation.load_activity] Task failed on attempt 1 (exit_code=1)",1,False,1
user_segmentation,2026-05-31,load_activity,2026-05-31 09:28:38,2026-05-31 09:34:08,"2026-05-31 09:28:38 INFO  [user_segmentation.load_activity] TaskInstance started — attempt 2
2026-05-31 09:28:40 INFO  Acquiring Spark session on job cluster (Photon enabled, DBR 15.4 LTS)
2026-05-31 09:28:43 INFO  Reading inputs from Unity Catalog main.curated.* 
2026-05-31 09:31:23 INFO  Stage 1 running…
2026-05-31 09:34:05 ERROR ShuffleBlockFetcherIterator: Failed to fetch shuffle block from a lost executor.
2026-05-31 09:34:06 ERROR   org.apache.spark.shuffle.FetchFailedException: Failed to connect to executor-7.cluster:35421
                       	at org.apache.spark.storage.ShuffleBlockFetcherIterator.throwFetchFailedException(...)
                       	at org.apache.spark.scheduler.ShuffleMapTask.runTask(ShuffleMapTask.scala:99)
2026-05-31 09:34:08 ERROR [user_segmentation.load_activity] Task failed on attempt 2 (exit_code=1)",2,False,1
user_segmentation,2026-05-31,load_activity,2026-05-31 09:37:00,2026-05-31 09:42:30,"2026-05-31 09:37:00 INFO  [user_segmentation.load_activity] TaskInstance started — attempt 3
2026-05-31 09:37:02 INFO  Acquiring Spark session on job cluster (Photon enabled, DBR 15.4 LTS)
2026-05-31 09:37:05 INFO  Reading inputs from Unity Catalog main.curated.* 
2026-05-31 09:39:45 INFO  Stage 1 running…
2026-05-31 09:42:27 ERROR ShuffleBlockFetcherIterator: Failed to fetch shuffle block from a lost executor.
2026-05-31 09:42:28 ERROR   org.apache.spark.shuffle.FetchFailedException: Failed to connect to executor-7.cluster:35421
                       	at org.apache.spark.storage.ShuffleBlockFetcherIterator.throwFetchFailedException(...)
                       	at org.apache.spark.scheduler.ShuffleMapTask.runTask(ShuffleMapTask.scala:99)
2026-05-31 09:42:30 ERROR [user_segmentation.load_activity] Task failed on attempt 3 (exit_code=1)",3,False,1
daily_sales_etl,2026-06-01,extract_orders,2026-06-01 02:27:32,2026-06-01 02:34:26,"2026-06-01 02:27:32 INFO  [daily_sales_etl.extract_orders] TaskInstance started — attempt 1
2026-06-01 02:27:34 INFO  Acquiring Spark session on job cluster (Photon enabled, DBR 15.4 LTS)
2026-06-01 02:27:37 INFO  Reading inputs from Unity Catalog main.curated.* 
2026-06-01 02:30:59 INFO  Stage 1 complete — input rows processed
2026-06-01 02:34:24 INFO  Writing output Delta table (MERGE) 
2026-06-01 02:34:26 INFO  [daily_sales_etl.extract_orders] Task completed successfully in 414s (exit_code=0)",1,False,0
daily_sales_etl,2026-06-01,extract_returns,2026-06-01 02:35:17,2026-06-01 02:55:52,"2026-06-01 02:35:17 INFO  [daily_sales_etl.extract_returns] TaskInstance started — attempt 1
2026-06-01 02:35:19 INFO  Acquiring Spark session on job cluster (Photon enabled, DBR 15.4 LTS)
2026-06-01 02:35:22 INFO  Reading inputs from Unity Catalog main.curated.* 
2026-06-01 02:45:34 INFO  Stage 1 complete — input rows processed
2026-06-01 02:55:50 INFO  Writing output Delta table (MERGE) 
2026-06-01 02:55:52 INFO  [daily_sales_etl.extract_returns] Task completed successfully in 1235s (exit_code=0)",1,False,0
daily_sales_etl,2026-06-01,transform_sales,2026-06-01 02:56:50,2026-06-01 03:13:12,"2026-06-01 02:56:50 INFO  [daily_sales_etl.transform_sales] TaskInstance started — attempt 1
2026-06-01 02:56:52 INFO  Acquiring Spark session on job cluster (Photon enabled, DBR 15.4 LTS)
2026-06-01 02:56:55 INFO  Reading inputs from Unity Catalog main.curated.* 
2026-06-01 03:05:01 INFO  Stage 1 complete — input rows processed
2026-06-01 03:13:10 INFO  Writing output Delta table (MERGE) 
2026-06-01 03:13:12 INFO  [daily_sales_etl.transform_sales] Task completed successfully in 982s (exit_code=0)",1,False,0
daily_sales_etl,2026-06-01,dq_check_sales,2026-06-01 03:13:29,2026-06-01 03:35:42,"2026-06-01 03:13:29 INFO  [daily_sales_etl.dq_check_sales] TaskInstance started — attempt 1
2026-06-01 03:13:31 INFO  Acquiring Spark session on job cluster (Photon enabled, DBR 15.4 LTS)
2026-06-01 03:13:34 INFO  Reading inputs from Unity Catalog main.curated.* 
2026-06-01 03:24:35 INFO  Stage 1 complete — input rows processed
2026-06-01 03:35:40 INFO  Writing output Delta table (MERGE) 
2026-06-01 03:35:42 INFO  [daily_sales_etl.dq_check_sales] Task completed successfully in 1333s (exit_code=0)",1,False,0
daily_sales_etl,2026-06-01,load_fact_sales,2026-06-01 03:35:52,2026-06-01 03:43:32,"2026-06-01 03:35:52 INFO  [daily_sales_etl.load_fact_sales] TaskInstance started — attempt 1
2026-06-01 03:35:54 INFO  Acquiring Spark session on job cluster (Photon enabled, DBR 15.4 LTS)
2026-06-01 03:35:57 INFO  Reading inputs from Unity Catalog main.curated.* 
2026-06-01 03:39:42 INFO  Stage 1 complete — input rows processed
2026-06-01 03:43:30 INFO  Writing output Delta table (MERGE) 
2026-06-01 03:43:32 INFO  [daily_sales_etl.load_fact_sales] Task completed successfully in 460s (exit_code=0)",1,False,0
customer_360_pipeline,2026-06-01,ingest_crm,2026-06-01 01:01:25,2026-06-01 01:05:58,"2026-06-01 01:01:25 INFO  [customer_360_pipeline.ingest_crm] TaskInstance started — attempt 1
2026-06-01 01:01:27 INFO  Acquiring Spark session on job cluster (Photon enabled, DBR 15.4 LTS)
2026-06-01 01:01:30 INFO  Reading inputs from Unity Catalog main.curated.* 
2026-06-01 01:03:41 INFO  Stage 1 running…
2026-06-01 01:05:55 ERROR JDBCRDD: Connection timed out after 30000ms while reading from source DB.
2026-06-01 01:05:56 ERROR   java.sql.SQLTransientConnectionException: HikariPool-1 - Connection is not available, request timed out after 30000ms
                       	at com.zaxxer.hikari.pool.HikariPool.getConnection(HikariPool.java:213)
                       	at org.apache.spark.sql.execution.datasources.jdbc.JDBCRDD.compute(...)
2026-06-01 01:05:58 ERROR [customer_360_pipeline.ingest_crm] Task failed on attempt 1 (exit_code=1)",1,True,1
customer_360_pipeline,2026-06-01,ingest_crm,2026-06-01 01:07:28,2026-06-01 01:15:30,"2026-06-01 01:07:28 INFO  [customer_360_pipeline.ingest_crm] TaskInstance started — attempt 2
2026-06-01 01:07:30 INFO  Acquiring Spark session on job cluster (Photon enabled, DBR 15.4 LTS)
2026-06-01 01:07:33 INFO  Reading inputs from Unity Catalog main.curated.* 
2026-06-01 01:11:29 INFO  Stage 1 running…
2026-06-01 01:15:27 ERROR JDBCRDD: Connection timed out after 30000ms while reading from source DB.
2026-06-01 01:15:28 ERROR   java.sql.SQLTransientConnectionException: HikariPool-1 - Connection is not available, request timed out after 30000ms
                       	at com.zaxxer.hikari.pool.HikariPool.getConnection(HikariPool.java:213)
                       	at org.apache.spark.sql.execution.datasources.jdbc.JDBCRDD.compute(...)
2026-06-01 01:15:30 ERROR [customer_360_pipeline.ingest_crm] Task failed on attempt 2 (exit_code=1)",2,True,1
customer_360_pipeline,2026-06-01,ingest_crm,2026-06-01 01:17:04,2026-06-01 01:32:46,"2026-06-01 01:17:04 INFO  [customer_360_pipeline.ingest_crm] TaskInstance started — attempt 3
2026-06-01 01:17:06 INFO  Acquiring Spark session on job cluster (Photon enabled, DBR 15.4 LTS)
2026-06-01 01:17:09 INFO  Reading inputs from Unity Catalog main.curated.* 
2026-06-01 01:24:55 INFO  Stage 1 complete — input rows processed
2026-06-01 01:32:44 INFO  Writing output Delta table (MERGE) 
2026-06-01 01:32:46 INFO  [customer_360_pipeline.ingest_crm] Task completed successfully in 942s (exit_code=0)",3,True,0
customer_360_pipeline,2026-06-01,ingest_web_events,2026-06-01 01:33:18,2026-06-01 01:39:17,"2026-06-01 01:33:18 INFO  [customer_360_pipeline.ingest_web_events] TaskInstance started — attempt 1
2026-06-01 01:33:20 INFO  Acquiring Spark session on job cluster (Photon enabled, DBR 15.4 LTS)
2026-06-01 01:33:23 INFO  Reading inputs from Unity Catalog main.curated.* 
2026-06-01 01:36:17 INFO  Stage 1 complete — input rows processed
2026-06-01 01:39:15 INFO  Writing output Delta table (MERGE) 
2026-06-01 01:39:17 INFO  [customer_360_pipeline.ingest_web_events] Task completed successfully in 359s (exit_code=0)",1,False,0
customer_360_pipeline,2026-06-01,resolve_identity,2026-06-01 01:40:17,2026-06-01 01:50:09,"2026-06-01 01:40:17 INFO  [customer_360_pipeline.resolve_identity] TaskInstance started — attempt 1
2026-06-01 01:40:19 INFO  Acquiring Spark session on job cluster (Photon enabled, DBR 15.4 LTS)
2026-06-01 01:40:22 INFO  Reading inputs from Unity Catalog main.curated.* 
2026-06-01 01:45:13 INFO  Stage 1 complete — input rows processed
2026-06-01 01:50:07 INFO  Writing output Delta table (MERGE) 
2026-06-01 01:50:09 INFO  [customer_360_pipeline.resolve_identity] Task completed successfully in 592s (exit_code=0)",1,False,0
customer_360_pipeline,2026-06-01,build_profiles,2026-06-01 01:51:00,2026-06-01 02:06:06,"2026-06-01 01:51:00 INFO  [customer_360_pipeline.build_profiles] TaskInstance started — attempt 1
2026-06-01 01:51:02 INFO  Acquiring Spark session on job cluster (Photon enabled, DBR 15.4 LTS)
2026-06-01 01:51:05 INFO  Reading inputs from Unity Catalog main.curated.* 
2026-06-01 01:58:33 INFO  Stage 1 complete — input rows processed
2026-06-01 02:06:04 INFO  Writing output Delta table (MERGE) 
2026-06-01 02:06:06 INFO  [customer_360_pipeline.build_profiles] Task completed successfully in 906s (exit_code=0)",1,False,0
customer_360_pipeline,2026-06-01,publish_features,2026-06-01 02:06:58,2026-06-01 02:21:37,"2026-06-01 02:06:58 INFO  [customer_360_pipeline.publish_features] TaskInstance started — attempt 1
2026-06-01 02:07:00 INFO  Acquiring Spark session on job cluster (Photon enabled, DBR 15.4 LTS)
2026-06-01 02:07:03 INFO  Reading inputs from Unity Catalog main.curated.* 
2026-06-01 02:14:17 INFO  Stage 1 complete — input rows processed
2026-06-01 02:21:35 INFO  Writing output Delta table (MERGE) 
2026-06-01 02:21:37 INFO  [customer_360_pipeline.publish_features] Task completed successfully in 879s (exit_code=0)",1,False,0
inventory_sync,2026-06-01,pull_warehouse_api,2026-06-01 03:21:00,2026-06-01 03:28:11,"2026-06-01 03:21:00 INFO  [inventory_sync.pull_warehouse_api] TaskInstance started — attempt 1
2026-06-01 03:21:02 INFO  Acquiring Spark session on job cluster (Photon enabled, DBR 15.4 LTS)
2026-06-01 03:21:05 INFO  Reading inputs from Unity Catalog main.curated.* 
2026-06-01 03:24:35 INFO  Stage 1 complete — input rows processed
2026-06-01 03:28:09 INFO  Writing output Delta table (MERGE) 
2026-06-01 03:28:11 INFO  [inventory_sync.pull_warehouse_api] Task completed successfully in 431s (exit_code=0)",1,False,0
inventory_sync,2026-06-01,normalize_sku,2026-06-01 03:28:48,2026-06-01 03:49:42,"2026-06-01 03:28:48 INFO  [inventory_sync.normalize_sku] TaskInstance started — attempt 1
2026-06-01 03:28:50 INFO  Acquiring Spark session on job cluster (Photon enabled, DBR 15.4 LTS)
2026-06-01 03:28:53 INFO  Reading inputs from Unity Catalog main.curated.* 
2026-06-01 03:39:15 INFO  Stage 1 complete — input rows processed
2026-06-01 03:49:40 INFO  Writing output Delta table (MERGE) 
2026-06-01 03:49:42 INFO  [inventory_sync.normalize_sku] Task completed successfully in 1254s (exit_code=0)",1,False,0
inventory_sync,2026-06-01,reconcile_stock,2026-06-01 03:50:33,2026-06-01 03:55:35,"2026-06-01 03:50:33 INFO  [inventory_sync.reconcile_stock] TaskInstance started — attempt 1
2026-06-01 03:50:35 INFO  Acquiring Spark session on job cluster (Photon enabled, DBR 15.4 LTS)
2026-06-01 03:50:38 INFO  Reading inputs from Unity Catalog main.curated.* 
2026-06-01 03:53:04 INFO  Stage 1 running…
2026-06-01 03:55:32 ERROR ShuffleBlockFetcherIterator: Failed to fetch shuffle block from a lost executor.
2026-06-01 03:55:33 ERROR   org.apache.spark.shuffle.FetchFailedException: Failed to connect to executor-7.cluster:35421
                       	at org.apache.spark.storage.ShuffleBlockFetcherIterator.throwFetchFailedException(...)
                       	at org.apache.spark.scheduler.ShuffleMapTask.runTask(ShuffleMapTask.scala:99)
2026-06-01 03:55:35 ERROR [inventory_sync.reconcile_stock] Task failed on attempt 1 (exit_code=1)",1,True,1
inventory_sync,2026-06-01,reconcile_stock,2026-06-01 03:58:55,2026-06-01 04:18:36,"2026-06-01 03:58:55 INFO  [inventory_sync.reconcile_stock] TaskInstance started — attempt 2
2026-06-01 03:58:57 INFO  Acquiring Spark session on job cluster (Photon enabled, DBR 15.4 LTS)
2026-06-01 03:59:00 INFO  Reading inputs from Unity Catalog main.curated.* 
2026-06-01 04:08:45 INFO  Stage 1 complete — input rows processed
2026-06-01 04:18:34 INFO  Writing output Delta table (MERGE) 
2026-06-01 04:18:36 INFO  [inventory_sync.reconcile_stock] Task completed successfully in 1181s (exit_code=0)",2,True,0
inventory_sync,2026-06-01,write_delta,2026-06-01 04:19:01,2026-06-01 04:42:36,"2026-06-01 04:19:01 INFO  [inventory_sync.write_delta] TaskInstance started — attempt 1
2026-06-01 04:19:03 INFO  Acquiring Spark session on job cluster (Photon enabled, DBR 15.4 LTS)
2026-06-01 04:19:06 INFO  Reading inputs from Unity Catalog main.curated.* 
2026-06-01 04:30:48 INFO  Stage 1 complete — input rows processed
2026-06-01 04:42:34 INFO  Writing output Delta table (MERGE) 
2026-06-01 04:42:36 INFO  [inventory_sync.write_delta] Task completed successfully in 1415s (exit_code=0)",1,False,0
marketing_attribution,2026-06-01,load_ad_spend,2026-06-01 04:07:16,2026-06-01 04:16:01,"2026-06-01 04:07:16 INFO  [marketing_attribution.load_ad_spend] TaskInstance started — attempt 1
2026-06-01 04:07:18 INFO  Acquiring Spark session on job cluster (Photon enabled, DBR 15.4 LTS)
2026-06-01 04:07:21 INFO  Reading inputs from Unity Catalog main.curated.* 
2026-06-01 04:11:38 INFO  Stage 1 running…
2026-06-01 04:15:58 ERROR TaskRunner: Task exceeded execution_timeout (3600s) and was terminated.
2026-06-01 04:15:59 ERROR   java.util.concurrent.TimeoutException: Task exceeded the configured execution_timeout of 3600s
                       	at org.apache.airflow.executors.TaskRunner.enforceTimeout(...)
2026-06-01 04:16:01 ERROR [marketing_attribution.load_ad_spend] Task failed on attempt 1 (exit_code=1)",1,True,1
marketing_attribution,2026-06-01,load_ad_spend,2026-06-01 04:17:06,2026-06-01 04:35:20,"2026-06-01 04:17:06 INFO  [marketing_attribution.load_ad_spend] TaskInstance started — attempt 2
2026-06-01 04:17:08 INFO  Acquiring Spark session on job cluster (Photon enabled, DBR 15.4 LTS)
2026-06-01 04:17:11 INFO  Reading inputs from Unity Catalog main.curated.* 
2026-06-01 04:26:13 INFO  Stage 1 complete — input rows processed
2026-06-01 04:35:18 INFO  Writing output Delta table (MERGE) 
2026-06-01 04:35:20 INFO  [marketing_attribution.load_ad_spend] Task completed successfully in 1094s (exit_code=0)",2,True,0
marketing_attribution,2026-06-01,load_conversions,2026-06-01 04:35:56,2026-06-01 04:42:42,"2026-06-01 04:35:56 INFO  [marketing_attribution.load_conversions] TaskInstance started — attempt 1
2026-06-01 04:35:58 INFO  Acquiring Spark session on job cluster (Photon enabled, DBR 15.4 LTS)
2026-06-01 04:36:01 INFO  Reading inputs from Unity Catalog main.curated.* 
2026-06-01 04:39:19 INFO  Stage 1 complete — input rows processed
2026-06-01 04:42:40 INFO  Writing output Delta table (MERGE) 
2026-06-01 04:42:42 INFO  [marketing_attribution.load_conversions] Task completed successfully in 406s (exit_code=0)",1,False,0
marketing_attribution,2026-06-01,join_touchpoints,2026-06-01 04:43:03,2026-06-01 04:52:22,"2026-06-01 04:43:03 INFO  [marketing_attribution.join_touchpoints] TaskInstance started — attempt 1
2026-06-01 04:43:05 INFO  Acquiring Spark session on job cluster (Photon enabled, DBR 15.4 LTS)
2026-06-01 04:43:08 INFO  Reading inputs from Unity Catalog main.curated.* 
2026-06-01 04:47:42 INFO  Stage 1 complete — input rows processed
2026-06-01 04:52:20 INFO  Writing output Delta table (MERGE) 
2026-06-01 04:52:22 INFO  [marketing_attribution.join_touchpoints] Task completed successfully in 559s (exit_code=0)",1,False,0
marketing_attribution,2026-06-01,attribute_revenue,2026-06-01 04:52:45,2026-06-01 05:08:44,"2026-06-01 04:52:45 INFO  [marketing_attribution.attribute_revenue] TaskInstance started — attempt 1
2026-06-01 04:52:47 INFO  Acquiring Spark session on job cluster (Photon enabled, DBR 15.4 LTS)
2026-06-01 04:52:50 INFO  Reading inputs from Unity Catalog main.curated.* 
2026-06-01 05:00:44 INFO  Stage 1 complete — input rows processed
2026-06-01 05:08:42 INFO  Writing output Delta table (MERGE) 
2026-06-01 05:08:44 INFO  [marketing_attribution.attribute_revenue] Task completed successfully in 959s (exit_code=0)",1,False,0
finance_reconciliation,2026-06-01,extract_ledger,2026-06-01 05:28:16,2026-06-01 05:40:26,"2026-06-01 05:28:16 INFO  [finance_reconciliation.extract_ledger] TaskInstance started — attempt 1
2026-06-01 05:28:18 INFO  Acquiring Spark session on job cluster (Photon enabled, DBR 15.4 LTS)
2026-06-01 05:28:21 INFO  Reading inputs from Unity Catalog main.curated.* 
2026-06-01 05:34:21 INFO  Stage 1 complete — input rows processed
2026-06-01 05:40:24 INFO  Writing output Delta table (MERGE) 
2026-06-01 05:40:26 INFO  [finance_reconciliation.extract_ledger] Task completed successfully in 730s (exit_code=0)",1,False,0
finance_reconciliation,2026-06-01,extract_payments,2026-06-01 05:40:31,2026-06-01 05:44:21,"2026-06-01 05:40:31 INFO  [finance_reconciliation.extract_payments] TaskInstance started — attempt 1
2026-06-01 05:40:33 INFO  Acquiring Spark session on job cluster (Photon enabled, DBR 15.4 LTS)
2026-06-01 05:40:36 INFO  Reading inputs from Unity Catalog main.curated.* 
2026-06-01 05:42:26 INFO  Stage 1 complete — input rows processed
2026-06-01 05:44:19 INFO  Writing output Delta table (MERGE) 
2026-06-01 05:44:21 INFO  [finance_reconciliation.extract_payments] Task completed successfully in 230s (exit_code=0)",1,False,0
finance_reconciliation,2026-06-01,reconcile,2026-06-01 05:44:35,2026-06-01 06:04:12,"2026-06-01 05:44:35 INFO  [finance_reconciliation.reconcile] TaskInstance started — attempt 1
2026-06-01 05:44:37 INFO  Acquiring Spark session on job cluster (Photon enabled, DBR 15.4 LTS)
2026-06-01 05:44:40 INFO  Reading inputs from Unity Catalog main.curated.* 
2026-06-01 05:54:23 INFO  Stage 1 complete — input rows processed
2026-06-01 06:04:10 INFO  Writing output Delta table (MERGE) 
2026-06-01 06:04:12 INFO  [finance_reconciliation.reconcile] Task completed successfully in 1177s (exit_code=0)",1,False,0
finance_reconciliation,2026-06-01,gl_validation,2026-06-01 06:05:12,2026-06-01 06:09:16,"2026-06-01 06:05:12 INFO  [finance_reconciliation.gl_validation] TaskInstance started — attempt 1
2026-06-01 06:05:14 INFO  Acquiring Spark session on job cluster (Photon enabled, DBR 15.4 LTS)
2026-06-01 06:05:17 INFO  Reading inputs from Unity Catalog main.curated.* 
2026-06-01 06:07:14 INFO  Stage 1 complete — input rows processed
2026-06-01 06:09:14 INFO  Writing output Delta table (MERGE) 
2026-06-01 06:09:16 INFO  [finance_reconciliation.gl_validation] Task completed successfully in 244s (exit_code=0)",1,False,0
finance_reconciliation,2026-06-01,export_report,2026-06-01 06:09:23,2026-06-01 06:14:55,"2026-06-01 06:09:23 INFO  [finance_reconciliation.export_report] TaskInstance started — attempt 1
2026-06-01 06:09:25 INFO  Acquiring Spark session on job cluster (Photon enabled, DBR 15.4 LTS)
2026-06-01 06:09:28 INFO  Reading inputs from Unity Catalog main.curated.* 
2026-06-01 06:12:09 INFO  Stage 1 complete — input rows processed
2026-06-01 06:14:53 INFO  Writing output Delta table (MERGE) 
2026-06-01 06:14:55 INFO  [finance_reconciliation.export_report] Task completed successfully in 332s (exit_code=0)",1,False,0
clickstream_ingest,2026-06-01,read_kafka_offsets,2026-06-01 00:20:43,2026-06-01 00:39:57,"2026-06-01 00:20:43 INFO  [clickstream_ingest.read_kafka_offsets] TaskInstance started — attempt 1
2026-06-01 00:20:45 INFO  Acquiring Spark session on job cluster (Photon enabled, DBR 15.4 LTS)
2026-06-01 00:20:48 INFO  Reading inputs from Unity Catalog main.curated.* 
2026-06-01 00:30:20 INFO  Stage 1 complete — input rows processed
2026-06-01 00:39:55 INFO  Writing output Delta table (MERGE) 
2026-06-01 00:39:57 INFO  [clickstream_ingest.read_kafka_offsets] Task completed successfully in 1154s (exit_code=0)",1,False,0
clickstream_ingest,2026-06-01,parse_events,2026-06-01 00:40:46,2026-06-01 00:59:04,"2026-06-01 00:40:46 INFO  [clickstream_ingest.parse_events] TaskInstance started — attempt 1
2026-06-01 00:40:48 INFO  Acquiring Spark session on job cluster (Photon enabled, DBR 15.4 LTS)
2026-06-01 00:40:51 INFO  Reading inputs from Unity Catalog main.curated.* 
2026-06-01 00:49:55 INFO  Stage 1 complete — input rows processed
2026-06-01 00:59:02 INFO  Writing output Delta table (MERGE) 
2026-06-01 00:59:04 INFO  [clickstream_ingest.parse_events] Task completed successfully in 1098s (exit_code=0)",1,False,0
clickstream_ingest,2026-06-01,sessionize,2026-06-01 01:00:04,2026-06-01 01:23:55,"2026-06-01 01:00:04 INFO  [clickstream_ingest.sessionize] TaskInstance started — attempt 1
2026-06-01 01:00:06 INFO  Acquiring Spark session on job cluster (Photon enabled, DBR 15.4 LTS)
2026-06-01 01:00:09 INFO  Reading inputs from Unity Catalog main.curated.* 
2026-06-01 01:11:59 INFO  Stage 1 complete — input rows processed
2026-06-01 01:23:53 INFO  Writing output Delta table (MERGE) 
2026-06-01 01:23:55 INFO  [clickstream_ingest.sessionize] Task completed successfully in 1431s (exit_code=0)",1,False,0
clickstream_ingest,2026-06-01,write_bronze,2026-06-01 01:24:23,2026-06-01 01:38:37,"2026-06-01 01:24:23 INFO  [clickstream_ingest.write_bronze] TaskInstance started — attempt 1
2026-06-01 01:24:25 INFO  Acquiring Spark session on job cluster (Photon enabled, DBR 15.4 LTS)
2026-06-01 01:24:28 INFO  Reading inputs from Unity Catalog main.curated.* 
2026-06-01 01:31:30 INFO  Stage 1 complete — input rows processed
2026-06-01 01:38:35 INFO  Writing output Delta table (MERGE) 
2026-06-01 01:38:37 INFO  [clickstream_ingest.write_bronze] Task completed successfully in 854s (exit_code=0)",1,False,0
clickstream_ingest,2026-06-01,write_silver,2026-06-01 01:39:01,2026-06-01 01:46:29,"2026-06-01 01:39:01 INFO  [clickstream_ingest.write_silver] TaskInstance started — attempt 1
2026-06-01 01:39:03 INFO  Acquiring Spark session on job cluster (Photon enabled, DBR 15.4 LTS)
2026-06-01 01:39:06 INFO  Reading inputs from Unity Catalog main.curated.* 
2026-06-01 01:42:45 INFO  Stage 1 complete — input rows processed
2026-06-01 01:46:27 INFO  Writing output Delta table (MERGE) 
2026-06-01 01:46:29 INFO  [clickstream_ingest.write_silver] Task completed successfully in 448s (exit_code=0)",1,False,0
ml_feature_store,2026-06-01,fetch_training_data,2026-06-01 06:06:10,2026-06-01 06:25:07,"2026-06-01 06:06:10 INFO  [ml_feature_store.fetch_training_data] TaskInstance started — attempt 1
2026-06-01 06:06:12 INFO  Acquiring Spark session on job cluster (Photon enabled, DBR 15.4 LTS)
2026-06-01 06:06:15 INFO  Reading inputs from Unity Catalog main.curated.* 
2026-06-01 06:15:38 INFO  Stage 1 complete — input rows processed
2026-06-01 06:25:05 INFO  Writing output Delta table (MERGE) 
2026-06-01 06:25:07 INFO  [ml_feature_store.fetch_training_data] Task completed successfully in 1137s (exit_code=0)",1,False,0
ml_feature_store,2026-06-01,compute_features,2026-06-01 06:25:41,2026-06-01 06:41:55,"2026-06-01 06:25:41 INFO  [ml_feature_store.compute_features] TaskInstance started — attempt 1
2026-06-01 06:25:43 INFO  Acquiring Spark session on job cluster (Photon enabled, DBR 15.4 LTS)
2026-06-01 06:25:46 INFO  Reading inputs from Unity Catalog main.curated.* 
2026-06-01 06:33:48 INFO  Stage 1 complete — input rows processed
2026-06-01 06:41:53 INFO  Writing output Delta table (MERGE) 
2026-06-01 06:41:55 INFO  [ml_feature_store.compute_features] Task completed successfully in 974s (exit_code=0)",1,False,0
ml_feature_store,2026-06-01,validate_features,2026-06-01 06:42:20,2026-06-01 06:45:32,"2026-06-01 06:42:20 INFO  [ml_feature_store.validate_features] TaskInstance started — attempt 1
2026-06-01 06:42:22 INFO  Acquiring Spark session on job cluster (Photon enabled, DBR 15.4 LTS)
2026-06-01 06:42:25 INFO  Reading inputs from Unity Catalog main.curated.* 
2026-06-01 06:43:56 INFO  Stage 1 complete — input rows processed
2026-06-01 06:45:30 INFO  Writing output Delta table (MERGE) 
2026-06-01 06:45:32 INFO  [ml_feature_store.validate_features] Task completed successfully in 192s (exit_code=0)",1,False,0
ml_feature_store,2026-06-01,materialize_online,2026-06-01 06:46:07,2026-06-01 07:00:30,"2026-06-01 06:46:07 INFO  [ml_feature_store.materialize_online] TaskInstance started — attempt 1
2026-06-01 06:46:09 INFO  Acquiring Spark session on job cluster (Photon enabled, DBR 15.4 LTS)
2026-06-01 06:46:12 INFO  Reading inputs from Unity Catalog main.curated.* 
2026-06-01 06:53:18 INFO  Stage 1 complete — input rows processed
2026-06-01 07:00:28 INFO  Writing output Delta table (MERGE) 
2026-06-01 07:00:30 INFO  [ml_feature_store.materialize_online] Task completed successfully in 863s (exit_code=0)",1,False,0
data_quality_checks,2026-06-01,load_snapshots,2026-06-01 07:14:56,2026-06-01 07:19:28,"2026-06-01 07:14:56 INFO  [data_quality_checks.load_snapshots] TaskInstance started — attempt 1
2026-06-01 07:14:58 INFO  Acquiring Spark session on job cluster (Photon enabled, DBR 15.4 LTS)
2026-06-01 07:15:01 INFO  Reading inputs from Unity Catalog main.curated.* 
2026-06-01 07:17:12 INFO  Stage 1 complete — input rows processed
2026-06-01 07:19:26 INFO  Writing output Delta table (MERGE) 
2026-06-01 07:19:28 INFO  [data_quality_checks.load_snapshots] Task completed successfully in 272s (exit_code=0)",1,False,0
data_quality_checks,2026-06-01,run_expectations,2026-06-01 07:20:19,2026-06-01 07:28:13,"2026-06-01 07:20:19 INFO  [data_quality_checks.run_expectations] TaskInstance started — attempt 1
2026-06-01 07:20:21 INFO  Acquiring Spark session on job cluster (Photon enabled, DBR 15.4 LTS)
2026-06-01 07:20:24 INFO  Reading inputs from Unity Catalog main.curated.* 
2026-06-01 07:24:16 INFO  Stage 1 complete — input rows processed
2026-06-01 07:28:11 INFO  Writing output Delta table (MERGE) 
2026-06-01 07:28:13 INFO  [data_quality_checks.run_expectations] Task completed successfully in 474s (exit_code=0)",1,False,0
data_quality_checks,2026-06-01,summarize_results,2026-06-01 07:28:35,2026-06-01 07:33:45,"2026-06-01 07:28:35 INFO  [data_quality_checks.summarize_results] TaskInstance started — attempt 1
2026-06-01 07:28:37 INFO  Acquiring Spark session on job cluster (Photon enabled, DBR 15.4 LTS)
2026-06-01 07:28:40 INFO  Reading inputs from Unity Catalog main.curated.* 
2026-06-01 07:31:10 INFO  Stage 1 complete — input rows processed
2026-06-01 07:33:43 INFO  Writing output Delta table (MERGE) 
2026-06-01 07:33:45 INFO  [data_quality_checks.summarize_results] Task completed successfully in 310s (exit_code=0)",1,False,0
revenue_reporting,2026-06-01,aggregate_daily_revenue,2026-06-01 08:11:36,2026-06-01 08:34:32,"2026-06-01 08:11:36 INFO  [revenue_reporting.aggregate_daily_revenue] TaskInstance started — attempt 1
2026-06-01 08:11:38 INFO  Acquiring Spark session on job cluster (Photon enabled, DBR 15.4 LTS)
2026-06-01 08:11:41 INFO  Reading inputs from Unity Catalog main.curated.* 
2026-06-01 08:23:04 INFO  Stage 1 complete — input rows processed
2026-06-01 08:34:30 INFO  Writing output Delta table (MERGE) 
2026-06-01 08:34:32 INFO  [revenue_reporting.aggregate_daily_revenue] Task completed successfully in 1376s (exit_code=0)",1,False,0
revenue_reporting,2026-06-01,currency_convert,2026-06-01 08:35:21,2026-06-01 08:39:30,"2026-06-01 08:35:21 INFO  [revenue_reporting.currency_convert] TaskInstance started — attempt 1
2026-06-01 08:35:23 INFO  Acquiring Spark session on job cluster (Photon enabled, DBR 15.4 LTS)
2026-06-01 08:35:26 INFO  Reading inputs from Unity Catalog main.curated.* 
2026-06-01 08:37:25 INFO  Stage 1 complete — input rows processed
2026-06-01 08:39:28 INFO  Writing output Delta table (MERGE) 
2026-06-01 08:39:30 INFO  [revenue_reporting.currency_convert] Task completed successfully in 249s (exit_code=0)",1,False,0
revenue_reporting,2026-06-01,build_dashboards_tbl,2026-06-01 08:40:24,2026-06-01 08:46:39,"2026-06-01 08:40:24 INFO  [revenue_reporting.build_dashboards_tbl] TaskInstance started — attempt 1
2026-06-01 08:40:26 INFO  Acquiring Spark session on job cluster (Photon enabled, DBR 15.4 LTS)
2026-06-01 08:40:29 INFO  Reading inputs from Unity Catalog main.curated.* 
2026-06-01 08:43:31 INFO  Stage 1 complete — input rows processed
2026-06-01 08:46:37 INFO  Writing output Delta table (MERGE) 
2026-06-01 08:46:39 INFO  [revenue_reporting.build_dashboards_tbl] Task completed successfully in 375s (exit_code=0)",1,False,0
user_segmentation,2026-06-01,load_activity,2026-06-01 09:13:40,2026-06-01 09:20:02,"2026-06-01 09:13:40 INFO  [user_segmentation.load_activity] TaskInstance started — attempt 1
2026-06-01 09:13:42 INFO  Acquiring Spark session on job cluster (Photon enabled, DBR 15.4 LTS)
2026-06-01 09:13:45 INFO  Reading inputs from Unity Catalog main.curated.* 
2026-06-01 09:16:51 INFO  Stage 1 complete — input rows processed
2026-06-01 09:20:00 INFO  Writing output Delta table (MERGE) 
2026-06-01 09:20:02 INFO  [user_segmentation.load_activity] Task completed successfully in 382s (exit_code=0)",1,False,0
user_segmentation,2026-06-01,compute_rfm,2026-06-01 09:20:25,2026-06-01 09:31:32,"2026-06-01 09:20:25 INFO  [user_segmentation.compute_rfm] TaskInstance started — attempt 1
2026-06-01 09:20:27 INFO  Acquiring Spark session on job cluster (Photon enabled, DBR 15.4 LTS)
2026-06-01 09:20:30 INFO  Reading inputs from Unity Catalog main.curated.* 
2026-06-01 09:25:58 INFO  Stage 1 complete — input rows processed
2026-06-01 09:31:30 INFO  Writing output Delta table (MERGE) 
2026-06-01 09:31:32 INFO  [user_segmentation.compute_rfm] Task completed successfully in 667s (exit_code=0)",1,False,0
user_segmentation,2026-06-01,assign_segments,2026-06-01 09:31:46,2026-06-01 09:37:13,"2026-06-01 09:31:46 INFO  [user_segmentation.assign_segments] TaskInstance started — attempt 1
2026-06-01 09:31:48 INFO  Acquiring Spark session on job cluster (Photon enabled, DBR 15.4 LTS)
2026-06-01 09:31:51 INFO  Reading inputs from Unity Catalog main.curated.* 
2026-06-01 09:34:29 INFO  Stage 1 complete — input rows processed
2026-06-01 09:37:11 INFO  Writing output Delta table (MERGE) 
2026-06-01 09:37:13 INFO  [user_segmentation.assign_segments] Task completed successfully in 327s (exit_code=0)",1,False,0
user_segmentation,2026-06-01,push_to_crm,2026-06-01 09:38:06,2026-06-01 09:52:45,"2026-06-01 09:38:06 INFO  [user_segmentation.push_to_crm] TaskInstance started — attempt 1
2026-06-01 09:38:08 INFO  Acquiring Spark session on job cluster (Photon enabled, DBR 15.4 LTS)
2026-06-01 09:38:11 INFO  Reading inputs from Unity Catalog main.curated.* 
2026-06-01 09:45:25 INFO  Stage 1 complete — input rows processed
2026-06-01 09:52:43 INFO  Writing output Delta table (MERGE) 
2026-06-01 09:52:45 INFO  [user_segmentation.push_to_crm] Task completed successfully in 879s (exit_code=0)",1,False,0
daily_sales_etl,2026-06-02,extract_orders,2026-06-02 02:27:40,2026-06-02 02:49:27,"2026-06-02 02:27:40 INFO  [daily_sales_etl.extract_orders] TaskInstance started — attempt 1
2026-06-02 02:27:42 INFO  Acquiring Spark session on job cluster (Photon enabled, DBR 15.4 LTS)
2026-06-02 02:27:45 INFO  Reading inputs from Unity Catalog main.curated.* 
2026-06-02 02:38:33 INFO  Stage 1 complete — input rows processed
2026-06-02 02:49:25 INFO  Writing output Delta table (MERGE) 
2026-06-02 02:49:27 INFO  [daily_sales_etl.extract_orders] Task completed successfully in 1307s (exit_code=0)",1,False,0
daily_sales_etl,2026-06-02,extract_returns,2026-06-02 02:49:53,2026-06-02 02:54:56,"2026-06-02 02:49:53 INFO  [daily_sales_etl.extract_returns] TaskInstance started — attempt 1
2026-06-02 02:49:55 INFO  Acquiring Spark session on job cluster (Photon enabled, DBR 15.4 LTS)
2026-06-02 02:49:58 INFO  Reading inputs from Unity Catalog main.curated.* 
2026-06-02 02:52:24 INFO  Stage 1 complete — input rows processed
2026-06-02 02:54:54 INFO  Writing output Delta table (MERGE) 
2026-06-02 02:54:56 INFO  [daily_sales_etl.extract_returns] Task completed successfully in 303s (exit_code=0)",1,False,0
daily_sales_etl,2026-06-02,transform_sales,2026-06-02 02:55:43,2026-06-02 03:09:44,"2026-06-02 02:55:43 INFO  [daily_sales_etl.transform_sales] TaskInstance started — attempt 1
2026-06-02 02:55:45 INFO  Acquiring Spark session on job cluster (Photon enabled, DBR 15.4 LTS)
2026-06-02 02:55:48 INFO  Reading inputs from Unity Catalog main.curated.* 
2026-06-02 03:02:43 INFO  Stage 1 complete — input rows processed
2026-06-02 03:09:42 INFO  Writing output Delta table (MERGE) 
2026-06-02 03:09:44 INFO  [daily_sales_etl.transform_sales] Task completed successfully in 841s (exit_code=0)",1,False,0
daily_sales_etl,2026-06-02,dq_check_sales,2026-06-02 03:10:39,2026-06-02 03:30:05,"2026-06-02 03:10:39 INFO  [daily_sales_etl.dq_check_sales] TaskInstance started — attempt 1
2026-06-02 03:10:41 INFO  Acquiring Spark session on job cluster (Photon enabled, DBR 15.4 LTS)
2026-06-02 03:10:44 INFO  Reading inputs from Unity Catalog main.curated.* 
2026-06-02 03:20:22 INFO  Stage 1 complete — input rows processed
2026-06-02 03:30:03 INFO  Writing output Delta table (MERGE) 
2026-06-02 03:30:05 INFO  [daily_sales_etl.dq_check_sales] Task completed successfully in 1166s (exit_code=0)",1,False,0
daily_sales_etl,2026-06-02,load_fact_sales,2026-06-02 03:30:25,2026-06-02 03:41:25,"2026-06-02 03:30:25 INFO  [daily_sales_etl.load_fact_sales] TaskInstance started — attempt 1
2026-06-02 03:30:27 INFO  Acquiring Spark session on job cluster (Photon enabled, DBR 15.4 LTS)
2026-06-02 03:30:30 INFO  Reading inputs from Unity Catalog main.curated.* 
2026-06-02 03:35:55 INFO  Stage 1 complete — input rows processed
2026-06-02 03:41:23 INFO  Writing output Delta table (MERGE) 
2026-06-02 03:41:25 INFO  [daily_sales_etl.load_fact_sales] Task completed successfully in 660s (exit_code=0)",1,False,0
customer_360_pipeline,2026-06-02,ingest_crm,2026-06-02 01:04:13,2026-06-02 01:22:25,"2026-06-02 01:04:13 INFO  [customer_360_pipeline.ingest_crm] TaskInstance started — attempt 1
2026-06-02 01:04:15 INFO  Acquiring Spark session on job cluster (Photon enabled, DBR 15.4 LTS)
2026-06-02 01:04:18 INFO  Reading inputs from Unity Catalog main.curated.* 
2026-06-02 01:13:19 INFO  Stage 1 complete — input rows processed
2026-06-02 01:22:23 INFO  Writing output Delta table (MERGE) 
2026-06-02 01:22:25 INFO  [customer_360_pipeline.ingest_crm] Task completed successfully in 1092s (exit_code=0)",1,False,0
customer_360_pipeline,2026-06-02,ingest_web_events,2026-06-02 01:23:19,2026-06-02 01:36:38,"2026-06-02 01:23:19 INFO  [customer_360_pipeline.ingest_web_events] TaskInstance started — attempt 1
2026-06-02 01:23:21 INFO  Acquiring Spark session on job cluster (Photon enabled, DBR 15.4 LTS)
2026-06-02 01:23:24 INFO  Reading inputs from Unity Catalog main.curated.* 
2026-06-02 01:29:58 INFO  Stage 1 complete — input rows processed
2026-06-02 01:36:36 INFO  Writing output Delta table (MERGE) 
2026-06-02 01:36:38 INFO  [customer_360_pipeline.ingest_web_events] Task completed successfully in 799s (exit_code=0)",1,False,0
customer_360_pipeline,2026-06-02,resolve_identity,2026-06-02 01:37:20,2026-06-02 01:42:35,"2026-06-02 01:37:20 INFO  [customer_360_pipeline.resolve_identity] TaskInstance started — attempt 1
2026-06-02 01:37:22 INFO  Acquiring Spark session on job cluster (Photon enabled, DBR 15.4 LTS)
2026-06-02 01:37:25 INFO  Reading inputs from Unity Catalog main.curated.* 
2026-06-02 01:39:57 INFO  Stage 1 complete — input rows processed
2026-06-02 01:42:33 INFO  Writing output Delta table (MERGE) 
2026-06-02 01:42:35 INFO  [customer_360_pipeline.resolve_identity] Task completed successfully in 315s (exit_code=0)",1,False,0
customer_360_pipeline,2026-06-02,build_profiles,2026-06-02 01:43:26,2026-06-02 01:56:57,"2026-06-02 01:43:26 INFO  [customer_360_pipeline.build_profiles] TaskInstance started — attempt 1
2026-06-02 01:43:28 INFO  Acquiring Spark session on job cluster (Photon enabled, DBR 15.4 LTS)
2026-06-02 01:43:31 INFO  Reading inputs from Unity Catalog main.curated.* 
2026-06-02 01:50:11 INFO  Stage 1 running…
2026-06-02 01:56:54 ERROR ShuffleBlockFetcherIterator: Failed to fetch shuffle block from a lost executor.
2026-06-02 01:56:55 ERROR   org.apache.spark.shuffle.FetchFailedException: Failed to connect to executor-7.cluster:35421
                       	at org.apache.spark.storage.ShuffleBlockFetcherIterator.throwFetchFailedException(...)
                       	at org.apache.spark.scheduler.ShuffleMapTask.runTask(ShuffleMapTask.scala:99)
2026-06-02 01:56:57 ERROR [customer_360_pipeline.build_profiles] Task failed on attempt 1 (exit_code=1)",1,False,1
customer_360_pipeline,2026-06-02,build_profiles,2026-06-02 01:59:01,2026-06-02 02:12:32,"2026-06-02 01:59:01 INFO  [customer_360_pipeline.build_profiles] TaskInstance started — attempt 2
2026-06-02 01:59:03 INFO  Acquiring Spark session on job cluster (Photon enabled, DBR 15.4 LTS)
2026-06-02 01:59:06 INFO  Reading inputs from Unity Catalog main.curated.* 
2026-06-02 02:05:46 INFO  Stage 1 running…
2026-06-02 02:12:29 ERROR ShuffleBlockFetcherIterator: Failed to fetch shuffle block from a lost executor.
2026-06-02 02:12:30 ERROR   org.apache.spark.shuffle.FetchFailedException: Failed to connect to executor-7.cluster:35421
                       	at org.apache.spark.storage.ShuffleBlockFetcherIterator.throwFetchFailedException(...)
                       	at org.apache.spark.scheduler.ShuffleMapTask.runTask(ShuffleMapTask.scala:99)
2026-06-02 02:12:32 ERROR [customer_360_pipeline.build_profiles] Task failed on attempt 2 (exit_code=1)",2,False,1
customer_360_pipeline,2026-06-02,build_profiles,2026-06-02 02:16:38,2026-06-02 02:30:09,"2026-06-02 02:16:38 INFO  [customer_360_pipeline.build_profiles] TaskInstance started — attempt 3
2026-06-02 02:16:40 INFO  Acquiring Spark session on job cluster (Photon enabled, DBR 15.4 LTS)
2026-06-02 02:16:43 INFO  Reading inputs from Unity Catalog main.curated.* 
2026-06-02 02:23:23 INFO  Stage 1 running…
2026-06-02 02:30:06 ERROR ShuffleBlockFetcherIterator: Failed to fetch shuffle block from a lost executor.
2026-06-02 02:30:07 ERROR   org.apache.spark.shuffle.FetchFailedException: Failed to connect to executor-7.cluster:35421
                       	at org.apache.spark.storage.ShuffleBlockFetcherIterator.throwFetchFailedException(...)
                       	at org.apache.spark.scheduler.ShuffleMapTask.runTask(ShuffleMapTask.scala:99)
2026-06-02 02:30:09 ERROR [customer_360_pipeline.build_profiles] Task failed on attempt 3 (exit_code=1)",3,False,1
customer_360_pipeline,2026-06-02,build_profiles,2026-06-02 02:33:35,2026-06-02 02:47:06,"2026-06-02 02:33:35 INFO  [customer_360_pipeline.build_profiles] TaskInstance started — attempt 4
2026-06-02 02:33:37 INFO  Acquiring Spark session on job cluster (Photon enabled, DBR 15.4 LTS)
2026-06-02 02:33:40 INFO  Reading inputs from Unity Catalog main.curated.* 
2026-06-02 02:40:20 INFO  Stage 1 running…
2026-06-02 02:47:03 ERROR ShuffleBlockFetcherIterator: Failed to fetch shuffle block from a lost executor.
2026-06-02 02:47:04 ERROR   org.apache.spark.shuffle.FetchFailedException: Failed to connect to executor-7.cluster:35421
                       	at org.apache.spark.storage.ShuffleBlockFetcherIterator.throwFetchFailedException(...)
                       	at org.apache.spark.scheduler.ShuffleMapTask.runTask(ShuffleMapTask.scala:99)
2026-06-02 02:47:06 ERROR [customer_360_pipeline.build_profiles] Task failed on attempt 4 (exit_code=1)",4,False,1
inventory_sync,2026-06-02,pull_warehouse_api,2026-06-02 03:21:59,2026-06-02 03:27:29,"2026-06-02 03:21:59 INFO  [inventory_sync.pull_warehouse_api] TaskInstance started — attempt 1
2026-06-02 03:22:01 INFO  Acquiring Spark session on job cluster (Photon enabled, DBR 15.4 LTS)
2026-06-02 03:22:04 INFO  Reading inputs from Unity Catalog main.curated.* 
2026-06-02 03:24:44 INFO  Stage 1 complete — input rows processed
2026-06-02 03:27:27 INFO  Writing output Delta table (MERGE) 
2026-06-02 03:27:29 INFO  [inventory_sync.pull_warehouse_api] Task completed successfully in 330s (exit_code=0)",1,False,0
inventory_sync,2026-06-02,normalize_sku,2026-06-02 03:28:11,2026-06-02 03:33:54,"2026-06-02 03:28:11 INFO  [inventory_sync.normalize_sku] TaskInstance started — attempt 1
2026-06-02 03:28:13 INFO  Acquiring Spark session on job cluster (Photon enabled, DBR 15.4 LTS)
2026-06-02 03:28:16 INFO  Reading inputs from Unity Catalog main.curated.* 
2026-06-02 03:31:02 INFO  Stage 1 complete — input rows processed
2026-06-02 03:33:52 INFO  Writing output Delta table (MERGE) 
2026-06-02 03:33:54 INFO  [inventory_sync.normalize_sku] Task completed successfully in 343s (exit_code=0)",1,False,0
inventory_sync,2026-06-02,reconcile_stock,2026-06-02 03:34:18,2026-06-02 03:57:06,"2026-06-02 03:34:18 INFO  [inventory_sync.reconcile_stock] TaskInstance started — attempt 1
2026-06-02 03:34:20 INFO  Acquiring Spark session on job cluster (Photon enabled, DBR 15.4 LTS)
2026-06-02 03:34:23 INFO  Reading inputs from Unity Catalog main.curated.* 
2026-06-02 03:45:42 INFO  Stage 1 complete — input rows processed
2026-06-02 03:57:04 INFO  Writing output Delta table (MERGE) 
2026-06-02 03:57:06 INFO  [inventory_sync.reconcile_stock] Task completed successfully in 1368s (exit_code=0)",1,False,0
inventory_sync,2026-06-02,write_delta,2026-06-02 03:57:40,2026-06-02 04:12:51,"2026-06-02 03:57:40 INFO  [inventory_sync.write_delta] TaskInstance started — attempt 1
2026-06-02 03:57:42 INFO  Acquiring Spark session on job cluster (Photon enabled, DBR 15.4 LTS)
2026-06-02 03:57:45 INFO  Reading inputs from Unity Catalog main.curated.* 
2026-06-02 04:05:15 INFO  Stage 1 complete — input rows processed
2026-06-02 04:12:49 INFO  Writing output Delta table (MERGE) 
2026-06-02 04:12:51 INFO  [inventory_sync.write_delta] Task completed successfully in 911s (exit_code=0)",1,False,0
marketing_attribution,2026-06-02,load_ad_spend,2026-06-02 04:13:46,2026-06-02 04:19:04,"2026-06-02 04:13:46 INFO  [marketing_attribution.load_ad_spend] TaskInstance started — attempt 1
2026-06-02 04:13:48 INFO  Acquiring Spark session on job cluster (Photon enabled, DBR 15.4 LTS)
2026-06-02 04:13:51 INFO  Reading inputs from Unity Catalog main.curated.* 
2026-06-02 04:16:25 INFO  Stage 1 complete — input rows processed
2026-06-02 04:19:02 INFO  Writing output Delta table (MERGE) 
2026-06-02 04:19:04 INFO  [marketing_attribution.load_ad_spend] Task completed successfully in 318s (exit_code=0)",1,False,0
marketing_attribution,2026-06-02,load_conversions,2026-06-02 04:19:29,2026-06-02 04:28:27,"2026-06-02 04:19:29 INFO  [marketing_attribution.load_conversions] TaskInstance started — attempt 1
2026-06-02 04:19:31 INFO  Acquiring Spark session on job cluster (Photon enabled, DBR 15.4 LTS)
2026-06-02 04:19:34 INFO  Reading inputs from Unity Catalog main.curated.* 
2026-06-02 04:23:58 INFO  Stage 1 complete — input rows processed
2026-06-02 04:28:25 INFO  Writing output Delta table (MERGE) 
2026-06-02 04:28:27 INFO  [marketing_attribution.load_conversions] Task completed successfully in 538s (exit_code=0)",1,False,0
marketing_attribution,2026-06-02,join_touchpoints,2026-06-02 04:28:48,2026-06-02 04:32:49,"2026-06-02 04:28:48 INFO  [marketing_attribution.join_touchpoints] TaskInstance started — attempt 1
2026-06-02 04:28:50 INFO  Acquiring Spark session on job cluster (Photon enabled, DBR 15.4 LTS)
2026-06-02 04:28:53 INFO  Reading inputs from Unity Catalog main.curated.* 
2026-06-02 04:30:48 INFO  Stage 1 running…
2026-06-02 04:32:46 ERROR JDBCRDD: Connection timed out after 30000ms while reading from source DB.
2026-06-02 04:32:47 ERROR   java.sql.SQLTransientConnectionException: HikariPool-1 - Connection is not available, request timed out after 30000ms
                       	at com.zaxxer.hikari.pool.HikariPool.getConnection(HikariPool.java:213)
                       	at org.apache.spark.sql.execution.datasources.jdbc.JDBCRDD.compute(...)
2026-06-02 04:32:49 ERROR [marketing_attribution.join_touchpoints] Task failed on attempt 1 (exit_code=1)",1,True,1
marketing_attribution,2026-06-02,join_touchpoints,2026-06-02 04:36:49,2026-06-02 04:38:59,"2026-06-02 04:36:49 INFO  [marketing_attribution.join_touchpoints] TaskInstance started — attempt 2
2026-06-02 04:36:51 INFO  Acquiring Spark session on job cluster (Photon enabled, DBR 15.4 LTS)
2026-06-02 04:36:54 INFO  Reading inputs from Unity Catalog main.curated.* 
2026-06-02 04:37:54 INFO  Stage 1 running…
2026-06-02 04:38:56 ERROR JDBCRDD: Connection timed out after 30000ms while reading from source DB.
2026-06-02 04:38:57 ERROR   java.sql.SQLTransientConnectionException: HikariPool-1 - Connection is not available, request timed out after 30000ms
                       	at com.zaxxer.hikari.pool.HikariPool.getConnection(HikariPool.java:213)
                       	at org.apache.spark.sql.execution.datasources.jdbc.JDBCRDD.compute(...)
2026-06-02 04:38:59 ERROR [marketing_attribution.join_touchpoints] Task failed on attempt 2 (exit_code=1)",2,True,1
marketing_attribution,2026-06-02,join_touchpoints,2026-06-02 04:40:54,2026-06-02 05:02:33,"2026-06-02 04:40:54 INFO  [marketing_attribution.join_touchpoints] TaskInstance started — attempt 3
2026-06-02 04:40:56 INFO  Acquiring Spark session on job cluster (Photon enabled, DBR 15.4 LTS)
2026-06-02 04:40:59 INFO  Reading inputs from Unity Catalog main.curated.* 
2026-06-02 04:51:43 INFO  Stage 1 complete — input rows processed
2026-06-02 05:02:31 INFO  Writing output Delta table (MERGE) 
2026-06-02 05:02:33 INFO  [marketing_attribution.join_touchpoints] Task completed successfully in 1299s (exit_code=0)",3,True,0
marketing_attribution,2026-06-02,attribute_revenue,2026-06-02 05:02:41,2026-06-02 05:19:19,"2026-06-02 05:02:41 INFO  [marketing_attribution.attribute_revenue] TaskInstance started — attempt 1
2026-06-02 05:02:43 INFO  Acquiring Spark session on job cluster (Photon enabled, DBR 15.4 LTS)
2026-06-02 05:02:46 INFO  Reading inputs from Unity Catalog main.curated.* 
2026-06-02 05:11:00 INFO  Stage 1 complete — input rows processed
2026-06-02 05:19:17 INFO  Writing output Delta table (MERGE) 
2026-06-02 05:19:19 INFO  [marketing_attribution.attribute_revenue] Task completed successfully in 998s (exit_code=0)",1,False,0
finance_reconciliation,2026-06-02,extract_ledger,2026-06-02 05:09:55,2026-06-02 05:16:18,"2026-06-02 05:09:55 INFO  [finance_reconciliation.extract_ledger] TaskInstance started — attempt 1
2026-06-02 05:09:57 INFO  Acquiring Spark session on job cluster (Photon enabled, DBR 15.4 LTS)
2026-06-02 05:10:00 INFO  Reading inputs from Unity Catalog main.curated.* 
2026-06-02 05:13:06 INFO  Stage 1 complete — input rows processed
2026-06-02 05:16:16 INFO  Writing output Delta table (MERGE) 
2026-06-02 05:16:18 INFO  [finance_reconciliation.extract_ledger] Task completed successfully in 383s (exit_code=0)",1,False,0
finance_reconciliation,2026-06-02,extract_payments,2026-06-02 05:17:09,2026-06-02 05:22:05,"2026-06-02 05:17:09 INFO  [finance_reconciliation.extract_payments] TaskInstance started — attempt 1
2026-06-02 05:17:11 INFO  Acquiring Spark session on job cluster (Photon enabled, DBR 15.4 LTS)
2026-06-02 05:17:14 INFO  Reading inputs from Unity Catalog main.curated.* 
2026-06-02 05:19:37 INFO  Stage 1 complete — input rows processed
2026-06-02 05:22:03 INFO  Writing output Delta table (MERGE) 
2026-06-02 05:22:05 INFO  [finance_reconciliation.extract_payments] Task completed successfully in 296s (exit_code=0)",1,False,0
finance_reconciliation,2026-06-02,reconcile,2026-06-02 05:22:48,2026-06-02 05:27:27,"2026-06-02 05:22:48 INFO  [finance_reconciliation.reconcile] TaskInstance started — attempt 1
2026-06-02 05:22:50 INFO  Acquiring Spark session on job cluster (Photon enabled, DBR 15.4 LTS)
2026-06-02 05:22:53 INFO  Reading inputs from Unity Catalog main.curated.* 
2026-06-02 05:25:07 INFO  Stage 1 complete — input rows processed
2026-06-02 05:27:25 INFO  Writing output Delta table (MERGE) 
2026-06-02 05:27:27 INFO  [finance_reconciliation.reconcile] Task completed successfully in 279s (exit_code=0)",1,False,0
finance_reconciliation,2026-06-02,gl_validation,2026-06-02 05:28:23,2026-06-02 05:51:01,"2026-06-02 05:28:23 INFO  [finance_reconciliation.gl_validation] TaskInstance started — attempt 1
2026-06-02 05:28:25 INFO  Acquiring Spark session on job cluster (Photon enabled, DBR 15.4 LTS)
2026-06-02 05:28:28 INFO  Reading inputs from Unity Catalog main.curated.* 
2026-06-02 05:39:42 INFO  Stage 1 complete — input rows processed
2026-06-02 05:50:59 INFO  Writing output Delta table (MERGE) 
2026-06-02 05:51:01 INFO  [finance_reconciliation.gl_validation] Task completed successfully in 1358s (exit_code=0)",1,False,0
finance_reconciliation,2026-06-02,export_report,2026-06-02 05:51:14,2026-06-02 05:54:24,"2026-06-02 05:51:14 INFO  [finance_reconciliation.export_report] TaskInstance started — attempt 1
2026-06-02 05:51:16 INFO  Acquiring Spark session on job cluster (Photon enabled, DBR 15.4 LTS)
2026-06-02 05:51:19 INFO  Reading inputs from Unity Catalog main.curated.* 
2026-06-02 05:52:49 INFO  Stage 1 complete — input rows processed
2026-06-02 05:54:22 INFO  Writing output Delta table (MERGE) 
2026-06-02 05:54:24 INFO  [finance_reconciliation.export_report] Task completed successfully in 190s (exit_code=0)",1,False,0
clickstream_ingest,2026-06-02,read_kafka_offsets,2026-06-02 00:20:56,2026-06-02 00:31:10,"2026-06-02 00:20:56 INFO  [clickstream_ingest.read_kafka_offsets] TaskInstance started — attempt 1
2026-06-02 00:20:58 INFO  Acquiring Spark session on job cluster (Photon enabled, DBR 15.4 LTS)
2026-06-02 00:21:01 INFO  Reading inputs from Unity Catalog main.curated.* 
2026-06-02 00:26:03 INFO  Stage 1 complete — input rows processed
2026-06-02 00:31:08 INFO  Writing output Delta table (MERGE) 
2026-06-02 00:31:10 INFO  [clickstream_ingest.read_kafka_offsets] Task completed successfully in 614s (exit_code=0)",1,False,0
clickstream_ingest,2026-06-02,parse_events,2026-06-02 00:32:10,2026-06-02 00:36:05,"2026-06-02 00:32:10 INFO  [clickstream_ingest.parse_events] TaskInstance started — attempt 1
2026-06-02 00:32:12 INFO  Acquiring Spark session on job cluster (Photon enabled, DBR 15.4 LTS)
2026-06-02 00:32:15 INFO  Reading inputs from Unity Catalog main.curated.* 
2026-06-02 00:34:07 INFO  Stage 1 complete — input rows processed
2026-06-02 00:36:03 INFO  Writing output Delta table (MERGE) 
2026-06-02 00:36:05 INFO  [clickstream_ingest.parse_events] Task completed successfully in 235s (exit_code=0)",1,False,0
clickstream_ingest,2026-06-02,sessionize,2026-06-02 00:36:35,2026-06-02 01:00:23,"2026-06-02 00:36:35 INFO  [clickstream_ingest.sessionize] TaskInstance started — attempt 1
2026-06-02 00:36:37 INFO  Acquiring Spark session on job cluster (Photon enabled, DBR 15.4 LTS)
2026-06-02 00:36:40 INFO  Reading inputs from Unity Catalog main.curated.* 
2026-06-02 00:48:29 INFO  Stage 1 running…
2026-06-02 01:00:20 ERROR Executor: Exception in task 47.0 in stage 12.0 (TID 1893) java.lang.OutOfMemoryError: Java heap space
2026-06-02 01:00:21 ERROR   java.lang.OutOfMemoryError: Java heap space
                       	at org.apache.spark.sql.execution.aggregate.HashAggregateExec.doExecute(HashAggregateExec.scala:101)
                       	at org.apache.spark.sql.execution.exchange.ShuffleExchangeExec.prepareShuffleDependency(...)
                       	at org.apache.spark.scheduler.Task.run(Task.scala:139)
2026-06-02 01:00:23 ERROR [clickstream_ingest.sessionize] Task failed on attempt 1 (exit_code=1)",1,False,1
clickstream_ingest,2026-06-02,sessionize,2026-06-02 01:04:16,2026-06-02 01:28:04,"2026-06-02 01:04:16 INFO  [clickstream_ingest.sessionize] TaskInstance started — attempt 2
2026-06-02 01:04:18 INFO  Acquiring Spark session on job cluster (Photon enabled, DBR 15.4 LTS)
2026-06-02 01:04:21 INFO  Reading inputs from Unity Catalog main.curated.* 
2026-06-02 01:16:10 INFO  Stage 1 running…
2026-06-02 01:28:01 ERROR Executor: Exception in task 47.0 in stage 12.0 (TID 1893) java.lang.OutOfMemoryError: Java heap space
2026-06-02 01:28:02 ERROR   java.lang.OutOfMemoryError: Java heap space
                       	at org.apache.spark.sql.execution.aggregate.HashAggregateExec.doExecute(HashAggregateExec.scala:101)
                       	at org.apache.spark.sql.execution.exchange.ShuffleExchangeExec.prepareShuffleDependency(...)
                       	at org.apache.spark.scheduler.Task.run(Task.scala:139)
2026-06-02 01:28:04 ERROR [clickstream_ingest.sessionize] Task failed on attempt 2 (exit_code=1)",2,False,1
clickstream_ingest,2026-06-02,sessionize,2026-06-02 01:32:28,2026-06-02 01:56:16,"2026-06-02 01:32:28 INFO  [clickstream_ingest.sessionize] TaskInstance started — attempt 3
2026-06-02 01:32:30 INFO  Acquiring Spark session on job cluster (Photon enabled, DBR 15.4 LTS)
2026-06-02 01:32:33 INFO  Reading inputs from Unity Catalog main.curated.* 
2026-06-02 01:44:22 INFO  Stage 1 running…
2026-06-02 01:56:13 ERROR Executor: Exception in task 47.0 in stage 12.0 (TID 1893) java.lang.OutOfMemoryError: Java heap space
2026-06-02 01:56:14 ERROR   java.lang.OutOfMemoryError: Java heap space
                       	at org.apache.spark.sql.execution.aggregate.HashAggregateExec.doExecute(HashAggregateExec.scala:101)
                       	at org.apache.spark.sql.execution.exchange.ShuffleExchangeExec.prepareShuffleDependency(...)
                       	at org.apache.spark.scheduler.Task.run(Task.scala:139)
2026-06-02 01:56:16 ERROR [clickstream_ingest.sessionize] Task failed on attempt 3 (exit_code=1)",3,False,1
ml_feature_store,2026-06-02,fetch_training_data,2026-06-02 06:05:03,2026-06-02 06:09:36,"2026-06-02 06:05:03 INFO  [ml_feature_store.fetch_training_data] TaskInstance started — attempt 1
2026-06-02 06:05:05 INFO  Acquiring Spark session on job cluster (Photon enabled, DBR 15.4 LTS)
2026-06-02 06:05:08 INFO  Reading inputs from Unity Catalog main.curated.* 
2026-06-02 06:07:19 INFO  Stage 1 complete — input rows processed
2026-06-02 06:09:34 INFO  Writing output Delta table (MERGE) 
2026-06-02 06:09:36 INFO  [ml_feature_store.fetch_training_data] Task completed successfully in 273s (exit_code=0)",1,False,0
ml_feature_store,2026-06-02,compute_features,2026-06-02 06:10:20,2026-06-02 06:24:45,"2026-06-02 06:10:20 INFO  [ml_feature_store.compute_features] TaskInstance started — attempt 1
2026-06-02 06:10:22 INFO  Acquiring Spark session on job cluster (Photon enabled, DBR 15.4 LTS)
2026-06-02 06:10:25 INFO  Reading inputs from Unity Catalog main.curated.* 
2026-06-02 06:17:32 INFO  Stage 1 complete — input rows processed
2026-06-02 06:24:43 INFO  Writing output Delta table (MERGE) 
2026-06-02 06:24:45 INFO  [ml_feature_store.compute_features] Task completed successfully in 865s (exit_code=0)",1,False,0
ml_feature_store,2026-06-02,validate_features,2026-06-02 06:25:28,2026-06-02 06:42:06,"2026-06-02 06:25:28 INFO  [ml_feature_store.validate_features] TaskInstance started — attempt 1
2026-06-02 06:25:30 INFO  Acquiring Spark session on job cluster (Photon enabled, DBR 15.4 LTS)
2026-06-02 06:25:33 INFO  Reading inputs from Unity Catalog main.curated.* 
2026-06-02 06:33:47 INFO  Stage 1 complete — input rows processed
2026-06-02 06:42:04 INFO  Writing output Delta table (MERGE) 
2026-06-02 06:42:06 INFO  [ml_feature_store.validate_features] Task completed successfully in 998s (exit_code=0)",1,False,0
ml_feature_store,2026-06-02,materialize_online,2026-06-02 06:42:40,2026-06-02 06:45:08,"2026-06-02 06:42:40 INFO  [ml_feature_store.materialize_online] TaskInstance started — attempt 1
2026-06-02 06:42:42 INFO  Acquiring Spark session on job cluster (Photon enabled, DBR 15.4 LTS)
2026-06-02 06:42:45 INFO  Reading inputs from Unity Catalog main.curated.* 
2026-06-02 06:43:54 INFO  Stage 1 running…
2026-06-02 06:45:05 ERROR ShuffleBlockFetcherIterator: Failed to fetch shuffle block from a lost executor.
2026-06-02 06:45:06 ERROR   org.apache.spark.shuffle.FetchFailedException: Failed to connect to executor-7.cluster:35421
                       	at org.apache.spark.storage.ShuffleBlockFetcherIterator.throwFetchFailedException(...)
                       	at org.apache.spark.scheduler.ShuffleMapTask.runTask(ShuffleMapTask.scala:99)
2026-06-02 06:45:08 ERROR [ml_feature_store.materialize_online] Task failed on attempt 1 (exit_code=1)",1,True,1
ml_feature_store,2026-06-02,materialize_online,2026-06-02 06:47:54,2026-06-02 06:55:08,"2026-06-02 06:47:54 INFO  [ml_feature_store.materialize_online] TaskInstance started — attempt 2
2026-06-02 06:47:56 INFO  Acquiring Spark session on job cluster (Photon enabled, DBR 15.4 LTS)
2026-06-02 06:47:59 INFO  Reading inputs from Unity Catalog main.curated.* 
2026-06-02 06:51:31 INFO  Stage 1 running…
2026-06-02 06:55:05 ERROR ShuffleBlockFetcherIterator: Failed to fetch shuffle block from a lost executor.
2026-06-02 06:55:06 ERROR   org.apache.spark.shuffle.FetchFailedException: Failed to connect to executor-7.cluster:35421
                       	at org.apache.spark.storage.ShuffleBlockFetcherIterator.throwFetchFailedException(...)
                       	at org.apache.spark.scheduler.ShuffleMapTask.runTask(ShuffleMapTask.scala:99)
2026-06-02 06:55:08 ERROR [ml_feature_store.materialize_online] Task failed on attempt 2 (exit_code=1)",2,True,1
ml_feature_store,2026-06-02,materialize_online,2026-06-02 06:57:32,2026-06-02 07:00:59,"2026-06-02 06:57:32 INFO  [ml_feature_store.materialize_online] TaskInstance started — attempt 3
2026-06-02 06:57:34 INFO  Acquiring Spark session on job cluster (Photon enabled, DBR 15.4 LTS)
2026-06-02 06:57:37 INFO  Reading inputs from Unity Catalog main.curated.* 
2026-06-02 06:59:15 INFO  Stage 1 complete — input rows processed
2026-06-02 07:00:57 INFO  Writing output Delta table (MERGE) 
2026-06-02 07:00:59 INFO  [ml_feature_store.materialize_online] Task completed successfully in 207s (exit_code=0)",3,True,0
data_quality_checks,2026-06-02,load_snapshots,2026-06-02 07:02:01,2026-06-02 07:09:53,"2026-06-02 07:02:01 INFO  [data_quality_checks.load_snapshots] TaskInstance started — attempt 1
2026-06-02 07:02:03 INFO  Acquiring Spark session on job cluster (Photon enabled, DBR 15.4 LTS)
2026-06-02 07:02:06 INFO  Reading inputs from Unity Catalog main.curated.* 
2026-06-02 07:05:57 INFO  Stage 1 complete — input rows processed
2026-06-02 07:09:51 INFO  Writing output Delta table (MERGE) 
2026-06-02 07:09:53 INFO  [data_quality_checks.load_snapshots] Task completed successfully in 472s (exit_code=0)",1,False,0
data_quality_checks,2026-06-02,run_expectations,2026-06-02 07:10:51,2026-06-02 07:16:55,"2026-06-02 07:10:51 INFO  [data_quality_checks.run_expectations] TaskInstance started — attempt 1
2026-06-02 07:10:53 INFO  Acquiring Spark session on job cluster (Photon enabled, DBR 15.4 LTS)
2026-06-02 07:10:56 INFO  Reading inputs from Unity Catalog main.curated.* 
2026-06-02 07:13:53 INFO  Stage 1 complete — input rows processed
2026-06-02 07:16:53 INFO  Writing output Delta table (MERGE) 
2026-06-02 07:16:55 INFO  [data_quality_checks.run_expectations] Task completed successfully in 364s (exit_code=0)",1,False,0
data_quality_checks,2026-06-02,summarize_results,2026-06-02 07:17:23,2026-06-02 07:34:49,"2026-06-02 07:17:23 INFO  [data_quality_checks.summarize_results] TaskInstance started — attempt 1
2026-06-02 07:17:25 INFO  Acquiring Spark session on job cluster (Photon enabled, DBR 15.4 LTS)
2026-06-02 07:17:28 INFO  Reading inputs from Unity Catalog main.curated.* 
2026-06-02 07:26:06 INFO  Stage 1 complete — input rows processed
2026-06-02 07:34:47 INFO  Writing output Delta table (MERGE) 
2026-06-02 07:34:49 INFO  [data_quality_checks.summarize_results] Task completed successfully in 1046s (exit_code=0)",1,False,0
revenue_reporting,2026-06-02,aggregate_daily_revenue,2026-06-02 08:18:55,2026-06-02 08:42:27,"2026-06-02 08:18:55 INFO  [revenue_reporting.aggregate_daily_revenue] TaskInstance started — attempt 1
2026-06-02 08:18:57 INFO  Acquiring Spark session on job cluster (Photon enabled, DBR 15.4 LTS)
2026-06-02 08:19:00 INFO  Reading inputs from Unity Catalog main.curated.* 
2026-06-02 08:30:41 INFO  Stage 1 complete — input rows processed
2026-06-02 08:42:25 INFO  Writing output Delta table (MERGE) 
2026-06-02 08:42:27 INFO  [revenue_reporting.aggregate_daily_revenue] Task completed successfully in 1412s (exit_code=0)",1,False,0
revenue_reporting,2026-06-02,currency_convert,2026-06-02 08:42:46,2026-06-02 09:06:53,"2026-06-02 08:42:46 INFO  [revenue_reporting.currency_convert] TaskInstance started — attempt 1
2026-06-02 08:42:48 INFO  Acquiring Spark session on job cluster (Photon enabled, DBR 15.4 LTS)
2026-06-02 08:42:51 INFO  Reading inputs from Unity Catalog main.curated.* 
2026-06-02 08:54:49 INFO  Stage 1 complete — input rows processed
2026-06-02 09:06:51 INFO  Writing output Delta table (MERGE) 
2026-06-02 09:06:53 INFO  [revenue_reporting.currency_convert] Task completed successfully in 1447s (exit_code=0)",1,False,0
revenue_reporting,2026-06-02,build_dashboards_tbl,2026-06-02 09:07:43,2026-06-02 09:27:01,"2026-06-02 09:07:43 INFO  [revenue_reporting.build_dashboards_tbl] TaskInstance started — attempt 1
2026-06-02 09:07:45 INFO  Acquiring Spark session on job cluster (Photon enabled, DBR 15.4 LTS)
2026-06-02 09:07:48 INFO  Reading inputs from Unity Catalog main.curated.* 
2026-06-02 09:17:22 INFO  Stage 1 complete — input rows processed
2026-06-02 09:26:59 INFO  Writing output Delta table (MERGE) 
2026-06-02 09:27:01 INFO  [revenue_reporting.build_dashboards_tbl] Task completed successfully in 1158s (exit_code=0)",1,False,0
user_segmentation,2026-06-02,load_activity,2026-06-02 09:20:19,2026-06-02 09:42:04,"2026-06-02 09:20:19 INFO  [user_segmentation.load_activity] TaskInstance started — attempt 1
2026-06-02 09:20:21 INFO  Acquiring Spark session on job cluster (Photon enabled, DBR 15.4 LTS)
2026-06-02 09:20:24 INFO  Reading inputs from Unity Catalog main.curated.* 
2026-06-02 09:31:11 INFO  Stage 1 complete — input rows processed
2026-06-02 09:42:02 INFO  Writing output Delta table (MERGE) 
2026-06-02 09:42:04 INFO  [user_segmentation.load_activity] Task completed successfully in 1305s (exit_code=0)",1,False,0
user_segmentation,2026-06-02,compute_rfm,2026-06-02 09:42:38,2026-06-02 10:04:43,"2026-06-02 09:42:38 INFO  [user_segmentation.compute_rfm] TaskInstance started — attempt 1
2026-06-02 09:42:40 INFO  Acquiring Spark session on job cluster (Photon enabled, DBR 15.4 LTS)
2026-06-02 09:42:43 INFO  Reading inputs from Unity Catalog main.curated.* 
2026-06-02 09:53:40 INFO  Stage 1 complete — input rows processed
2026-06-02 10:04:41 INFO  Writing output Delta table (MERGE) 
2026-06-02 10:04:43 INFO  [user_segmentation.compute_rfm] Task completed successfully in 1325s (exit_code=0)",1,False,0
user_segmentation,2026-06-02,assign_segments,2026-06-02 10:05:21,2026-06-02 10:26:25,"2026-06-02 10:05:21 INFO  [user_segmentation.assign_segments] TaskInstance started — attempt 1
2026-06-02 10:05:23 INFO  Acquiring Spark session on job cluster (Photon enabled, DBR 15.4 LTS)
2026-06-02 10:05:26 INFO  Reading inputs from Unity Catalog main.curated.* 
2026-06-02 10:15:53 INFO  Stage 1 complete — input rows processed
2026-06-02 10:26:23 INFO  Writing output Delta table (MERGE) 
2026-06-02 10:26:25 INFO  [user_segmentation.assign_segments] Task completed successfully in 1264s (exit_code=0)",1,False,0
user_segmentation,2026-06-02,push_to_crm,2026-06-02 10:26:38,2026-06-02 10:34:13,"2026-06-02 10:26:38 INFO  [user_segmentation.push_to_crm] TaskInstance started — attempt 1
2026-06-02 10:26:40 INFO  Acquiring Spark session on job cluster (Photon enabled, DBR 15.4 LTS)
2026-06-02 10:26:43 INFO  Reading inputs from Unity Catalog main.curated.* 
2026-06-02 10:30:25 INFO  Stage 1 running…
2026-06-02 10:34:10 ERROR TaskRunner: Task exceeded execution_timeout (3600s) and was terminated.
2026-06-02 10:34:11 ERROR   java.util.concurrent.TimeoutException: Task exceeded the configured execution_timeout of 3600s
                       	at org.apache.airflow.executors.TaskRunner.enforceTimeout(...)
2026-06-02 10:34:13 ERROR [user_segmentation.push_to_crm] Task failed on attempt 1 (exit_code=1)",1,True,1
user_segmentation,2026-06-02,push_to_crm,2026-06-02 10:36:45,2026-06-02 10:48:22,"2026-06-02 10:36:45 INFO  [user_segmentation.push_to_crm] TaskInstance started — attempt 2
2026-06-02 10:36:47 INFO  Acquiring Spark session on job cluster (Photon enabled, DBR 15.4 LTS)
2026-06-02 10:36:50 INFO  Reading inputs from Unity Catalog main.curated.* 
2026-06-02 10:42:33 INFO  Stage 1 complete — input rows processed
2026-06-02 10:48:20 INFO  Writing output Delta table (MERGE) 
2026-06-02 10:48:22 INFO  [user_segmentation.push_to_crm] Task completed successfully in 697s (exit_code=0)",2,True,0
daily_sales_etl,2026-06-03,extract_orders,2026-06-03 02:20:14,2026-06-03 02:26:18,"2026-06-03 02:20:14 INFO  [daily_sales_etl.extract_orders] TaskInstance started — attempt 1
2026-06-03 02:20:16 INFO  Acquiring Spark session on job cluster (Photon enabled, DBR 15.4 LTS)
2026-06-03 02:20:19 INFO  Reading inputs from Unity Catalog main.curated.* 
2026-06-03 02:23:16 INFO  Stage 1 complete — input rows processed
2026-06-03 02:26:16 INFO  Writing output Delta table (MERGE) 
2026-06-03 02:26:18 INFO  [daily_sales_etl.extract_orders] Task completed successfully in 364s (exit_code=0)",1,False,0
daily_sales_etl,2026-06-03,extract_returns,2026-06-03 02:27:02,2026-06-03 02:34:36,"2026-06-03 02:27:02 INFO  [daily_sales_etl.extract_returns] TaskInstance started — attempt 1
2026-06-03 02:27:04 INFO  Acquiring Spark session on job cluster (Photon enabled, DBR 15.4 LTS)
2026-06-03 02:27:07 INFO  Reading inputs from Unity Catalog main.curated.* 
2026-06-03 02:30:49 INFO  Stage 1 complete — input rows processed
2026-06-03 02:34:34 INFO  Writing output Delta table (MERGE) 
2026-06-03 02:34:36 INFO  [daily_sales_etl.extract_returns] Task completed successfully in 454s (exit_code=0)",1,False,0
daily_sales_etl,2026-06-03,transform_sales,2026-06-03 02:35:15,2026-06-03 02:55:22,"2026-06-03 02:35:15 INFO  [daily_sales_etl.transform_sales] TaskInstance started — attempt 1
2026-06-03 02:35:17 INFO  Acquiring Spark session on job cluster (Photon enabled, DBR 15.4 LTS)
2026-06-03 02:35:20 INFO  Reading inputs from Unity Catalog main.curated.* 
2026-06-03 02:45:18 INFO  Stage 1 complete — input rows processed
2026-06-03 02:55:20 INFO  Writing output Delta table (MERGE) 
2026-06-03 02:55:22 INFO  [daily_sales_etl.transform_sales] Task completed successfully in 1207s (exit_code=0)",1,False,0
daily_sales_etl,2026-06-03,dq_check_sales,2026-06-03 02:56:16,2026-06-03 03:05:28,"2026-06-03 02:56:16 INFO  [daily_sales_etl.dq_check_sales] TaskInstance started — attempt 1
2026-06-03 02:56:18 INFO  Acquiring Spark session on job cluster (Photon enabled, DBR 15.4 LTS)
2026-06-03 02:56:21 INFO  Reading inputs from Unity Catalog main.curated.* 
2026-06-03 03:00:52 INFO  Stage 1 complete — input rows processed
2026-06-03 03:05:26 INFO  Writing output Delta table (MERGE) 
2026-06-03 03:05:28 INFO  [daily_sales_etl.dq_check_sales] Task completed successfully in 552s (exit_code=0)",1,False,0
daily_sales_etl,2026-06-03,load_fact_sales,2026-06-03 03:06:11,2026-06-03 03:21:39,"2026-06-03 03:06:11 INFO  [daily_sales_etl.load_fact_sales] TaskInstance started — attempt 1
2026-06-03 03:06:13 INFO  Acquiring Spark session on job cluster (Photon enabled, DBR 15.4 LTS)
2026-06-03 03:06:16 INFO  Reading inputs from Unity Catalog main.curated.* 
2026-06-03 03:13:55 INFO  Stage 1 complete — input rows processed
2026-06-03 03:21:37 INFO  Writing output Delta table (MERGE) 
2026-06-03 03:21:39 INFO  [daily_sales_etl.load_fact_sales] Task completed successfully in 928s (exit_code=0)",1,False,0
customer_360_pipeline,2026-06-03,ingest_crm,2026-06-03 01:27:47,2026-06-03 01:36:18,"2026-06-03 01:27:47 INFO  [customer_360_pipeline.ingest_crm] TaskInstance started — attempt 1
2026-06-03 01:27:49 INFO  Acquiring Spark session on job cluster (Photon enabled, DBR 15.4 LTS)
2026-06-03 01:27:52 INFO  Reading inputs from Unity Catalog main.curated.* 
2026-06-03 01:32:02 INFO  Stage 1 complete — input rows processed
2026-06-03 01:36:16 INFO  Writing output Delta table (MERGE) 
2026-06-03 01:36:18 INFO  [customer_360_pipeline.ingest_crm] Task completed successfully in 511s (exit_code=0)",1,False,0
customer_360_pipeline,2026-06-03,ingest_web_events,2026-06-03 01:36:45,2026-06-03 01:48:01,"2026-06-03 01:36:45 INFO  [customer_360_pipeline.ingest_web_events] TaskInstance started — attempt 1
2026-06-03 01:36:47 INFO  Acquiring Spark session on job cluster (Photon enabled, DBR 15.4 LTS)
2026-06-03 01:36:50 INFO  Reading inputs from Unity Catalog main.curated.* 
2026-06-03 01:42:23 INFO  Stage 1 complete — input rows processed
2026-06-03 01:47:59 INFO  Writing output Delta table (MERGE) 
2026-06-03 01:48:01 INFO  [customer_360_pipeline.ingest_web_events] Task completed successfully in 676s (exit_code=0)",1,False,0
customer_360_pipeline,2026-06-03,resolve_identity,2026-06-03 01:49:01,2026-06-03 02:09:02,"2026-06-03 01:49:01 INFO  [customer_360_pipeline.resolve_identity] TaskInstance started — attempt 1
2026-06-03 01:49:03 INFO  Acquiring Spark session on job cluster (Photon enabled, DBR 15.4 LTS)
2026-06-03 01:49:06 INFO  Reading inputs from Unity Catalog main.curated.* 
2026-06-03 01:59:01 INFO  Stage 1 complete — input rows processed
2026-06-03 02:09:00 INFO  Writing output Delta table (MERGE) 
2026-06-03 02:09:02 INFO  [customer_360_pipeline.resolve_identity] Task completed successfully in 1201s (exit_code=0)",1,False,0
customer_360_pipeline,2026-06-03,build_profiles,2026-06-03 02:09:29,2026-06-03 02:25:45,"2026-06-03 02:09:29 INFO  [customer_360_pipeline.build_profiles] TaskInstance started — attempt 1
2026-06-03 02:09:31 INFO  Acquiring Spark session on job cluster (Photon enabled, DBR 15.4 LTS)
2026-06-03 02:09:34 INFO  Reading inputs from Unity Catalog main.curated.* 
2026-06-03 02:17:37 INFO  Stage 1 complete — input rows processed
2026-06-03 02:25:43 INFO  Writing output Delta table (MERGE) 
2026-06-03 02:25:45 INFO  [customer_360_pipeline.build_profiles] Task completed successfully in 976s (exit_code=0)",1,False,0
customer_360_pipeline,2026-06-03,publish_features,2026-06-03 02:26:10,2026-06-03 02:30:04,"2026-06-03 02:26:10 INFO  [customer_360_pipeline.publish_features] TaskInstance started — attempt 1
2026-06-03 02:26:12 INFO  Acquiring Spark session on job cluster (Photon enabled, DBR 15.4 LTS)
2026-06-03 02:26:15 INFO  Reading inputs from Unity Catalog main.curated.* 
2026-06-03 02:28:07 INFO  Stage 1 complete — input rows processed
2026-06-03 02:30:02 INFO  Writing output Delta table (MERGE) 
2026-06-03 02:30:04 INFO  [customer_360_pipeline.publish_features] Task completed successfully in 234s (exit_code=0)",1,False,0
inventory_sync,2026-06-03,pull_warehouse_api,2026-06-03 03:00:04,2026-06-03 03:16:46,"2026-06-03 03:00:04 INFO  [inventory_sync.pull_warehouse_api] TaskInstance started — attempt 1
2026-06-03 03:00:06 INFO  Acquiring Spark session on job cluster (Photon enabled, DBR 15.4 LTS)
2026-06-03 03:00:09 INFO  Reading inputs from Unity Catalog main.curated.* 
2026-06-03 03:08:25 INFO  Stage 1 complete — input rows processed
2026-06-03 03:16:44 INFO  Writing output Delta table (MERGE) 
2026-06-03 03:16:46 INFO  [inventory_sync.pull_warehouse_api] Task completed successfully in 1002s (exit_code=0)",1,False,0
inventory_sync,2026-06-03,normalize_sku,2026-06-03 03:17:13,2026-06-03 03:22:15,"2026-06-03 03:17:13 INFO  [inventory_sync.normalize_sku] TaskInstance started — attempt 1
2026-06-03 03:17:15 INFO  Acquiring Spark session on job cluster (Photon enabled, DBR 15.4 LTS)
2026-06-03 03:17:18 INFO  Reading inputs from Unity Catalog main.curated.* 
2026-06-03 03:19:44 INFO  Stage 1 complete — input rows processed
2026-06-03 03:22:13 INFO  Writing output Delta table (MERGE) 
2026-06-03 03:22:15 INFO  [inventory_sync.normalize_sku] Task completed successfully in 302s (exit_code=0)",1,False,0
inventory_sync,2026-06-03,reconcile_stock,2026-06-03 03:22:44,2026-06-03 03:39:43,"2026-06-03 03:22:44 INFO  [inventory_sync.reconcile_stock] TaskInstance started — attempt 1
2026-06-03 03:22:46 INFO  Acquiring Spark session on job cluster (Photon enabled, DBR 15.4 LTS)
2026-06-03 03:22:49 INFO  Reading inputs from Unity Catalog main.curated.* 
2026-06-03 03:31:13 INFO  Stage 1 complete — input rows processed
2026-06-03 03:39:41 INFO  Writing output Delta table (MERGE) 
2026-06-03 03:39:43 INFO  [inventory_sync.reconcile_stock] Task completed successfully in 1019s (exit_code=0)",1,False,0
inventory_sync,2026-06-03,write_delta,2026-06-03 03:40:12,2026-06-03 04:04:36,"2026-06-03 03:40:12 INFO  [inventory_sync.write_delta] TaskInstance started — attempt 1
2026-06-03 03:40:14 INFO  Acquiring Spark session on job cluster (Photon enabled, DBR 15.4 LTS)
2026-06-03 03:40:17 INFO  Reading inputs from Unity Catalog main.curated.* 
2026-06-03 03:52:24 INFO  Stage 1 complete — input rows processed
2026-06-03 04:04:34 INFO  Writing output Delta table (MERGE) 
2026-06-03 04:04:36 INFO  [inventory_sync.write_delta] Task completed successfully in 1464s (exit_code=0)",1,False,0
marketing_attribution,2026-06-03,load_ad_spend,2026-06-03 04:08:01,2026-06-03 04:25:49,"2026-06-03 04:08:01 INFO  [marketing_attribution.load_ad_spend] TaskInstance started — attempt 1
2026-06-03 04:08:03 INFO  Acquiring Spark session on job cluster (Photon enabled, DBR 15.4 LTS)
2026-06-03 04:08:06 INFO  Reading inputs from Unity Catalog main.curated.* 
2026-06-03 04:16:55 INFO  Stage 1 complete — input rows processed
2026-06-03 04:25:47 INFO  Writing output Delta table (MERGE) 
2026-06-03 04:25:49 INFO  [marketing_attribution.load_ad_spend] Task completed successfully in 1068s (exit_code=0)",1,False,0
marketing_attribution,2026-06-03,load_conversions,2026-06-03 04:26:16,2026-06-03 04:36:12,"2026-06-03 04:26:16 INFO  [marketing_attribution.load_conversions] TaskInstance started — attempt 1
2026-06-03 04:26:18 INFO  Acquiring Spark session on job cluster (Photon enabled, DBR 15.4 LTS)
2026-06-03 04:26:21 INFO  Reading inputs from Unity Catalog main.curated.* 
2026-06-03 04:31:14 INFO  Stage 1 complete — input rows processed
2026-06-03 04:36:10 INFO  Writing output Delta table (MERGE) 
2026-06-03 04:36:12 INFO  [marketing_attribution.load_conversions] Task completed successfully in 596s (exit_code=0)",1,False,0
marketing_attribution,2026-06-03,join_touchpoints,2026-06-03 04:36:44,2026-06-03 05:01:40,"2026-06-03 04:36:44 INFO  [marketing_attribution.join_touchpoints] TaskInstance started — attempt 1
2026-06-03 04:36:46 INFO  Acquiring Spark session on job cluster (Photon enabled, DBR 15.4 LTS)
2026-06-03 04:36:49 INFO  Reading inputs from Unity Catalog main.curated.* 
2026-06-03 04:49:12 INFO  Stage 1 complete — input rows processed
2026-06-03 05:01:38 INFO  Writing output Delta table (MERGE) 
2026-06-03 05:01:40 INFO  [marketing_attribution.join_touchpoints] Task completed successfully in 1496s (exit_code=0)",1,False,0
marketing_attribution,2026-06-03,attribute_revenue,2026-06-03 05:02:16,2026-06-03 05:12:39,"2026-06-03 05:02:16 INFO  [marketing_attribution.attribute_revenue] TaskInstance started — attempt 1
2026-06-03 05:02:18 INFO  Acquiring Spark session on job cluster (Photon enabled, DBR 15.4 LTS)
2026-06-03 05:02:21 INFO  Reading inputs from Unity Catalog main.curated.* 
2026-06-03 05:07:27 INFO  Stage 1 complete — input rows processed
2026-06-03 05:12:37 INFO  Writing output Delta table (MERGE) 
2026-06-03 05:12:39 INFO  [marketing_attribution.attribute_revenue] Task completed successfully in 623s (exit_code=0)",1,False,0
finance_reconciliation,2026-06-03,extract_ledger,2026-06-03 05:05:30,2026-06-03 05:17:37,"2026-06-03 05:05:30 INFO  [finance_reconciliation.extract_ledger] TaskInstance started — attempt 1
2026-06-03 05:05:32 INFO  Acquiring Spark session on job cluster (Photon enabled, DBR 15.4 LTS)
2026-06-03 05:05:35 INFO  Reading inputs from Unity Catalog main.curated.* 
2026-06-03 05:11:33 INFO  Stage 1 complete — input rows processed
2026-06-03 05:17:35 INFO  Writing output Delta table (MERGE) 
2026-06-03 05:17:37 INFO  [finance_reconciliation.extract_ledger] Task completed successfully in 727s (exit_code=0)",1,False,0
finance_reconciliation,2026-06-03,extract_payments,2026-06-03 05:17:50,2026-06-03 05:31:04,"2026-06-03 05:17:50 INFO  [finance_reconciliation.extract_payments] TaskInstance started — attempt 1
2026-06-03 05:17:52 INFO  Acquiring Spark session on job cluster (Photon enabled, DBR 15.4 LTS)
2026-06-03 05:17:55 INFO  Reading inputs from Unity Catalog main.curated.* 
2026-06-03 05:24:27 INFO  Stage 1 complete — input rows processed
2026-06-03 05:31:02 INFO  Writing output Delta table (MERGE) 
2026-06-03 05:31:04 INFO  [finance_reconciliation.extract_payments] Task completed successfully in 794s (exit_code=0)",1,False,0
finance_reconciliation,2026-06-03,reconcile,2026-06-03 05:31:30,2026-06-03 05:34:38,"2026-06-03 05:31:30 INFO  [finance_reconciliation.reconcile] TaskInstance started — attempt 1
2026-06-03 05:31:32 INFO  Acquiring Spark session on job cluster (Photon enabled, DBR 15.4 LTS)
2026-06-03 05:31:35 INFO  Reading inputs from Unity Catalog main.curated.* 
2026-06-03 05:33:04 INFO  Stage 1 complete — input rows processed
2026-06-03 05:34:36 INFO  Writing output Delta table (MERGE) 
2026-06-03 05:34:38 INFO  [finance_reconciliation.reconcile] Task completed successfully in 188s (exit_code=0)",1,False,0
finance_reconciliation,2026-06-03,gl_validation,2026-06-03 05:34:58,2026-06-03 05:43:28,"2026-06-03 05:34:58 INFO  [finance_reconciliation.gl_validation] TaskInstance started — attempt 1
2026-06-03 05:35:00 INFO  Acquiring Spark session on job cluster (Photon enabled, DBR 15.4 LTS)
2026-06-03 05:35:03 INFO  Reading inputs from Unity Catalog main.curated.* 
2026-06-03 05:39:13 INFO  Stage 1 complete — input rows processed
2026-06-03 05:43:26 INFO  Writing output Delta table (MERGE) 
2026-06-03 05:43:28 INFO  [finance_reconciliation.gl_validation] Task completed successfully in 510s (exit_code=0)",1,False,0
finance_reconciliation,2026-06-03,export_report,2026-06-03 05:44:12,2026-06-03 06:07:35,"2026-06-03 05:44:12 INFO  [finance_reconciliation.export_report] TaskInstance started — attempt 1
2026-06-03 05:44:14 INFO  Acquiring Spark session on job cluster (Photon enabled, DBR 15.4 LTS)
2026-06-03 05:44:17 INFO  Reading inputs from Unity Catalog main.curated.* 
2026-06-03 05:55:53 INFO  Stage 1 complete — input rows processed
2026-06-03 06:07:33 INFO  Writing output Delta table (MERGE) 
2026-06-03 06:07:35 INFO  [finance_reconciliation.export_report] Task completed successfully in 1403s (exit_code=0)",1,False,0
clickstream_ingest,2026-06-03,read_kafka_offsets,2026-06-03 00:18:03,2026-06-03 00:28:12,"2026-06-03 00:18:03 INFO  [clickstream_ingest.read_kafka_offsets] TaskInstance started — attempt 1
2026-06-03 00:18:05 INFO  Acquiring Spark session on job cluster (Photon enabled, DBR 15.4 LTS)
2026-06-03 00:18:08 INFO  Reading inputs from Unity Catalog main.curated.* 
2026-06-03 00:23:07 INFO  Stage 1 complete — input rows processed
2026-06-03 00:28:10 INFO  Writing output Delta table (MERGE) 
2026-06-03 00:28:12 INFO  [clickstream_ingest.read_kafka_offsets] Task completed successfully in 609s (exit_code=0)",1,False,0
clickstream_ingest,2026-06-03,parse_events,2026-06-03 00:29:04,2026-06-03 00:34:46,"2026-06-03 00:29:04 INFO  [clickstream_ingest.parse_events] TaskInstance started — attempt 1
2026-06-03 00:29:06 INFO  Acquiring Spark session on job cluster (Photon enabled, DBR 15.4 LTS)
2026-06-03 00:29:09 INFO  Reading inputs from Unity Catalog main.curated.* 
2026-06-03 00:31:55 INFO  Stage 1 running…
2026-06-03 00:34:43 ERROR TaskRunner: Task exceeded execution_timeout (3600s) and was terminated.
2026-06-03 00:34:44 ERROR   java.util.concurrent.TimeoutException: Task exceeded the configured execution_timeout of 3600s
                       	at org.apache.airflow.executors.TaskRunner.enforceTimeout(...)
2026-06-03 00:34:46 ERROR [clickstream_ingest.parse_events] Task failed on attempt 1 (exit_code=1)",1,True,1
clickstream_ingest,2026-06-03,parse_events,2026-06-03 00:36:21,2026-06-03 00:51:39,"2026-06-03 00:36:21 INFO  [clickstream_ingest.parse_events] TaskInstance started — attempt 2
2026-06-03 00:36:23 INFO  Acquiring Spark session on job cluster (Photon enabled, DBR 15.4 LTS)
2026-06-03 00:36:26 INFO  Reading inputs from Unity Catalog main.curated.* 
2026-06-03 00:44:00 INFO  Stage 1 complete — input rows processed
2026-06-03 00:51:37 INFO  Writing output Delta table (MERGE) 
2026-06-03 00:51:39 INFO  [clickstream_ingest.parse_events] Task completed successfully in 918s (exit_code=0)",2,True,0
clickstream_ingest,2026-06-03,sessionize,2026-06-03 00:52:03,2026-06-03 00:55:53,"2026-06-03 00:52:03 INFO  [clickstream_ingest.sessionize] TaskInstance started — attempt 1
2026-06-03 00:52:05 INFO  Acquiring Spark session on job cluster (Photon enabled, DBR 15.4 LTS)
2026-06-03 00:52:08 INFO  Reading inputs from Unity Catalog main.curated.* 
2026-06-03 00:53:58 INFO  Stage 1 complete — input rows processed
2026-06-03 00:55:51 INFO  Writing output Delta table (MERGE) 
2026-06-03 00:55:53 INFO  [clickstream_ingest.sessionize] Task completed successfully in 230s (exit_code=0)",1,False,0
clickstream_ingest,2026-06-03,write_bronze,2026-06-03 00:56:07,2026-06-03 00:59:26,"2026-06-03 00:56:07 INFO  [clickstream_ingest.write_bronze] TaskInstance started — attempt 1
2026-06-03 00:56:09 INFO  Acquiring Spark session on job cluster (Photon enabled, DBR 15.4 LTS)
2026-06-03 00:56:12 INFO  Reading inputs from Unity Catalog main.curated.* 
2026-06-03 00:57:46 INFO  Stage 1 complete — input rows processed
2026-06-03 00:59:24 INFO  Writing output Delta table (MERGE) 
2026-06-03 00:59:26 INFO  [clickstream_ingest.write_bronze] Task completed successfully in 199s (exit_code=0)",1,False,0
clickstream_ingest,2026-06-03,write_silver,2026-06-03 00:59:50,2026-06-03 01:07:58,"2026-06-03 00:59:50 INFO  [clickstream_ingest.write_silver] TaskInstance started — attempt 1
2026-06-03 00:59:52 INFO  Acquiring Spark session on job cluster (Photon enabled, DBR 15.4 LTS)
2026-06-03 00:59:55 INFO  Reading inputs from Unity Catalog main.curated.* 
2026-06-03 01:03:54 INFO  Stage 1 complete — input rows processed
2026-06-03 01:07:56 INFO  Writing output Delta table (MERGE) 
2026-06-03 01:07:58 INFO  [clickstream_ingest.write_silver] Task completed successfully in 488s (exit_code=0)",1,False,0
ml_feature_store,2026-06-03,fetch_training_data,2026-06-03 06:03:48,2026-06-03 06:20:21,"2026-06-03 06:03:48 INFO  [ml_feature_store.fetch_training_data] TaskInstance started — attempt 1
2026-06-03 06:03:50 INFO  Acquiring Spark session on job cluster (Photon enabled, DBR 15.4 LTS)
2026-06-03 06:03:53 INFO  Reading inputs from Unity Catalog main.curated.* 
2026-06-03 06:12:04 INFO  Stage 1 complete — input rows processed
2026-06-03 06:20:19 INFO  Writing output Delta table (MERGE) 
2026-06-03 06:20:21 INFO  [ml_feature_store.fetch_training_data] Task completed successfully in 993s (exit_code=0)",1,False,0
ml_feature_store,2026-06-03,compute_features,2026-06-03 06:20:47,2026-06-03 06:45:42,"2026-06-03 06:20:47 INFO  [ml_feature_store.compute_features] TaskInstance started — attempt 1
2026-06-03 06:20:49 INFO  Acquiring Spark session on job cluster (Photon enabled, DBR 15.4 LTS)
2026-06-03 06:20:52 INFO  Reading inputs from Unity Catalog main.curated.* 
2026-06-03 06:33:14 INFO  Stage 1 complete — input rows processed
2026-06-03 06:45:40 INFO  Writing output Delta table (MERGE) 
2026-06-03 06:45:42 INFO  [ml_feature_store.compute_features] Task completed successfully in 1495s (exit_code=0)",1,False,0
ml_feature_store,2026-06-03,validate_features,2026-06-03 06:46:32,2026-06-03 07:03:04,"2026-06-03 06:46:32 INFO  [ml_feature_store.validate_features] TaskInstance started — attempt 1
2026-06-03 06:46:34 INFO  Acquiring Spark session on job cluster (Photon enabled, DBR 15.4 LTS)
2026-06-03 06:46:37 INFO  Reading inputs from Unity Catalog main.curated.* 
2026-06-03 06:54:48 INFO  Stage 1 complete — input rows processed
2026-06-03 07:03:02 INFO  Writing output Delta table (MERGE) 
2026-06-03 07:03:04 INFO  [ml_feature_store.validate_features] Task completed successfully in 992s (exit_code=0)",1,False,0
ml_feature_store,2026-06-03,materialize_online,2026-06-03 07:03:11,2026-06-03 07:26:09,"2026-06-03 07:03:11 INFO  [ml_feature_store.materialize_online] TaskInstance started — attempt 1
2026-06-03 07:03:13 INFO  Acquiring Spark session on job cluster (Photon enabled, DBR 15.4 LTS)
2026-06-03 07:03:16 INFO  Reading inputs from Unity Catalog main.curated.* 
2026-06-03 07:14:40 INFO  Stage 1 complete — input rows processed
2026-06-03 07:26:07 INFO  Writing output Delta table (MERGE) 
2026-06-03 07:26:09 INFO  [ml_feature_store.materialize_online] Task completed successfully in 1378s (exit_code=0)",1,False,0
data_quality_checks,2026-06-03,load_snapshots,2026-06-03 07:20:44,2026-06-03 07:44:02,"2026-06-03 07:20:44 INFO  [data_quality_checks.load_snapshots] TaskInstance started — attempt 1
2026-06-03 07:20:46 INFO  Acquiring Spark session on job cluster (Photon enabled, DBR 15.4 LTS)
2026-06-03 07:20:49 INFO  Reading inputs from Unity Catalog main.curated.* 
2026-06-03 07:32:23 INFO  Stage 1 running…
2026-06-03 07:43:59 ERROR DiskBlockObjectWriter: No space left on device while spilling shuffle data.
2026-06-03 07:44:00 ERROR   java.io.IOException: No space left on device
                       	at java.base/sun.nio.ch.FileDispatcherImpl.write0(Native Method)
                       	at org.apache.spark.storage.DiskBlockObjectWriter.write(...)
2026-06-03 07:44:02 ERROR [data_quality_checks.load_snapshots] Task failed on attempt 1 (exit_code=1)",1,False,1
data_quality_checks,2026-06-03,load_snapshots,2026-06-03 07:46:01,2026-06-03 08:09:19,"2026-06-03 07:46:01 INFO  [data_quality_checks.load_snapshots] TaskInstance started — attempt 2
2026-06-03 07:46:03 INFO  Acquiring Spark session on job cluster (Photon enabled, DBR 15.4 LTS)
2026-06-03 07:46:06 INFO  Reading inputs from Unity Catalog main.curated.* 
2026-06-03 07:57:40 INFO  Stage 1 running…
2026-06-03 08:09:16 ERROR DiskBlockObjectWriter: No space left on device while spilling shuffle data.
2026-06-03 08:09:17 ERROR   java.io.IOException: No space left on device
                       	at java.base/sun.nio.ch.FileDispatcherImpl.write0(Native Method)
                       	at org.apache.spark.storage.DiskBlockObjectWriter.write(...)
2026-06-03 08:09:19 ERROR [data_quality_checks.load_snapshots] Task failed on attempt 2 (exit_code=1)",2,False,1
revenue_reporting,2026-06-03,aggregate_daily_revenue,2026-06-03 08:13:44,2026-06-03 08:23:13,"2026-06-03 08:13:44 INFO  [revenue_reporting.aggregate_daily_revenue] TaskInstance started — attempt 1
2026-06-03 08:13:46 INFO  Acquiring Spark session on job cluster (Photon enabled, DBR 15.4 LTS)
2026-06-03 08:13:49 INFO  Reading inputs from Unity Catalog main.curated.* 
2026-06-03 08:18:28 INFO  Stage 1 running…
2026-06-03 08:23:10 ERROR ShuffleBlockFetcherIterator: Failed to fetch shuffle block from a lost executor.
2026-06-03 08:23:11 ERROR   org.apache.spark.shuffle.FetchFailedException: Failed to connect to executor-7.cluster:35421
                       	at org.apache.spark.storage.ShuffleBlockFetcherIterator.throwFetchFailedException(...)
                       	at org.apache.spark.scheduler.ShuffleMapTask.runTask(ShuffleMapTask.scala:99)
2026-06-03 08:23:13 ERROR [revenue_reporting.aggregate_daily_revenue] Task failed on attempt 1 (exit_code=1)",1,True,1
revenue_reporting,2026-06-03,aggregate_daily_revenue,2026-06-03 08:24:41,2026-06-03 08:28:21,"2026-06-03 08:24:41 INFO  [revenue_reporting.aggregate_daily_revenue] TaskInstance started — attempt 2
2026-06-03 08:24:43 INFO  Acquiring Spark session on job cluster (Photon enabled, DBR 15.4 LTS)
2026-06-03 08:24:46 INFO  Reading inputs from Unity Catalog main.curated.* 
2026-06-03 08:26:31 INFO  Stage 1 complete — input rows processed
2026-06-03 08:28:19 INFO  Writing output Delta table (MERGE) 
2026-06-03 08:28:21 INFO  [revenue_reporting.aggregate_daily_revenue] Task completed successfully in 220s (exit_code=0)",2,True,0
revenue_reporting,2026-06-03,currency_convert,2026-06-03 08:28:33,2026-06-03 08:48:11,"2026-06-03 08:28:33 INFO  [revenue_reporting.currency_convert] TaskInstance started — attempt 1
2026-06-03 08:28:35 INFO  Acquiring Spark session on job cluster (Photon enabled, DBR 15.4 LTS)
2026-06-03 08:28:38 INFO  Reading inputs from Unity Catalog main.curated.* 
2026-06-03 08:38:22 INFO  Stage 1 complete — input rows processed
2026-06-03 08:48:09 INFO  Writing output Delta table (MERGE) 
2026-06-03 08:48:11 INFO  [revenue_reporting.currency_convert] Task completed successfully in 1178s (exit_code=0)",1,False,0
revenue_reporting,2026-06-03,build_dashboards_tbl,2026-06-03 08:48:49,2026-06-03 08:56:13,"2026-06-03 08:48:49 INFO  [revenue_reporting.build_dashboards_tbl] TaskInstance started — attempt 1
2026-06-03 08:48:51 INFO  Acquiring Spark session on job cluster (Photon enabled, DBR 15.4 LTS)
2026-06-03 08:48:54 INFO  Reading inputs from Unity Catalog main.curated.* 
2026-06-03 08:52:31 INFO  Stage 1 running…
2026-06-03 08:56:10 ERROR JDBCRDD: Connection timed out after 30000ms while reading from source DB.
2026-06-03 08:56:11 ERROR   java.sql.SQLTransientConnectionException: HikariPool-1 - Connection is not available, request timed out after 30000ms
                       	at com.zaxxer.hikari.pool.HikariPool.getConnection(HikariPool.java:213)
                       	at org.apache.spark.sql.execution.datasources.jdbc.JDBCRDD.compute(...)
2026-06-03 08:56:13 ERROR [revenue_reporting.build_dashboards_tbl] Task failed on attempt 1 (exit_code=1)",1,True,1
revenue_reporting,2026-06-03,build_dashboards_tbl,2026-06-03 08:59:32,2026-06-03 09:17:09,"2026-06-03 08:59:32 INFO  [revenue_reporting.build_dashboards_tbl] TaskInstance started — attempt 2
2026-06-03 08:59:34 INFO  Acquiring Spark session on job cluster (Photon enabled, DBR 15.4 LTS)
2026-06-03 08:59:37 INFO  Reading inputs from Unity Catalog main.curated.* 
2026-06-03 09:08:20 INFO  Stage 1 complete — input rows processed
2026-06-03 09:17:07 INFO  Writing output Delta table (MERGE) 
2026-06-03 09:17:09 INFO  [revenue_reporting.build_dashboards_tbl] Task completed successfully in 1057s (exit_code=0)",2,True,0
user_segmentation,2026-06-03,load_activity,2026-06-03 09:03:33,2026-06-03 09:23:29,"2026-06-03 09:03:33 INFO  [user_segmentation.load_activity] TaskInstance started — attempt 1
2026-06-03 09:03:35 INFO  Acquiring Spark session on job cluster (Photon enabled, DBR 15.4 LTS)
2026-06-03 09:03:38 INFO  Reading inputs from Unity Catalog main.curated.* 
2026-06-03 09:13:31 INFO  Stage 1 complete — input rows processed
2026-06-03 09:23:27 INFO  Writing output Delta table (MERGE) 
2026-06-03 09:23:29 INFO  [user_segmentation.load_activity] Task completed successfully in 1196s (exit_code=0)",1,False,0
user_segmentation,2026-06-03,compute_rfm,2026-06-03 09:23:38,2026-06-03 09:38:33,"2026-06-03 09:23:38 INFO  [user_segmentation.compute_rfm] TaskInstance started — attempt 1
2026-06-03 09:23:40 INFO  Acquiring Spark session on job cluster (Photon enabled, DBR 15.4 LTS)
2026-06-03 09:23:43 INFO  Reading inputs from Unity Catalog main.curated.* 
2026-06-03 09:31:05 INFO  Stage 1 complete — input rows processed
2026-06-03 09:38:31 INFO  Writing output Delta table (MERGE) 
2026-06-03 09:38:33 INFO  [user_segmentation.compute_rfm] Task completed successfully in 895s (exit_code=0)",1,False,0
user_segmentation,2026-06-03,assign_segments,2026-06-03 09:39:32,2026-06-03 09:50:10,"2026-06-03 09:39:32 INFO  [user_segmentation.assign_segments] TaskInstance started — attempt 1
2026-06-03 09:39:34 INFO  Acquiring Spark session on job cluster (Photon enabled, DBR 15.4 LTS)
2026-06-03 09:39:37 INFO  Reading inputs from Unity Catalog main.curated.* 
2026-06-03 09:44:51 INFO  Stage 1 complete — input rows processed
2026-06-03 09:50:08 INFO  Writing output Delta table (MERGE) 
2026-06-03 09:50:10 INFO  [user_segmentation.assign_segments] Task completed successfully in 638s (exit_code=0)",1,False,0
user_segmentation,2026-06-03,push_to_crm,2026-06-03 09:50:32,2026-06-03 09:52:54,"2026-06-03 09:50:32 INFO  [user_segmentation.push_to_crm] TaskInstance started — attempt 1
2026-06-03 09:50:34 INFO  Acquiring Spark session on job cluster (Photon enabled, DBR 15.4 LTS)
2026-06-03 09:50:37 INFO  Reading inputs from Unity Catalog main.curated.* 
2026-06-03 09:51:43 INFO  Stage 1 running…
2026-06-03 09:52:51 ERROR ShuffleBlockFetcherIterator: Failed to fetch shuffle block from a lost executor.
2026-06-03 09:52:52 ERROR   org.apache.spark.shuffle.FetchFailedException: Failed to connect to executor-7.cluster:35421
                       	at org.apache.spark.storage.ShuffleBlockFetcherIterator.throwFetchFailedException(...)
                       	at org.apache.spark.scheduler.ShuffleMapTask.runTask(ShuffleMapTask.scala:99)
2026-06-03 09:52:54 ERROR [user_segmentation.push_to_crm] Task failed on attempt 1 (exit_code=1)",1,True,1
user_segmentation,2026-06-03,push_to_crm,2026-06-03 09:54:44,2026-06-03 10:03:46,"2026-06-03 09:54:44 INFO  [user_segmentation.push_to_crm] TaskInstance started — attempt 2
2026-06-03 09:54:46 INFO  Acquiring Spark session on job cluster (Photon enabled, DBR 15.4 LTS)
2026-06-03 09:54:49 INFO  Reading inputs from Unity Catalog main.curated.* 
2026-06-03 09:59:15 INFO  Stage 1 complete — input rows processed
2026-06-03 10:03:44 INFO  Writing output Delta table (MERGE) 
2026-06-03 10:03:46 INFO  [user_segmentation.push_to_crm] Task completed successfully in 542s (exit_code=0)",2,True,0
daily_sales_etl,2026-06-04,extract_orders,2026-06-04 02:01:26,2026-06-04 02:16:48,"2026-06-04 02:01:26 INFO  [daily_sales_etl.extract_orders] TaskInstance started — attempt 1
2026-06-04 02:01:28 INFO  Acquiring Spark session on job cluster (Photon enabled, DBR 15.4 LTS)
2026-06-04 02:01:31 INFO  Reading inputs from Unity Catalog main.curated.* 
2026-06-04 02:09:07 INFO  Stage 1 complete — input rows processed
2026-06-04 02:16:46 INFO  Writing output Delta table (MERGE) 
2026-06-04 02:16:48 INFO  [daily_sales_etl.extract_orders] Task completed successfully in 922s (exit_code=0)",1,False,0
daily_sales_etl,2026-06-04,extract_returns,2026-06-04 02:17:13,2026-06-04 02:21:37,"2026-06-04 02:17:13 INFO  [daily_sales_etl.extract_returns] TaskInstance started — attempt 1
2026-06-04 02:17:15 INFO  Acquiring Spark session on job cluster (Photon enabled, DBR 15.4 LTS)
2026-06-04 02:17:18 INFO  Reading inputs from Unity Catalog main.curated.* 
2026-06-04 02:19:25 INFO  Stage 1 complete — input rows processed
2026-06-04 02:21:35 INFO  Writing output Delta table (MERGE) 
2026-06-04 02:21:37 INFO  [daily_sales_etl.extract_returns] Task completed successfully in 264s (exit_code=0)",1,False,0
daily_sales_etl,2026-06-04,transform_sales,2026-06-04 02:22:16,2026-06-04 02:34:53,"2026-06-04 02:22:16 INFO  [daily_sales_etl.transform_sales] TaskInstance started — attempt 1
2026-06-04 02:22:18 INFO  Acquiring Spark session on job cluster (Photon enabled, DBR 15.4 LTS)
2026-06-04 02:22:21 INFO  Reading inputs from Unity Catalog main.curated.* 
2026-06-04 02:28:34 INFO  Stage 1 complete — input rows processed
2026-06-04 02:34:51 INFO  Writing output Delta table (MERGE) 
2026-06-04 02:34:53 INFO  [daily_sales_etl.transform_sales] Task completed successfully in 757s (exit_code=0)",1,False,0
daily_sales_etl,2026-06-04,dq_check_sales,2026-06-04 02:35:42,2026-06-04 02:52:42,"2026-06-04 02:35:42 INFO  [daily_sales_etl.dq_check_sales] TaskInstance started — attempt 1
2026-06-04 02:35:44 INFO  Acquiring Spark session on job cluster (Photon enabled, DBR 15.4 LTS)
2026-06-04 02:35:47 INFO  Reading inputs from Unity Catalog main.curated.* 
2026-06-04 02:44:12 INFO  Stage 1 complete — input rows processed
2026-06-04 02:52:40 INFO  Writing output Delta table (MERGE) 
2026-06-04 02:52:42 INFO  [daily_sales_etl.dq_check_sales] Task completed successfully in 1020s (exit_code=0)",1,False,0
daily_sales_etl,2026-06-04,load_fact_sales,2026-06-04 02:53:42,2026-06-04 03:05:52,"2026-06-04 02:53:42 INFO  [daily_sales_etl.load_fact_sales] TaskInstance started — attempt 1
2026-06-04 02:53:44 INFO  Acquiring Spark session on job cluster (Photon enabled, DBR 15.4 LTS)
2026-06-04 02:53:47 INFO  Reading inputs from Unity Catalog main.curated.* 
2026-06-04 02:59:47 INFO  Stage 1 complete — input rows processed
2026-06-04 03:05:50 INFO  Writing output Delta table (MERGE) 
2026-06-04 03:05:52 INFO  [daily_sales_etl.load_fact_sales] Task completed successfully in 730s (exit_code=0)",1,False,0
customer_360_pipeline,2026-06-04,ingest_crm,2026-06-04 01:17:26,2026-06-04 01:25:35,"2026-06-04 01:17:26 INFO  [customer_360_pipeline.ingest_crm] TaskInstance started — attempt 1
2026-06-04 01:17:28 INFO  Acquiring Spark session on job cluster (Photon enabled, DBR 15.4 LTS)
2026-06-04 01:17:31 INFO  Reading inputs from Unity Catalog main.curated.* 
2026-06-04 01:21:30 INFO  Stage 1 complete — input rows processed
2026-06-04 01:25:33 INFO  Writing output Delta table (MERGE) 
2026-06-04 01:25:35 INFO  [customer_360_pipeline.ingest_crm] Task completed successfully in 489s (exit_code=0)",1,False,0
customer_360_pipeline,2026-06-04,ingest_web_events,2026-06-04 01:26:04,2026-06-04 01:43:03,"2026-06-04 01:26:04 INFO  [customer_360_pipeline.ingest_web_events] TaskInstance started — attempt 1
2026-06-04 01:26:06 INFO  Acquiring Spark session on job cluster (Photon enabled, DBR 15.4 LTS)
2026-06-04 01:26:09 INFO  Reading inputs from Unity Catalog main.curated.* 
2026-06-04 01:34:33 INFO  Stage 1 complete — input rows processed
2026-06-04 01:43:01 INFO  Writing output Delta table (MERGE) 
2026-06-04 01:43:03 INFO  [customer_360_pipeline.ingest_web_events] Task completed successfully in 1019s (exit_code=0)",1,False,0
customer_360_pipeline,2026-06-04,resolve_identity,2026-06-04 01:43:48,2026-06-04 01:46:58,"2026-06-04 01:43:48 INFO  [customer_360_pipeline.resolve_identity] TaskInstance started — attempt 1
2026-06-04 01:43:50 INFO  Acquiring Spark session on job cluster (Photon enabled, DBR 15.4 LTS)
2026-06-04 01:43:53 INFO  Reading inputs from Unity Catalog main.curated.* 
2026-06-04 01:45:23 INFO  Stage 1 complete — input rows processed
2026-06-04 01:46:56 INFO  Writing output Delta table (MERGE) 
2026-06-04 01:46:58 INFO  [customer_360_pipeline.resolve_identity] Task completed successfully in 190s (exit_code=0)",1,False,0
customer_360_pipeline,2026-06-04,build_profiles,2026-06-04 01:47:35,2026-06-04 01:59:16,"2026-06-04 01:47:35 INFO  [customer_360_pipeline.build_profiles] TaskInstance started — attempt 1
2026-06-04 01:47:37 INFO  Acquiring Spark session on job cluster (Photon enabled, DBR 15.4 LTS)
2026-06-04 01:47:40 INFO  Reading inputs from Unity Catalog main.curated.* 
2026-06-04 01:53:25 INFO  Stage 1 complete — input rows processed
2026-06-04 01:59:14 INFO  Writing output Delta table (MERGE) 
2026-06-04 01:59:16 INFO  [customer_360_pipeline.build_profiles] Task completed successfully in 701s (exit_code=0)",1,False,0
customer_360_pipeline,2026-06-04,publish_features,2026-06-04 02:00:07,2026-06-04 02:15:59,"2026-06-04 02:00:07 INFO  [customer_360_pipeline.publish_features] TaskInstance started — attempt 1
2026-06-04 02:00:09 INFO  Acquiring Spark session on job cluster (Photon enabled, DBR 15.4 LTS)
2026-06-04 02:00:12 INFO  Reading inputs from Unity Catalog main.curated.* 
2026-06-04 02:08:03 INFO  Stage 1 complete — input rows processed
2026-06-04 02:15:57 INFO  Writing output Delta table (MERGE) 
2026-06-04 02:15:59 INFO  [customer_360_pipeline.publish_features] Task completed successfully in 952s (exit_code=0)",1,False,0
inventory_sync,2026-06-04,pull_warehouse_api,2026-06-04 03:06:42,2026-06-04 03:23:33,"2026-06-04 03:06:42 INFO  [inventory_sync.pull_warehouse_api] TaskInstance started — attempt 1
2026-06-04 03:06:44 INFO  Acquiring Spark session on job cluster (Photon enabled, DBR 15.4 LTS)
2026-06-04 03:06:47 INFO  Reading inputs from Unity Catalog main.curated.* 
2026-06-04 03:15:07 INFO  Stage 1 running…
2026-06-04 03:23:30 ERROR Executor: Exception in task 47.0 in stage 12.0 (TID 1893) java.lang.OutOfMemoryError: Java heap space
2026-06-04 03:23:31 ERROR   java.lang.OutOfMemoryError: Java heap space
                       	at org.apache.spark.sql.execution.aggregate.HashAggregateExec.doExecute(HashAggregateExec.scala:101)
                       	at org.apache.spark.sql.execution.exchange.ShuffleExchangeExec.prepareShuffleDependency(...)
                       	at org.apache.spark.scheduler.Task.run(Task.scala:139)
2026-06-04 03:23:33 ERROR [inventory_sync.pull_warehouse_api] Task failed on attempt 1 (exit_code=1)",1,False,1
inventory_sync,2026-06-04,pull_warehouse_api,2026-06-04 03:27:30,2026-06-04 03:44:21,"2026-06-04 03:27:30 INFO  [inventory_sync.pull_warehouse_api] TaskInstance started — attempt 2
2026-06-04 03:27:32 INFO  Acquiring Spark session on job cluster (Photon enabled, DBR 15.4 LTS)
2026-06-04 03:27:35 INFO  Reading inputs from Unity Catalog main.curated.* 
2026-06-04 03:35:55 INFO  Stage 1 running…
2026-06-04 03:44:18 ERROR Executor: Exception in task 47.0 in stage 12.0 (TID 1893) java.lang.OutOfMemoryError: Java heap space
2026-06-04 03:44:19 ERROR   java.lang.OutOfMemoryError: Java heap space
                       	at org.apache.spark.sql.execution.aggregate.HashAggregateExec.doExecute(HashAggregateExec.scala:101)
                       	at org.apache.spark.sql.execution.exchange.ShuffleExchangeExec.prepareShuffleDependency(...)
                       	at org.apache.spark.scheduler.Task.run(Task.scala:139)
2026-06-04 03:44:21 ERROR [inventory_sync.pull_warehouse_api] Task failed on attempt 2 (exit_code=1)",2,False,1
inventory_sync,2026-06-04,pull_warehouse_api,2026-06-04 03:47:43,2026-06-04 04:04:34,"2026-06-04 03:47:43 INFO  [inventory_sync.pull_warehouse_api] TaskInstance started — attempt 3
2026-06-04 03:47:45 INFO  Acquiring Spark session on job cluster (Photon enabled, DBR 15.4 LTS)
2026-06-04 03:47:48 INFO  Reading inputs from Unity Catalog main.curated.* 
2026-06-04 03:56:08 INFO  Stage 1 running…
2026-06-04 04:04:31 ERROR Executor: Exception in task 47.0 in stage 12.0 (TID 1893) java.lang.OutOfMemoryError: Java heap space
2026-06-04 04:04:32 ERROR   java.lang.OutOfMemoryError: Java heap space
                       	at org.apache.spark.sql.execution.aggregate.HashAggregateExec.doExecute(HashAggregateExec.scala:101)
                       	at org.apache.spark.sql.execution.exchange.ShuffleExchangeExec.prepareShuffleDependency(...)
                       	at org.apache.spark.scheduler.Task.run(Task.scala:139)
2026-06-04 04:04:34 ERROR [inventory_sync.pull_warehouse_api] Task failed on attempt 3 (exit_code=1)",3,False,1
marketing_attribution,2026-06-04,load_ad_spend,2026-06-04 04:21:41,2026-06-04 04:35:27,"2026-06-04 04:21:41 INFO  [marketing_attribution.load_ad_spend] TaskInstance started — attempt 1
2026-06-04 04:21:43 INFO  Acquiring Spark session on job cluster (Photon enabled, DBR 15.4 LTS)
2026-06-04 04:21:46 INFO  Reading inputs from Unity Catalog main.curated.* 
2026-06-04 04:28:34 INFO  Stage 1 complete — input rows processed
2026-06-04 04:35:25 INFO  Writing output Delta table (MERGE) 
2026-06-04 04:35:27 INFO  [marketing_attribution.load_ad_spend] Task completed successfully in 826s (exit_code=0)",1,False,0
marketing_attribution,2026-06-04,load_conversions,2026-06-04 04:36:08,2026-06-04 04:39:09,"2026-06-04 04:36:08 INFO  [marketing_attribution.load_conversions] TaskInstance started — attempt 1
2026-06-04 04:36:10 INFO  Acquiring Spark session on job cluster (Photon enabled, DBR 15.4 LTS)
2026-06-04 04:36:13 INFO  Reading inputs from Unity Catalog main.curated.* 
2026-06-04 04:37:38 INFO  Stage 1 complete — input rows processed
2026-06-04 04:39:07 INFO  Writing output Delta table (MERGE) 
2026-06-04 04:39:09 INFO  [marketing_attribution.load_conversions] Task completed successfully in 181s (exit_code=0)",1,False,0
marketing_attribution,2026-06-04,join_touchpoints,2026-06-04 04:39:55,2026-06-04 04:58:58,"2026-06-04 04:39:55 INFO  [marketing_attribution.join_touchpoints] TaskInstance started — attempt 1
2026-06-04 04:39:57 INFO  Acquiring Spark session on job cluster (Photon enabled, DBR 15.4 LTS)
2026-06-04 04:40:00 INFO  Reading inputs from Unity Catalog main.curated.* 
2026-06-04 04:49:26 INFO  Stage 1 complete — input rows processed
2026-06-04 04:58:56 INFO  Writing output Delta table (MERGE) 
2026-06-04 04:58:58 INFO  [marketing_attribution.join_touchpoints] Task completed successfully in 1143s (exit_code=0)",1,False,0
marketing_attribution,2026-06-04,attribute_revenue,2026-06-04 04:59:40,2026-06-04 05:21:18,"2026-06-04 04:59:40 INFO  [marketing_attribution.attribute_revenue] TaskInstance started — attempt 1
2026-06-04 04:59:42 INFO  Acquiring Spark session on job cluster (Photon enabled, DBR 15.4 LTS)
2026-06-04 04:59:45 INFO  Reading inputs from Unity Catalog main.curated.* 
2026-06-04 05:10:29 INFO  Stage 1 complete — input rows processed
2026-06-04 05:21:16 INFO  Writing output Delta table (MERGE) 
2026-06-04 05:21:18 INFO  [marketing_attribution.attribute_revenue] Task completed successfully in 1298s (exit_code=0)",1,False,0
finance_reconciliation,2026-06-04,extract_ledger,2026-06-04 05:26:40,2026-06-04 05:42:35,"2026-06-04 05:26:40 INFO  [finance_reconciliation.extract_ledger] TaskInstance started — attempt 1
2026-06-04 05:26:42 INFO  Acquiring Spark session on job cluster (Photon enabled, DBR 15.4 LTS)
2026-06-04 05:26:45 INFO  Reading inputs from Unity Catalog main.curated.* 
2026-06-04 05:34:37 INFO  Stage 1 complete — input rows processed
2026-06-04 05:42:33 INFO  Writing output Delta table (MERGE) 
2026-06-04 05:42:35 INFO  [finance_reconciliation.extract_ledger] Task completed successfully in 955s (exit_code=0)",1,False,0
finance_reconciliation,2026-06-04,extract_payments,2026-06-04 05:42:44,2026-06-04 05:59:09,"2026-06-04 05:42:44 INFO  [finance_reconciliation.extract_payments] TaskInstance started — attempt 1
2026-06-04 05:42:46 INFO  Acquiring Spark session on job cluster (Photon enabled, DBR 15.4 LTS)
2026-06-04 05:42:49 INFO  Reading inputs from Unity Catalog main.curated.* 
2026-06-04 05:50:56 INFO  Stage 1 complete — input rows processed
2026-06-04 05:59:07 INFO  Writing output Delta table (MERGE) 
2026-06-04 05:59:09 INFO  [finance_reconciliation.extract_payments] Task completed successfully in 985s (exit_code=0)",1,False,0
finance_reconciliation,2026-06-04,reconcile,2026-06-04 05:59:31,2026-06-04 06:23:26,"2026-06-04 05:59:31 INFO  [finance_reconciliation.reconcile] TaskInstance started — attempt 1
2026-06-04 05:59:33 INFO  Acquiring Spark session on job cluster (Photon enabled, DBR 15.4 LTS)
2026-06-04 05:59:36 INFO  Reading inputs from Unity Catalog main.curated.* 
2026-06-04 06:11:28 INFO  Stage 1 complete — input rows processed
2026-06-04 06:23:24 INFO  Writing output Delta table (MERGE) 
2026-06-04 06:23:26 INFO  [finance_reconciliation.reconcile] Task completed successfully in 1435s (exit_code=0)",1,False,0
finance_reconciliation,2026-06-04,gl_validation,2026-06-04 06:24:23,2026-06-04 06:38:22,"2026-06-04 06:24:23 INFO  [finance_reconciliation.gl_validation] TaskInstance started — attempt 1
2026-06-04 06:24:25 INFO  Acquiring Spark session on job cluster (Photon enabled, DBR 15.4 LTS)
2026-06-04 06:24:28 INFO  Reading inputs from Unity Catalog main.curated.* 
2026-06-04 06:31:22 INFO  Stage 1 complete — input rows processed
2026-06-04 06:38:20 INFO  Writing output Delta table (MERGE) 
2026-06-04 06:38:22 INFO  [finance_reconciliation.gl_validation] Task completed successfully in 839s (exit_code=0)",1,False,0
finance_reconciliation,2026-06-04,export_report,2026-06-04 06:39:18,2026-06-04 07:00:50,"2026-06-04 06:39:18 INFO  [finance_reconciliation.export_report] TaskInstance started — attempt 1
2026-06-04 06:39:20 INFO  Acquiring Spark session on job cluster (Photon enabled, DBR 15.4 LTS)
2026-06-04 06:39:23 INFO  Reading inputs from Unity Catalog main.curated.* 
2026-06-04 06:50:04 INFO  Stage 1 complete — input rows processed
2026-06-04 07:00:48 INFO  Writing output Delta table (MERGE) 
2026-06-04 07:00:50 INFO  [finance_reconciliation.export_report] Task completed successfully in 1292s (exit_code=0)",1,False,0
clickstream_ingest,2026-06-04,read_kafka_offsets,2026-06-04 00:24:16,2026-06-04 00:43:25,"2026-06-04 00:24:16 INFO  [clickstream_ingest.read_kafka_offsets] TaskInstance started — attempt 1
2026-06-04 00:24:18 INFO  Acquiring Spark session on job cluster (Photon enabled, DBR 15.4 LTS)
2026-06-04 00:24:21 INFO  Reading inputs from Unity Catalog main.curated.* 
2026-06-04 00:33:50 INFO  Stage 1 complete — input rows processed
2026-06-04 00:43:23 INFO  Writing output Delta table (MERGE) 
2026-06-04 00:43:25 INFO  [clickstream_ingest.read_kafka_offsets] Task completed successfully in 1149s (exit_code=0)",1,False,0
clickstream_ingest,2026-06-04,parse_events,2026-06-04 00:43:52,2026-06-04 01:04:41,"2026-06-04 00:43:52 INFO  [clickstream_ingest.parse_events] TaskInstance started — attempt 1
2026-06-04 00:43:54 INFO  Acquiring Spark session on job cluster (Photon enabled, DBR 15.4 LTS)
2026-06-04 00:43:57 INFO  Reading inputs from Unity Catalog main.curated.* 
2026-06-04 00:54:16 INFO  Stage 1 complete — input rows processed
2026-06-04 01:04:39 INFO  Writing output Delta table (MERGE) 
2026-06-04 01:04:41 INFO  [clickstream_ingest.parse_events] Task completed successfully in 1249s (exit_code=0)",1,False,0
clickstream_ingest,2026-06-04,sessionize,2026-06-04 01:05:22,2026-06-04 01:15:55,"2026-06-04 01:05:22 INFO  [clickstream_ingest.sessionize] TaskInstance started — attempt 1
2026-06-04 01:05:24 INFO  Acquiring Spark session on job cluster (Photon enabled, DBR 15.4 LTS)
2026-06-04 01:05:27 INFO  Reading inputs from Unity Catalog main.curated.* 
2026-06-04 01:10:38 INFO  Stage 1 complete — input rows processed
2026-06-04 01:15:53 INFO  Writing output Delta table (MERGE) 
2026-06-04 01:15:55 INFO  [clickstream_ingest.sessionize] Task completed successfully in 633s (exit_code=0)",1,False,0
clickstream_ingest,2026-06-04,write_bronze,2026-06-04 01:16:04,2026-06-04 01:37:06,"2026-06-04 01:16:04 INFO  [clickstream_ingest.write_bronze] TaskInstance started — attempt 1
2026-06-04 01:16:06 INFO  Acquiring Spark session on job cluster (Photon enabled, DBR 15.4 LTS)
2026-06-04 01:16:09 INFO  Reading inputs from Unity Catalog main.curated.* 
2026-06-04 01:26:35 INFO  Stage 1 complete — input rows processed
2026-06-04 01:37:04 INFO  Writing output Delta table (MERGE) 
2026-06-04 01:37:06 INFO  [clickstream_ingest.write_bronze] Task completed successfully in 1262s (exit_code=0)",1,False,0
clickstream_ingest,2026-06-04,write_silver,2026-06-04 01:37:24,2026-06-04 01:58:24,"2026-06-04 01:37:24 INFO  [clickstream_ingest.write_silver] TaskInstance started — attempt 1
2026-06-04 01:37:26 INFO  Acquiring Spark session on job cluster (Photon enabled, DBR 15.4 LTS)
2026-06-04 01:37:29 INFO  Reading inputs from Unity Catalog main.curated.* 
2026-06-04 01:47:54 INFO  Stage 1 complete — input rows processed
2026-06-04 01:58:22 INFO  Writing output Delta table (MERGE) 
2026-06-04 01:58:24 INFO  [clickstream_ingest.write_silver] Task completed successfully in 1260s (exit_code=0)",1,False,0
ml_feature_store,2026-06-04,fetch_training_data,2026-06-04 06:07:43,2026-06-04 06:32:34,"2026-06-04 06:07:43 INFO  [ml_feature_store.fetch_training_data] TaskInstance started — attempt 1
2026-06-04 06:07:45 INFO  Acquiring Spark session on job cluster (Photon enabled, DBR 15.4 LTS)
2026-06-04 06:07:48 INFO  Reading inputs from Unity Catalog main.curated.* 
2026-06-04 06:20:08 INFO  Stage 1 complete — input rows processed
2026-06-04 06:32:32 INFO  Writing output Delta table (MERGE) 
2026-06-04 06:32:34 INFO  [ml_feature_store.fetch_training_data] Task completed successfully in 1491s (exit_code=0)",1,False,0
ml_feature_store,2026-06-04,compute_features,2026-06-04 06:33:33,2026-06-04 06:38:01,"2026-06-04 06:33:33 INFO  [ml_feature_store.compute_features] TaskInstance started — attempt 1
2026-06-04 06:33:35 INFO  Acquiring Spark session on job cluster (Photon enabled, DBR 15.4 LTS)
2026-06-04 06:33:38 INFO  Reading inputs from Unity Catalog main.curated.* 
2026-06-04 06:35:47 INFO  Stage 1 complete — input rows processed
2026-06-04 06:37:59 INFO  Writing output Delta table (MERGE) 
2026-06-04 06:38:01 INFO  [ml_feature_store.compute_features] Task completed successfully in 268s (exit_code=0)",1,False,0
ml_feature_store,2026-06-04,validate_features,2026-06-04 06:38:29,2026-06-04 06:56:05,"2026-06-04 06:38:29 INFO  [ml_feature_store.validate_features] TaskInstance started — attempt 1
2026-06-04 06:38:31 INFO  Acquiring Spark session on job cluster (Photon enabled, DBR 15.4 LTS)
2026-06-04 06:38:34 INFO  Reading inputs from Unity Catalog main.curated.* 
2026-06-04 06:47:17 INFO  Stage 1 complete — input rows processed
2026-06-04 06:56:03 INFO  Writing output Delta table (MERGE) 
2026-06-04 06:56:05 INFO  [ml_feature_store.validate_features] Task completed successfully in 1056s (exit_code=0)",1,False,0
ml_feature_store,2026-06-04,materialize_online,2026-06-04 06:56:19,2026-06-04 07:07:54,"2026-06-04 06:56:19 INFO  [ml_feature_store.materialize_online] TaskInstance started — attempt 1
2026-06-04 06:56:21 INFO  Acquiring Spark session on job cluster (Photon enabled, DBR 15.4 LTS)
2026-06-04 06:56:24 INFO  Reading inputs from Unity Catalog main.curated.* 
2026-06-04 07:02:06 INFO  Stage 1 running…
2026-06-04 07:07:51 ERROR Analyzer: cannot resolve column 'customer_id' — upstream schema changed.
2026-06-04 07:07:52 ERROR   org.apache.spark.sql.AnalysisException: cannot resolve 'customer_id' given input columns: [cust_id, ...]
                       	at org.apache.spark.sql.catalyst.analysis.CheckAnalysis.failAnalysis(...)
                       	at org.apache.spark.sql.Dataset.select(Dataset.scala:1685)
2026-06-04 07:07:54 ERROR [ml_feature_store.materialize_online] Task failed on attempt 1 (exit_code=1)",1,False,1
ml_feature_store,2026-06-04,materialize_online,2026-06-04 07:10:30,2026-06-04 07:22:05,"2026-06-04 07:10:30 INFO  [ml_feature_store.materialize_online] TaskInstance started — attempt 2
2026-06-04 07:10:32 INFO  Acquiring Spark session on job cluster (Photon enabled, DBR 15.4 LTS)
2026-06-04 07:10:35 INFO  Reading inputs from Unity Catalog main.curated.* 
2026-06-04 07:16:17 INFO  Stage 1 running…
2026-06-04 07:22:02 ERROR Analyzer: cannot resolve column 'customer_id' — upstream schema changed.
2026-06-04 07:22:03 ERROR   org.apache.spark.sql.AnalysisException: cannot resolve 'customer_id' given input columns: [cust_id, ...]
                       	at org.apache.spark.sql.catalyst.analysis.CheckAnalysis.failAnalysis(...)
                       	at org.apache.spark.sql.Dataset.select(Dataset.scala:1685)
2026-06-04 07:22:05 ERROR [ml_feature_store.materialize_online] Task failed on attempt 2 (exit_code=1)",2,False,1
ml_feature_store,2026-06-04,materialize_online,2026-06-04 07:23:31,2026-06-04 07:35:06,"2026-06-04 07:23:31 INFO  [ml_feature_store.materialize_online] TaskInstance started — attempt 3
2026-06-04 07:23:33 INFO  Acquiring Spark session on job cluster (Photon enabled, DBR 15.4 LTS)
2026-06-04 07:23:36 INFO  Reading inputs from Unity Catalog main.curated.* 
2026-06-04 07:29:18 INFO  Stage 1 running…
2026-06-04 07:35:03 ERROR Analyzer: cannot resolve column 'customer_id' — upstream schema changed.
2026-06-04 07:35:04 ERROR   org.apache.spark.sql.AnalysisException: cannot resolve 'customer_id' given input columns: [cust_id, ...]
                       	at org.apache.spark.sql.catalyst.analysis.CheckAnalysis.failAnalysis(...)
                       	at org.apache.spark.sql.Dataset.select(Dataset.scala:1685)
2026-06-04 07:35:06 ERROR [ml_feature_store.materialize_online] Task failed on attempt 3 (exit_code=1)",3,False,1
ml_feature_store,2026-06-04,materialize_online,2026-06-04 07:37:39,2026-06-04 07:49:14,"2026-06-04 07:37:39 INFO  [ml_feature_store.materialize_online] TaskInstance started — attempt 4
2026-06-04 07:37:41 INFO  Acquiring Spark session on job cluster (Photon enabled, DBR 15.4 LTS)
2026-06-04 07:37:44 INFO  Reading inputs from Unity Catalog main.curated.* 
2026-06-04 07:43:26 INFO  Stage 1 running…
2026-06-04 07:49:11 ERROR Analyzer: cannot resolve column 'customer_id' — upstream schema changed.
2026-06-04 07:49:12 ERROR   org.apache.spark.sql.AnalysisException: cannot resolve 'customer_id' given input columns: [cust_id, ...]
                       	at org.apache.spark.sql.catalyst.analysis.CheckAnalysis.failAnalysis(...)
                       	at org.apache.spark.sql.Dataset.select(Dataset.scala:1685)
2026-06-04 07:49:14 ERROR [ml_feature_store.materialize_online] Task failed on attempt 4 (exit_code=1)",4,False,1
data_quality_checks,2026-06-04,load_snapshots,2026-06-04 07:21:51,2026-06-04 07:35:10,"2026-06-04 07:21:51 INFO  [data_quality_checks.load_snapshots] TaskInstance started — attempt 1
2026-06-04 07:21:53 INFO  Acquiring Spark session on job cluster (Photon enabled, DBR 15.4 LTS)
2026-06-04 07:21:56 INFO  Reading inputs from Unity Catalog main.curated.* 
2026-06-04 07:28:30 INFO  Stage 1 complete — input rows processed
2026-06-04 07:35:08 INFO  Writing output Delta table (MERGE) 
2026-06-04 07:35:10 INFO  [data_quality_checks.load_snapshots] Task completed successfully in 799s (exit_code=0)",1,False,0
data_quality_checks,2026-06-04,run_expectations,2026-06-04 07:35:20,2026-06-04 07:47:43,"2026-06-04 07:35:20 INFO  [data_quality_checks.run_expectations] TaskInstance started — attempt 1
2026-06-04 07:35:22 INFO  Acquiring Spark session on job cluster (Photon enabled, DBR 15.4 LTS)
2026-06-04 07:35:25 INFO  Reading inputs from Unity Catalog main.curated.* 
2026-06-04 07:41:31 INFO  Stage 1 complete — input rows processed
2026-06-04 07:47:41 INFO  Writing output Delta table (MERGE) 
2026-06-04 07:47:43 INFO  [data_quality_checks.run_expectations] Task completed successfully in 743s (exit_code=0)",1,False,0
data_quality_checks,2026-06-04,summarize_results,2026-06-04 07:48:16,2026-06-04 07:55:04,"2026-06-04 07:48:16 INFO  [data_quality_checks.summarize_results] TaskInstance started — attempt 1
2026-06-04 07:48:18 INFO  Acquiring Spark session on job cluster (Photon enabled, DBR 15.4 LTS)
2026-06-04 07:48:21 INFO  Reading inputs from Unity Catalog main.curated.* 
2026-06-04 07:51:40 INFO  Stage 1 complete — input rows processed
2026-06-04 07:55:02 INFO  Writing output Delta table (MERGE) 
2026-06-04 07:55:04 INFO  [data_quality_checks.summarize_results] Task completed successfully in 408s (exit_code=0)",1,False,0
revenue_reporting,2026-06-04,aggregate_daily_revenue,2026-06-04 08:23:51,2026-06-04 08:44:30,"2026-06-04 08:23:51 INFO  [revenue_reporting.aggregate_daily_revenue] TaskInstance started — attempt 1
2026-06-04 08:23:53 INFO  Acquiring Spark session on job cluster (Photon enabled, DBR 15.4 LTS)
2026-06-04 08:23:56 INFO  Reading inputs from Unity Catalog main.curated.* 
2026-06-04 08:34:10 INFO  Stage 1 complete — input rows processed
2026-06-04 08:44:28 INFO  Writing output Delta table (MERGE) 
2026-06-04 08:44:30 INFO  [revenue_reporting.aggregate_daily_revenue] Task completed successfully in 1239s (exit_code=0)",1,False,0
revenue_reporting,2026-06-04,currency_convert,2026-06-04 08:45:18,2026-06-04 08:52:45,"2026-06-04 08:45:18 INFO  [revenue_reporting.currency_convert] TaskInstance started — attempt 1
2026-06-04 08:45:20 INFO  Acquiring Spark session on job cluster (Photon enabled, DBR 15.4 LTS)
2026-06-04 08:45:23 INFO  Reading inputs from Unity Catalog main.curated.* 
2026-06-04 08:49:01 INFO  Stage 1 complete — input rows processed
2026-06-04 08:52:43 INFO  Writing output Delta table (MERGE) 
2026-06-04 08:52:45 INFO  [revenue_reporting.currency_convert] Task completed successfully in 447s (exit_code=0)",1,False,0
revenue_reporting,2026-06-04,build_dashboards_tbl,2026-06-04 08:53:23,2026-06-04 09:04:29,"2026-06-04 08:53:23 INFO  [revenue_reporting.build_dashboards_tbl] TaskInstance started — attempt 1
2026-06-04 08:53:25 INFO  Acquiring Spark session on job cluster (Photon enabled, DBR 15.4 LTS)
2026-06-04 08:53:28 INFO  Reading inputs from Unity Catalog main.curated.* 
2026-06-04 08:58:56 INFO  Stage 1 complete — input rows processed
2026-06-04 09:04:27 INFO  Writing output Delta table (MERGE) 
2026-06-04 09:04:29 INFO  [revenue_reporting.build_dashboards_tbl] Task completed successfully in 666s (exit_code=0)",1,False,0
user_segmentation,2026-06-04,load_activity,2026-06-04 09:10:51,2026-06-04 09:14:27,"2026-06-04 09:10:51 INFO  [user_segmentation.load_activity] TaskInstance started — attempt 1
2026-06-04 09:10:53 INFO  Acquiring Spark session on job cluster (Photon enabled, DBR 15.4 LTS)
2026-06-04 09:10:56 INFO  Reading inputs from Unity Catalog main.curated.* 
2026-06-04 09:12:39 INFO  Stage 1 complete — input rows processed
2026-06-04 09:14:25 INFO  Writing output Delta table (MERGE) 
2026-06-04 09:14:27 INFO  [user_segmentation.load_activity] Task completed successfully in 216s (exit_code=0)",1,False,0
user_segmentation,2026-06-04,compute_rfm,2026-06-04 09:14:32,2026-06-04 09:37:00,"2026-06-04 09:14:32 INFO  [user_segmentation.compute_rfm] TaskInstance started — attempt 1
2026-06-04 09:14:34 INFO  Acquiring Spark session on job cluster (Photon enabled, DBR 15.4 LTS)
2026-06-04 09:14:37 INFO  Reading inputs from Unity Catalog main.curated.* 
2026-06-04 09:25:46 INFO  Stage 1 complete — input rows processed
2026-06-04 09:36:58 INFO  Writing output Delta table (MERGE) 
2026-06-04 09:37:00 INFO  [user_segmentation.compute_rfm] Task completed successfully in 1348s (exit_code=0)",1,False,0
user_segmentation,2026-06-04,assign_segments,2026-06-04 09:37:42,2026-06-04 09:46:47,"2026-06-04 09:37:42 INFO  [user_segmentation.assign_segments] TaskInstance started — attempt 1
2026-06-04 09:37:44 INFO  Acquiring Spark session on job cluster (Photon enabled, DBR 15.4 LTS)
2026-06-04 09:37:47 INFO  Reading inputs from Unity Catalog main.curated.* 
2026-06-04 09:42:14 INFO  Stage 1 complete — input rows processed
2026-06-04 09:46:45 INFO  Writing output Delta table (MERGE) 
2026-06-04 09:46:47 INFO  [user_segmentation.assign_segments] Task completed successfully in 545s (exit_code=0)",1,False,0
user_segmentation,2026-06-04,push_to_crm,2026-06-04 09:47:26,2026-06-04 09:59:48,"2026-06-04 09:47:26 INFO  [user_segmentation.push_to_crm] TaskInstance started — attempt 1
2026-06-04 09:47:28 INFO  Acquiring Spark session on job cluster (Photon enabled, DBR 15.4 LTS)
2026-06-04 09:47:31 INFO  Reading inputs from Unity Catalog main.curated.* 
2026-06-04 09:53:37 INFO  Stage 1 complete — input rows processed
2026-06-04 09:59:46 INFO  Writing output Delta table (MERGE) 
2026-06-04 09:59:48 INFO  [user_segmentation.push_to_crm] Task completed successfully in 742s (exit_code=0)",1,False,0
daily_sales_etl,2026-06-05,extract_orders,2026-06-05 02:07:16,2026-06-05 02:13:23,"2026-06-05 02:07:16 INFO  [daily_sales_etl.extract_orders] TaskInstance started — attempt 1
2026-06-05 02:07:18 INFO  Acquiring Spark session on job cluster (Photon enabled, DBR 15.4 LTS)
2026-06-05 02:07:21 INFO  Reading inputs from Unity Catalog main.curated.* 
2026-06-05 02:10:19 INFO  Stage 1 complete — input rows processed
2026-06-05 02:13:21 INFO  Writing output Delta table (MERGE) 
2026-06-05 02:13:23 INFO  [daily_sales_etl.extract_orders] Task completed successfully in 367s (exit_code=0)",1,False,0
daily_sales_etl,2026-06-05,extract_returns,2026-06-05 02:13:59,2026-06-05 02:20:00,"2026-06-05 02:13:59 INFO  [daily_sales_etl.extract_returns] TaskInstance started — attempt 1
2026-06-05 02:14:01 INFO  Acquiring Spark session on job cluster (Photon enabled, DBR 15.4 LTS)
2026-06-05 02:14:04 INFO  Reading inputs from Unity Catalog main.curated.* 
2026-06-05 02:16:59 INFO  Stage 1 complete — input rows processed
2026-06-05 02:19:58 INFO  Writing output Delta table (MERGE) 
2026-06-05 02:20:00 INFO  [daily_sales_etl.extract_returns] Task completed successfully in 361s (exit_code=0)",1,False,0
daily_sales_etl,2026-06-05,transform_sales,2026-06-05 02:20:32,2026-06-05 02:33:26,"2026-06-05 02:20:32 INFO  [daily_sales_etl.transform_sales] TaskInstance started — attempt 1
2026-06-05 02:20:34 INFO  Acquiring Spark session on job cluster (Photon enabled, DBR 15.4 LTS)
2026-06-05 02:20:37 INFO  Reading inputs from Unity Catalog main.curated.* 
2026-06-05 02:26:59 INFO  Stage 1 complete — input rows processed
2026-06-05 02:33:24 INFO  Writing output Delta table (MERGE) 
2026-06-05 02:33:26 INFO  [daily_sales_etl.transform_sales] Task completed successfully in 774s (exit_code=0)",1,False,0
daily_sales_etl,2026-06-05,dq_check_sales,2026-06-05 02:33:54,2026-06-05 02:38:23,"2026-06-05 02:33:54 INFO  [daily_sales_etl.dq_check_sales] TaskInstance started — attempt 1
2026-06-05 02:33:56 INFO  Acquiring Spark session on job cluster (Photon enabled, DBR 15.4 LTS)
2026-06-05 02:33:59 INFO  Reading inputs from Unity Catalog main.curated.* 
2026-06-05 02:36:08 INFO  Stage 1 complete — input rows processed
2026-06-05 02:38:21 INFO  Writing output Delta table (MERGE) 
2026-06-05 02:38:23 INFO  [daily_sales_etl.dq_check_sales] Task completed successfully in 269s (exit_code=0)",1,False,0
daily_sales_etl,2026-06-05,load_fact_sales,2026-06-05 02:38:52,2026-06-05 02:44:32,"2026-06-05 02:38:52 INFO  [daily_sales_etl.load_fact_sales] TaskInstance started — attempt 1
2026-06-05 02:38:54 INFO  Acquiring Spark session on job cluster (Photon enabled, DBR 15.4 LTS)
2026-06-05 02:38:57 INFO  Reading inputs from Unity Catalog main.curated.* 
2026-06-05 02:41:42 INFO  Stage 1 running…
2026-06-05 02:44:29 ERROR ShuffleBlockFetcherIterator: Failed to fetch shuffle block from a lost executor.
2026-06-05 02:44:30 ERROR   org.apache.spark.shuffle.FetchFailedException: Failed to connect to executor-7.cluster:35421
                       	at org.apache.spark.storage.ShuffleBlockFetcherIterator.throwFetchFailedException(...)
                       	at org.apache.spark.scheduler.ShuffleMapTask.runTask(ShuffleMapTask.scala:99)
2026-06-05 02:44:32 ERROR [daily_sales_etl.load_fact_sales] Task failed on attempt 1 (exit_code=1)",1,True,1
daily_sales_etl,2026-06-05,load_fact_sales,2026-06-05 02:48:17,2026-06-05 02:55:28,"2026-06-05 02:48:17 INFO  [daily_sales_etl.load_fact_sales] TaskInstance started — attempt 2
2026-06-05 02:48:19 INFO  Acquiring Spark session on job cluster (Photon enabled, DBR 15.4 LTS)
2026-06-05 02:48:22 INFO  Reading inputs from Unity Catalog main.curated.* 
2026-06-05 02:51:52 INFO  Stage 1 running…
2026-06-05 02:55:25 ERROR ShuffleBlockFetcherIterator: Failed to fetch shuffle block from a lost executor.
2026-06-05 02:55:26 ERROR   org.apache.spark.shuffle.FetchFailedException: Failed to connect to executor-7.cluster:35421
                       	at org.apache.spark.storage.ShuffleBlockFetcherIterator.throwFetchFailedException(...)
                       	at org.apache.spark.scheduler.ShuffleMapTask.runTask(ShuffleMapTask.scala:99)
2026-06-05 02:55:28 ERROR [daily_sales_etl.load_fact_sales] Task failed on attempt 2 (exit_code=1)",2,True,1
daily_sales_etl,2026-06-05,load_fact_sales,2026-06-05 02:57:33,2026-06-05 03:13:04,"2026-06-05 02:57:33 INFO  [daily_sales_etl.load_fact_sales] TaskInstance started — attempt 3
2026-06-05 02:57:35 INFO  Acquiring Spark session on job cluster (Photon enabled, DBR 15.4 LTS)
2026-06-05 02:57:38 INFO  Reading inputs from Unity Catalog main.curated.* 
2026-06-05 03:05:18 INFO  Stage 1 complete — input rows processed
2026-06-05 03:13:02 INFO  Writing output Delta table (MERGE) 
2026-06-05 03:13:04 INFO  [daily_sales_etl.load_fact_sales] Task completed successfully in 931s (exit_code=0)",3,True,0
customer_360_pipeline,2026-06-05,ingest_crm,2026-06-05 01:07:24,2026-06-05 01:14:49,"2026-06-05 01:07:24 INFO  [customer_360_pipeline.ingest_crm] TaskInstance started — attempt 1
2026-06-05 01:07:26 INFO  Acquiring Spark session on job cluster (Photon enabled, DBR 15.4 LTS)
2026-06-05 01:07:29 INFO  Reading inputs from Unity Catalog main.curated.* 
2026-06-05 01:11:06 INFO  Stage 1 complete — input rows processed
2026-06-05 01:14:47 INFO  Writing output Delta table (MERGE) 
2026-06-05 01:14:49 INFO  [customer_360_pipeline.ingest_crm] Task completed successfully in 445s (exit_code=0)",1,False,0
customer_360_pipeline,2026-06-05,ingest_web_events,2026-06-05 01:15:06,2026-06-05 01:37:54,"2026-06-05 01:15:06 INFO  [customer_360_pipeline.ingest_web_events] TaskInstance started — attempt 1
2026-06-05 01:15:08 INFO  Acquiring Spark session on job cluster (Photon enabled, DBR 15.4 LTS)
2026-06-05 01:15:11 INFO  Reading inputs from Unity Catalog main.curated.* 
2026-06-05 01:26:30 INFO  Stage 1 complete — input rows processed
2026-06-05 01:37:52 INFO  Writing output Delta table (MERGE) 
2026-06-05 01:37:54 INFO  [customer_360_pipeline.ingest_web_events] Task completed successfully in 1368s (exit_code=0)",1,False,0
customer_360_pipeline,2026-06-05,resolve_identity,2026-06-05 01:38:41,2026-06-05 01:48:37,"2026-06-05 01:38:41 INFO  [customer_360_pipeline.resolve_identity] TaskInstance started — attempt 1
2026-06-05 01:38:43 INFO  Acquiring Spark session on job cluster (Photon enabled, DBR 15.4 LTS)
2026-06-05 01:38:46 INFO  Reading inputs from Unity Catalog main.curated.* 
2026-06-05 01:43:39 INFO  Stage 1 complete — input rows processed
2026-06-05 01:48:35 INFO  Writing output Delta table (MERGE) 
2026-06-05 01:48:37 INFO  [customer_360_pipeline.resolve_identity] Task completed successfully in 596s (exit_code=0)",1,False,0
customer_360_pipeline,2026-06-05,build_profiles,2026-06-05 01:48:46,2026-06-05 01:54:29,"2026-06-05 01:48:46 INFO  [customer_360_pipeline.build_profiles] TaskInstance started — attempt 1
2026-06-05 01:48:48 INFO  Acquiring Spark session on job cluster (Photon enabled, DBR 15.4 LTS)
2026-06-05 01:48:51 INFO  Reading inputs from Unity Catalog main.curated.* 
2026-06-05 01:51:37 INFO  Stage 1 complete — input rows processed
2026-06-05 01:54:27 INFO  Writing output Delta table (MERGE) 
2026-06-05 01:54:29 INFO  [customer_360_pipeline.build_profiles] Task completed successfully in 343s (exit_code=0)",1,False,0
customer_360_pipeline,2026-06-05,publish_features,2026-06-05 01:54:58,2026-06-05 02:11:23,"2026-06-05 01:54:58 INFO  [customer_360_pipeline.publish_features] TaskInstance started — attempt 1
2026-06-05 01:55:00 INFO  Acquiring Spark session on job cluster (Photon enabled, DBR 15.4 LTS)
2026-06-05 01:55:03 INFO  Reading inputs from Unity Catalog main.curated.* 
2026-06-05 02:03:10 INFO  Stage 1 complete — input rows processed
2026-06-05 02:11:21 INFO  Writing output Delta table (MERGE) 
2026-06-05 02:11:23 INFO  [customer_360_pipeline.publish_features] Task completed successfully in 985s (exit_code=0)",1,False,0
inventory_sync,2026-06-05,pull_warehouse_api,2026-06-05 03:29:57,2026-06-05 03:33:49,"2026-06-05 03:29:57 INFO  [inventory_sync.pull_warehouse_api] TaskInstance started — attempt 1
2026-06-05 03:29:59 INFO  Acquiring Spark session on job cluster (Photon enabled, DBR 15.4 LTS)
2026-06-05 03:30:02 INFO  Reading inputs from Unity Catalog main.curated.* 
2026-06-05 03:31:53 INFO  Stage 1 complete — input rows processed
2026-06-05 03:33:47 INFO  Writing output Delta table (MERGE) 
2026-06-05 03:33:49 INFO  [inventory_sync.pull_warehouse_api] Task completed successfully in 232s (exit_code=0)",1,False,0
inventory_sync,2026-06-05,normalize_sku,2026-06-05 03:34:30,2026-06-05 03:53:17,"2026-06-05 03:34:30 INFO  [inventory_sync.normalize_sku] TaskInstance started — attempt 1
2026-06-05 03:34:32 INFO  Acquiring Spark session on job cluster (Photon enabled, DBR 15.4 LTS)
2026-06-05 03:34:35 INFO  Reading inputs from Unity Catalog main.curated.* 
2026-06-05 03:43:53 INFO  Stage 1 complete — input rows processed
2026-06-05 03:53:15 INFO  Writing output Delta table (MERGE) 
2026-06-05 03:53:17 INFO  [inventory_sync.normalize_sku] Task completed successfully in 1127s (exit_code=0)",1,False,0
inventory_sync,2026-06-05,reconcile_stock,2026-06-05 03:54:06,2026-06-05 04:11:59,"2026-06-05 03:54:06 INFO  [inventory_sync.reconcile_stock] TaskInstance started — attempt 1
2026-06-05 03:54:08 INFO  Acquiring Spark session on job cluster (Photon enabled, DBR 15.4 LTS)
2026-06-05 03:54:11 INFO  Reading inputs from Unity Catalog main.curated.* 
2026-06-05 04:03:02 INFO  Stage 1 complete — input rows processed
2026-06-05 04:11:57 INFO  Writing output Delta table (MERGE) 
2026-06-05 04:11:59 INFO  [inventory_sync.reconcile_stock] Task completed successfully in 1073s (exit_code=0)",1,False,0
inventory_sync,2026-06-05,write_delta,2026-06-05 04:12:34,2026-06-05 04:21:34,"2026-06-05 04:12:34 INFO  [inventory_sync.write_delta] TaskInstance started — attempt 1
2026-06-05 04:12:36 INFO  Acquiring Spark session on job cluster (Photon enabled, DBR 15.4 LTS)
2026-06-05 04:12:39 INFO  Reading inputs from Unity Catalog main.curated.* 
2026-06-05 04:17:04 INFO  Stage 1 complete — input rows processed
2026-06-05 04:21:32 INFO  Writing output Delta table (MERGE) 
2026-06-05 04:21:34 INFO  [inventory_sync.write_delta] Task completed successfully in 540s (exit_code=0)",1,False,0
marketing_attribution,2026-06-05,load_ad_spend,2026-06-05 04:12:31,2026-06-05 04:22:21,"2026-06-05 04:12:31 INFO  [marketing_attribution.load_ad_spend] TaskInstance started — attempt 1
2026-06-05 04:12:33 INFO  Acquiring Spark session on job cluster (Photon enabled, DBR 15.4 LTS)
2026-06-05 04:12:36 INFO  Reading inputs from Unity Catalog main.curated.* 
2026-06-05 04:17:26 INFO  Stage 1 running…
2026-06-05 04:22:18 ERROR UnityCatalog: PERMISSION_DENIED for service principal on a referenced table.
2026-06-05 04:22:19 ERROR   com.databricks.sql.managedcatalog.PermissionDeniedException: PERMISSION_DENIED: User 'sp-dataops-prod' does not have SELECT on Table 'main.curated.load_ad_spend'
                       	at com.databricks.sql.managedcatalog.ManagedCatalogClientImpl.checkPrivilege(...)
2026-06-05 04:22:21 ERROR [marketing_attribution.load_ad_spend] Task failed on attempt 1 (exit_code=1)",1,False,1
marketing_attribution,2026-06-05,load_ad_spend,2026-06-05 04:25:03,2026-06-05 04:34:53,"2026-06-05 04:25:03 INFO  [marketing_attribution.load_ad_spend] TaskInstance started — attempt 2
2026-06-05 04:25:05 INFO  Acquiring Spark session on job cluster (Photon enabled, DBR 15.4 LTS)
2026-06-05 04:25:08 INFO  Reading inputs from Unity Catalog main.curated.* 
2026-06-05 04:29:58 INFO  Stage 1 running…
2026-06-05 04:34:50 ERROR UnityCatalog: PERMISSION_DENIED for service principal on a referenced table.
2026-06-05 04:34:51 ERROR   com.databricks.sql.managedcatalog.PermissionDeniedException: PERMISSION_DENIED: User 'sp-dataops-prod' does not have SELECT on Table 'main.curated.load_ad_spend'
                       	at com.databricks.sql.managedcatalog.ManagedCatalogClientImpl.checkPrivilege(...)
2026-06-05 04:34:53 ERROR [marketing_attribution.load_ad_spend] Task failed on attempt 2 (exit_code=1)",2,False,1
marketing_attribution,2026-06-05,load_ad_spend,2026-06-05 04:38:11,2026-06-05 04:48:01,"2026-06-05 04:38:11 INFO  [marketing_attribution.load_ad_spend] TaskInstance started — attempt 3
2026-06-05 04:38:13 INFO  Acquiring Spark session on job cluster (Photon enabled, DBR 15.4 LTS)
2026-06-05 04:38:16 INFO  Reading inputs from Unity Catalog main.curated.* 
2026-06-05 04:43:06 INFO  Stage 1 running…
2026-06-05 04:47:58 ERROR UnityCatalog: PERMISSION_DENIED for service principal on a referenced table.
2026-06-05 04:47:59 ERROR   com.databricks.sql.managedcatalog.PermissionDeniedException: PERMISSION_DENIED: User 'sp-dataops-prod' does not have SELECT on Table 'main.curated.load_ad_spend'
                       	at com.databricks.sql.managedcatalog.ManagedCatalogClientImpl.checkPrivilege(...)
2026-06-05 04:48:01 ERROR [marketing_attribution.load_ad_spend] Task failed on attempt 3 (exit_code=1)",3,False,1
finance_reconciliation,2026-06-05,extract_ledger,2026-06-05 05:29:43,2026-06-05 05:43:59,"2026-06-05 05:29:43 INFO  [finance_reconciliation.extract_ledger] TaskInstance started — attempt 1
2026-06-05 05:29:45 INFO  Acquiring Spark session on job cluster (Photon enabled, DBR 15.4 LTS)
2026-06-05 05:29:48 INFO  Reading inputs from Unity Catalog main.curated.* 
2026-06-05 05:36:51 INFO  Stage 1 complete — input rows processed
2026-06-05 05:43:57 INFO  Writing output Delta table (MERGE) 
2026-06-05 05:43:59 INFO  [finance_reconciliation.extract_ledger] Task completed successfully in 856s (exit_code=0)",1,False,0
finance_reconciliation,2026-06-05,extract_payments,2026-06-05 05:44:53,2026-06-05 06:03:34,"2026-06-05 05:44:53 INFO  [finance_reconciliation.extract_payments] TaskInstance started — attempt 1
2026-06-05 05:44:55 INFO  Acquiring Spark session on job cluster (Photon enabled, DBR 15.4 LTS)
2026-06-05 05:44:58 INFO  Reading inputs from Unity Catalog main.curated.* 
2026-06-05 05:54:13 INFO  Stage 1 complete — input rows processed
2026-06-05 06:03:32 INFO  Writing output Delta table (MERGE) 
2026-06-05 06:03:34 INFO  [finance_reconciliation.extract_payments] Task completed successfully in 1121s (exit_code=0)",1,False,0
finance_reconciliation,2026-06-05,reconcile,2026-06-05 06:03:53,2026-06-05 06:09:30,"2026-06-05 06:03:53 INFO  [finance_reconciliation.reconcile] TaskInstance started — attempt 1
2026-06-05 06:03:55 INFO  Acquiring Spark session on job cluster (Photon enabled, DBR 15.4 LTS)
2026-06-05 06:03:58 INFO  Reading inputs from Unity Catalog main.curated.* 
2026-06-05 06:06:41 INFO  Stage 1 complete — input rows processed
2026-06-05 06:09:28 INFO  Writing output Delta table (MERGE) 
2026-06-05 06:09:30 INFO  [finance_reconciliation.reconcile] Task completed successfully in 337s (exit_code=0)",1,False,0
finance_reconciliation,2026-06-05,gl_validation,2026-06-05 06:09:35,2026-06-05 06:16:03,"2026-06-05 06:09:35 INFO  [finance_reconciliation.gl_validation] TaskInstance started — attempt 1
2026-06-05 06:09:37 INFO  Acquiring Spark session on job cluster (Photon enabled, DBR 15.4 LTS)
2026-06-05 06:09:40 INFO  Reading inputs from Unity Catalog main.curated.* 
2026-06-05 06:12:49 INFO  Stage 1 complete — input rows processed
2026-06-05 06:16:01 INFO  Writing output Delta table (MERGE) 
2026-06-05 06:16:03 INFO  [finance_reconciliation.gl_validation] Task completed successfully in 388s (exit_code=0)",1,False,0
finance_reconciliation,2026-06-05,export_report,2026-06-05 06:17:02,2026-06-05 06:27:23,"2026-06-05 06:17:02 INFO  [finance_reconciliation.export_report] TaskInstance started — attempt 1
2026-06-05 06:17:04 INFO  Acquiring Spark session on job cluster (Photon enabled, DBR 15.4 LTS)
2026-06-05 06:17:07 INFO  Reading inputs from Unity Catalog main.curated.* 
2026-06-05 06:22:12 INFO  Stage 1 complete — input rows processed
2026-06-05 06:27:21 INFO  Writing output Delta table (MERGE) 
2026-06-05 06:27:23 INFO  [finance_reconciliation.export_report] Task completed successfully in 621s (exit_code=0)",1,False,0
clickstream_ingest,2026-06-05,read_kafka_offsets,2026-06-05 00:26:43,2026-06-05 00:41:10,"2026-06-05 00:26:43 INFO  [clickstream_ingest.read_kafka_offsets] TaskInstance started — attempt 1
2026-06-05 00:26:45 INFO  Acquiring Spark session on job cluster (Photon enabled, DBR 15.4 LTS)
2026-06-05 00:26:48 INFO  Reading inputs from Unity Catalog main.curated.* 
2026-06-05 00:33:56 INFO  Stage 1 complete — input rows processed
2026-06-05 00:41:08 INFO  Writing output Delta table (MERGE) 
2026-06-05 00:41:10 INFO  [clickstream_ingest.read_kafka_offsets] Task completed successfully in 867s (exit_code=0)",1,False,0
clickstream_ingest,2026-06-05,parse_events,2026-06-05 00:41:18,2026-06-05 01:03:05,"2026-06-05 00:41:18 INFO  [clickstream_ingest.parse_events] TaskInstance started — attempt 1
2026-06-05 00:41:20 INFO  Acquiring Spark session on job cluster (Photon enabled, DBR 15.4 LTS)
2026-06-05 00:41:23 INFO  Reading inputs from Unity Catalog main.curated.* 
2026-06-05 00:52:11 INFO  Stage 1 complete — input rows processed
2026-06-05 01:03:03 INFO  Writing output Delta table (MERGE) 
2026-06-05 01:03:05 INFO  [clickstream_ingest.parse_events] Task completed successfully in 1307s (exit_code=0)",1,False,0
clickstream_ingest,2026-06-05,sessionize,2026-06-05 01:03:36,2026-06-05 01:26:31,"2026-06-05 01:03:36 INFO  [clickstream_ingest.sessionize] TaskInstance started — attempt 1
2026-06-05 01:03:38 INFO  Acquiring Spark session on job cluster (Photon enabled, DBR 15.4 LTS)
2026-06-05 01:03:41 INFO  Reading inputs from Unity Catalog main.curated.* 
2026-06-05 01:15:03 INFO  Stage 1 complete — input rows processed
2026-06-05 01:26:29 INFO  Writing output Delta table (MERGE) 
2026-06-05 01:26:31 INFO  [clickstream_ingest.sessionize] Task completed successfully in 1375s (exit_code=0)",1,False,0
clickstream_ingest,2026-06-05,write_bronze,2026-06-05 01:27:02,2026-06-05 01:31:44,"2026-06-05 01:27:02 INFO  [clickstream_ingest.write_bronze] TaskInstance started — attempt 1
2026-06-05 01:27:04 INFO  Acquiring Spark session on job cluster (Photon enabled, DBR 15.4 LTS)
2026-06-05 01:27:07 INFO  Reading inputs from Unity Catalog main.curated.* 
2026-06-05 01:29:23 INFO  Stage 1 complete — input rows processed
2026-06-05 01:31:42 INFO  Writing output Delta table (MERGE) 
2026-06-05 01:31:44 INFO  [clickstream_ingest.write_bronze] Task completed successfully in 282s (exit_code=0)",1,False,0
clickstream_ingest,2026-06-05,write_silver,2026-06-05 01:31:58,2026-06-05 01:45:54,"2026-06-05 01:31:58 INFO  [clickstream_ingest.write_silver] TaskInstance started — attempt 1
2026-06-05 01:32:00 INFO  Acquiring Spark session on job cluster (Photon enabled, DBR 15.4 LTS)
2026-06-05 01:32:03 INFO  Reading inputs from Unity Catalog main.curated.* 
2026-06-05 01:38:56 INFO  Stage 1 complete — input rows processed
2026-06-05 01:45:52 INFO  Writing output Delta table (MERGE) 
2026-06-05 01:45:54 INFO  [clickstream_ingest.write_silver] Task completed successfully in 836s (exit_code=0)",1,False,0
ml_feature_store,2026-06-05,fetch_training_data,2026-06-05 06:00:11,2026-06-05 06:12:33,"2026-06-05 06:00:11 INFO  [ml_feature_store.fetch_training_data] TaskInstance started — attempt 1
2026-06-05 06:00:13 INFO  Acquiring Spark session on job cluster (Photon enabled, DBR 15.4 LTS)
2026-06-05 06:00:16 INFO  Reading inputs from Unity Catalog main.curated.* 
2026-06-05 06:06:22 INFO  Stage 1 complete — input rows processed
2026-06-05 06:12:31 INFO  Writing output Delta table (MERGE) 
2026-06-05 06:12:33 INFO  [ml_feature_store.fetch_training_data] Task completed successfully in 742s (exit_code=0)",1,False,0
ml_feature_store,2026-06-05,compute_features,2026-06-05 06:12:43,2026-06-05 06:26:24,"2026-06-05 06:12:43 INFO  [ml_feature_store.compute_features] TaskInstance started — attempt 1
2026-06-05 06:12:45 INFO  Acquiring Spark session on job cluster (Photon enabled, DBR 15.4 LTS)
2026-06-05 06:12:48 INFO  Reading inputs from Unity Catalog main.curated.* 
2026-06-05 06:19:33 INFO  Stage 1 complete — input rows processed
2026-06-05 06:26:22 INFO  Writing output Delta table (MERGE) 
2026-06-05 06:26:24 INFO  [ml_feature_store.compute_features] Task completed successfully in 821s (exit_code=0)",1,False,0
ml_feature_store,2026-06-05,validate_features,2026-06-05 06:27:11,2026-06-05 06:40:22,"2026-06-05 06:27:11 INFO  [ml_feature_store.validate_features] TaskInstance started — attempt 1
2026-06-05 06:27:13 INFO  Acquiring Spark session on job cluster (Photon enabled, DBR 15.4 LTS)
2026-06-05 06:27:16 INFO  Reading inputs from Unity Catalog main.curated.* 
2026-06-05 06:33:46 INFO  Stage 1 complete — input rows processed
2026-06-05 06:40:20 INFO  Writing output Delta table (MERGE) 
2026-06-05 06:40:22 INFO  [ml_feature_store.validate_features] Task completed successfully in 791s (exit_code=0)",1,False,0
ml_feature_store,2026-06-05,materialize_online,2026-06-05 06:40:59,2026-06-05 06:58:19,"2026-06-05 06:40:59 INFO  [ml_feature_store.materialize_online] TaskInstance started — attempt 1
2026-06-05 06:41:01 INFO  Acquiring Spark session on job cluster (Photon enabled, DBR 15.4 LTS)
2026-06-05 06:41:04 INFO  Reading inputs from Unity Catalog main.curated.* 
2026-06-05 06:49:39 INFO  Stage 1 complete — input rows processed
2026-06-05 06:58:17 INFO  Writing output Delta table (MERGE) 
2026-06-05 06:58:19 INFO  [ml_feature_store.materialize_online] Task completed successfully in 1040s (exit_code=0)",1,False,0
data_quality_checks,2026-06-05,load_snapshots,2026-06-05 07:09:15,2026-06-05 07:27:08,"2026-06-05 07:09:15 INFO  [data_quality_checks.load_snapshots] TaskInstance started — attempt 1
2026-06-05 07:09:17 INFO  Acquiring Spark session on job cluster (Photon enabled, DBR 15.4 LTS)
2026-06-05 07:09:20 INFO  Reading inputs from Unity Catalog main.curated.* 
2026-06-05 07:18:11 INFO  Stage 1 complete — input rows processed
2026-06-05 07:27:06 INFO  Writing output Delta table (MERGE) 
2026-06-05 07:27:08 INFO  [data_quality_checks.load_snapshots] Task completed successfully in 1073s (exit_code=0)",1,False,0
data_quality_checks,2026-06-05,run_expectations,2026-06-05 07:27:29,2026-06-05 07:40:53,"2026-06-05 07:27:29 INFO  [data_quality_checks.run_expectations] TaskInstance started — attempt 1
2026-06-05 07:27:31 INFO  Acquiring Spark session on job cluster (Photon enabled, DBR 15.4 LTS)
2026-06-05 07:27:34 INFO  Reading inputs from Unity Catalog main.curated.* 
2026-06-05 07:34:11 INFO  Stage 1 complete — input rows processed
2026-06-05 07:40:51 INFO  Writing output Delta table (MERGE) 
2026-06-05 07:40:53 INFO  [data_quality_checks.run_expectations] Task completed successfully in 804s (exit_code=0)",1,False,0
data_quality_checks,2026-06-05,summarize_results,2026-06-05 07:41:01,2026-06-05 07:51:05,"2026-06-05 07:41:01 INFO  [data_quality_checks.summarize_results] TaskInstance started — attempt 1
2026-06-05 07:41:03 INFO  Acquiring Spark session on job cluster (Photon enabled, DBR 15.4 LTS)
2026-06-05 07:41:06 INFO  Reading inputs from Unity Catalog main.curated.* 
2026-06-05 07:46:03 INFO  Stage 1 complete — input rows processed
2026-06-05 07:51:03 INFO  Writing output Delta table (MERGE) 
2026-06-05 07:51:05 INFO  [data_quality_checks.summarize_results] Task completed successfully in 604s (exit_code=0)",1,False,0
revenue_reporting,2026-06-05,aggregate_daily_revenue,2026-06-05 08:29:29,2026-06-05 08:52:24,"2026-06-05 08:29:29 INFO  [revenue_reporting.aggregate_daily_revenue] TaskInstance started — attempt 1
2026-06-05 08:29:31 INFO  Acquiring Spark session on job cluster (Photon enabled, DBR 15.4 LTS)
2026-06-05 08:29:34 INFO  Reading inputs from Unity Catalog main.curated.* 
2026-06-05 08:40:56 INFO  Stage 1 complete — input rows processed
2026-06-05 08:52:22 INFO  Writing output Delta table (MERGE) 
2026-06-05 08:52:24 INFO  [revenue_reporting.aggregate_daily_revenue] Task completed successfully in 1375s (exit_code=0)",1,False,0
revenue_reporting,2026-06-05,currency_convert,2026-06-05 08:53:20,2026-06-05 09:07:59,"2026-06-05 08:53:20 INFO  [revenue_reporting.currency_convert] TaskInstance started — attempt 1
2026-06-05 08:53:22 INFO  Acquiring Spark session on job cluster (Photon enabled, DBR 15.4 LTS)
2026-06-05 08:53:25 INFO  Reading inputs from Unity Catalog main.curated.* 
2026-06-05 09:00:39 INFO  Stage 1 complete — input rows processed
2026-06-05 09:07:57 INFO  Writing output Delta table (MERGE) 
2026-06-05 09:07:59 INFO  [revenue_reporting.currency_convert] Task completed successfully in 879s (exit_code=0)",1,False,0
revenue_reporting,2026-06-05,build_dashboards_tbl,2026-06-05 09:08:49,2026-06-05 09:30:47,"2026-06-05 09:08:49 INFO  [revenue_reporting.build_dashboards_tbl] TaskInstance started — attempt 1
2026-06-05 09:08:51 INFO  Acquiring Spark session on job cluster (Photon enabled, DBR 15.4 LTS)
2026-06-05 09:08:54 INFO  Reading inputs from Unity Catalog main.curated.* 
2026-06-05 09:19:48 INFO  Stage 1 complete — input rows processed
2026-06-05 09:30:45 INFO  Writing output Delta table (MERGE) 
2026-06-05 09:30:47 INFO  [revenue_reporting.build_dashboards_tbl] Task completed successfully in 1318s (exit_code=0)",1,False,0
user_segmentation,2026-06-05,load_activity,2026-06-05 09:10:00,2026-06-05 09:26:57,"2026-06-05 09:10:00 INFO  [user_segmentation.load_activity] TaskInstance started — attempt 1
2026-06-05 09:10:02 INFO  Acquiring Spark session on job cluster (Photon enabled, DBR 15.4 LTS)
2026-06-05 09:10:05 INFO  Reading inputs from Unity Catalog main.curated.* 
2026-06-05 09:18:28 INFO  Stage 1 complete — input rows processed
2026-06-05 09:26:55 INFO  Writing output Delta table (MERGE) 
2026-06-05 09:26:57 INFO  [user_segmentation.load_activity] Task completed successfully in 1017s (exit_code=0)",1,False,0
user_segmentation,2026-06-05,compute_rfm,2026-06-05 09:27:54,2026-06-05 09:32:23,"2026-06-05 09:27:54 INFO  [user_segmentation.compute_rfm] TaskInstance started — attempt 1
2026-06-05 09:27:56 INFO  Acquiring Spark session on job cluster (Photon enabled, DBR 15.4 LTS)
2026-06-05 09:27:59 INFO  Reading inputs from Unity Catalog main.curated.* 
2026-06-05 09:30:08 INFO  Stage 1 running…
2026-06-05 09:32:20 ERROR JDBCRDD: Connection timed out after 30000ms while reading from source DB.
2026-06-05 09:32:21 ERROR   java.sql.SQLTransientConnectionException: HikariPool-1 - Connection is not available, request timed out after 30000ms
                       	at com.zaxxer.hikari.pool.HikariPool.getConnection(HikariPool.java:213)
                       	at org.apache.spark.sql.execution.datasources.jdbc.JDBCRDD.compute(...)
2026-06-05 09:32:23 ERROR [user_segmentation.compute_rfm] Task failed on attempt 1 (exit_code=1)",1,True,1
user_segmentation,2026-06-05,compute_rfm,2026-06-05 09:34:14,2026-06-05 09:42:17,"2026-06-05 09:34:14 INFO  [user_segmentation.compute_rfm] TaskInstance started — attempt 2
2026-06-05 09:34:16 INFO  Acquiring Spark session on job cluster (Photon enabled, DBR 15.4 LTS)
2026-06-05 09:34:19 INFO  Reading inputs from Unity Catalog main.curated.* 
2026-06-05 09:38:15 INFO  Stage 1 running…
2026-06-05 09:42:14 ERROR JDBCRDD: Connection timed out after 30000ms while reading from source DB.
2026-06-05 09:42:15 ERROR   java.sql.SQLTransientConnectionException: HikariPool-1 - Connection is not available, request timed out after 30000ms
                       	at com.zaxxer.hikari.pool.HikariPool.getConnection(HikariPool.java:213)
                       	at org.apache.spark.sql.execution.datasources.jdbc.JDBCRDD.compute(...)
2026-06-05 09:42:17 ERROR [user_segmentation.compute_rfm] Task failed on attempt 2 (exit_code=1)",2,True,1
user_segmentation,2026-06-05,compute_rfm,2026-06-05 09:44:10,2026-06-05 09:58:12,"2026-06-05 09:44:10 INFO  [user_segmentation.compute_rfm] TaskInstance started — attempt 3
2026-06-05 09:44:12 INFO  Acquiring Spark session on job cluster (Photon enabled, DBR 15.4 LTS)
2026-06-05 09:44:15 INFO  Reading inputs from Unity Catalog main.curated.* 
2026-06-05 09:51:11 INFO  Stage 1 complete — input rows processed
2026-06-05 09:58:10 INFO  Writing output Delta table (MERGE) 
2026-06-05 09:58:12 INFO  [user_segmentation.compute_rfm] Task completed successfully in 842s (exit_code=0)",3,True,0
user_segmentation,2026-06-05,assign_segments,2026-06-05 09:59:08,2026-06-05 10:22:20,"2026-06-05 09:59:08 INFO  [user_segmentation.assign_segments] TaskInstance started — attempt 1
2026-06-05 09:59:10 INFO  Acquiring Spark session on job cluster (Photon enabled, DBR 15.4 LTS)
2026-06-05 09:59:13 INFO  Reading inputs from Unity Catalog main.curated.* 
2026-06-05 10:10:44 INFO  Stage 1 complete — input rows processed
2026-06-05 10:22:18 INFO  Writing output Delta table (MERGE) 
2026-06-05 10:22:20 INFO  [user_segmentation.assign_segments] Task completed successfully in 1392s (exit_code=0)",1,False,0
user_segmentation,2026-06-05,push_to_crm,2026-06-05 10:22:50,2026-06-05 10:41:01,"2026-06-05 10:22:50 INFO  [user_segmentation.push_to_crm] TaskInstance started — attempt 1
2026-06-05 10:22:52 INFO  Acquiring Spark session on job cluster (Photon enabled, DBR 15.4 LTS)
2026-06-05 10:22:55 INFO  Reading inputs from Unity Catalog main.curated.* 
2026-06-05 10:31:55 INFO  Stage 1 complete — input rows processed
2026-06-05 10:40:59 INFO  Writing output Delta table (MERGE) 
2026-06-05 10:41:01 INFO  [user_segmentation.push_to_crm] Task completed successfully in 1091s (exit_code=0)",1,False,0
daily_sales_etl,2026-06-06,extract_orders,2026-06-06 02:01:11,2026-06-06 02:26:00,"2026-06-06 02:01:11 INFO  [daily_sales_etl.extract_orders] TaskInstance started — attempt 1
2026-06-06 02:01:13 INFO  Acquiring Spark session on job cluster (Photon enabled, DBR 15.4 LTS)
2026-06-06 02:01:16 INFO  Reading inputs from Unity Catalog main.curated.* 
2026-06-06 02:13:35 INFO  Stage 1 complete — input rows processed
2026-06-06 02:25:58 INFO  Writing output Delta table (MERGE) 
2026-06-06 02:26:00 INFO  [daily_sales_etl.extract_orders] Task completed successfully in 1489s (exit_code=0)",1,False,0
daily_sales_etl,2026-06-06,extract_returns,2026-06-06 02:26:13,2026-06-06 02:31:40,"2026-06-06 02:26:13 INFO  [daily_sales_etl.extract_returns] TaskInstance started — attempt 1
2026-06-06 02:26:15 INFO  Acquiring Spark session on job cluster (Photon enabled, DBR 15.4 LTS)
2026-06-06 02:26:18 INFO  Reading inputs from Unity Catalog main.curated.* 
2026-06-06 02:28:56 INFO  Stage 1 complete — input rows processed
2026-06-06 02:31:38 INFO  Writing output Delta table (MERGE) 
2026-06-06 02:31:40 INFO  [daily_sales_etl.extract_returns] Task completed successfully in 327s (exit_code=0)",1,False,0
daily_sales_etl,2026-06-06,transform_sales,2026-06-06 02:32:16,2026-06-06 02:36:09,"2026-06-06 02:32:16 INFO  [daily_sales_etl.transform_sales] TaskInstance started — attempt 1
2026-06-06 02:32:18 INFO  Acquiring Spark session on job cluster (Photon enabled, DBR 15.4 LTS)
2026-06-06 02:32:21 INFO  Reading inputs from Unity Catalog main.curated.* 
2026-06-06 02:34:12 INFO  Stage 1 running…
2026-06-06 02:36:06 ERROR JDBCRDD: Connection timed out after 30000ms while reading from source DB.
2026-06-06 02:36:07 ERROR   java.sql.SQLTransientConnectionException: HikariPool-1 - Connection is not available, request timed out after 30000ms
                       	at com.zaxxer.hikari.pool.HikariPool.getConnection(HikariPool.java:213)
                       	at org.apache.spark.sql.execution.datasources.jdbc.JDBCRDD.compute(...)
2026-06-06 02:36:09 ERROR [daily_sales_etl.transform_sales] Task failed on attempt 1 (exit_code=1)",1,True,1
daily_sales_etl,2026-06-06,transform_sales,2026-06-06 02:40:01,2026-06-06 02:48:09,"2026-06-06 02:40:01 INFO  [daily_sales_etl.transform_sales] TaskInstance started — attempt 2
2026-06-06 02:40:03 INFO  Acquiring Spark session on job cluster (Photon enabled, DBR 15.4 LTS)
2026-06-06 02:40:06 INFO  Reading inputs from Unity Catalog main.curated.* 
2026-06-06 02:44:05 INFO  Stage 1 running…
2026-06-06 02:48:06 ERROR JDBCRDD: Connection timed out after 30000ms while reading from source DB.
2026-06-06 02:48:07 ERROR   java.sql.SQLTransientConnectionException: HikariPool-1 - Connection is not available, request timed out after 30000ms
                       	at com.zaxxer.hikari.pool.HikariPool.getConnection(HikariPool.java:213)
                       	at org.apache.spark.sql.execution.datasources.jdbc.JDBCRDD.compute(...)
2026-06-06 02:48:09 ERROR [daily_sales_etl.transform_sales] Task failed on attempt 2 (exit_code=1)",2,True,1
daily_sales_etl,2026-06-06,transform_sales,2026-06-06 02:52:01,2026-06-06 03:01:09,"2026-06-06 02:52:01 INFO  [daily_sales_etl.transform_sales] TaskInstance started — attempt 3
2026-06-06 02:52:03 INFO  Acquiring Spark session on job cluster (Photon enabled, DBR 15.4 LTS)
2026-06-06 02:52:06 INFO  Reading inputs from Unity Catalog main.curated.* 
2026-06-06 02:56:35 INFO  Stage 1 complete — input rows processed
2026-06-06 03:01:07 INFO  Writing output Delta table (MERGE) 
2026-06-06 03:01:09 INFO  [daily_sales_etl.transform_sales] Task completed successfully in 548s (exit_code=0)",3,True,0
daily_sales_etl,2026-06-06,dq_check_sales,2026-06-06 03:02:01,2026-06-06 03:15:04,"2026-06-06 03:02:01 INFO  [daily_sales_etl.dq_check_sales] TaskInstance started — attempt 1
2026-06-06 03:02:03 INFO  Acquiring Spark session on job cluster (Photon enabled, DBR 15.4 LTS)
2026-06-06 03:02:06 INFO  Reading inputs from Unity Catalog main.curated.* 
2026-06-06 03:08:32 INFO  Stage 1 complete — input rows processed
2026-06-06 03:15:02 INFO  Writing output Delta table (MERGE) 
2026-06-06 03:15:04 INFO  [daily_sales_etl.dq_check_sales] Task completed successfully in 783s (exit_code=0)",1,False,0
daily_sales_etl,2026-06-06,load_fact_sales,2026-06-06 03:15:43,2026-06-06 03:24:08,"2026-06-06 03:15:43 INFO  [daily_sales_etl.load_fact_sales] TaskInstance started — attempt 1
2026-06-06 03:15:45 INFO  Acquiring Spark session on job cluster (Photon enabled, DBR 15.4 LTS)
2026-06-06 03:15:48 INFO  Reading inputs from Unity Catalog main.curated.* 
2026-06-06 03:19:55 INFO  Stage 1 complete — input rows processed
2026-06-06 03:24:06 INFO  Writing output Delta table (MERGE) 
2026-06-06 03:24:08 INFO  [daily_sales_etl.load_fact_sales] Task completed successfully in 505s (exit_code=0)",1,False,0
customer_360_pipeline,2026-06-06,ingest_crm,2026-06-06 01:06:33,2026-06-06 01:12:40,"2026-06-06 01:06:33 INFO  [customer_360_pipeline.ingest_crm] TaskInstance started — attempt 1
2026-06-06 01:06:35 INFO  Acquiring Spark session on job cluster (Photon enabled, DBR 15.4 LTS)
2026-06-06 01:06:38 INFO  Reading inputs from Unity Catalog main.curated.* 
2026-06-06 01:09:36 INFO  Stage 1 running…
2026-06-06 01:12:37 ERROR UnityCatalog: PERMISSION_DENIED for service principal on a referenced table.
2026-06-06 01:12:38 ERROR   com.databricks.sql.managedcatalog.PermissionDeniedException: PERMISSION_DENIED: User 'sp-dataops-prod' does not have SELECT on Table 'main.curated.ingest_crm'
                       	at com.databricks.sql.managedcatalog.ManagedCatalogClientImpl.checkPrivilege(...)
2026-06-06 01:12:40 ERROR [customer_360_pipeline.ingest_crm] Task failed on attempt 1 (exit_code=1)",1,False,1
customer_360_pipeline,2026-06-06,ingest_crm,2026-06-06 01:13:52,2026-06-06 01:19:59,"2026-06-06 01:13:52 INFO  [customer_360_pipeline.ingest_crm] TaskInstance started — attempt 2
2026-06-06 01:13:54 INFO  Acquiring Spark session on job cluster (Photon enabled, DBR 15.4 LTS)
2026-06-06 01:13:57 INFO  Reading inputs from Unity Catalog main.curated.* 
2026-06-06 01:16:55 INFO  Stage 1 running…
2026-06-06 01:19:56 ERROR UnityCatalog: PERMISSION_DENIED for service principal on a referenced table.
2026-06-06 01:19:57 ERROR   com.databricks.sql.managedcatalog.PermissionDeniedException: PERMISSION_DENIED: User 'sp-dataops-prod' does not have SELECT on Table 'main.curated.ingest_crm'
                       	at com.databricks.sql.managedcatalog.ManagedCatalogClientImpl.checkPrivilege(...)
2026-06-06 01:19:59 ERROR [customer_360_pipeline.ingest_crm] Task failed on attempt 2 (exit_code=1)",2,False,1
customer_360_pipeline,2026-06-06,ingest_crm,2026-06-06 01:22:45,2026-06-06 01:28:52,"2026-06-06 01:22:45 INFO  [customer_360_pipeline.ingest_crm] TaskInstance started — attempt 3
2026-06-06 01:22:47 INFO  Acquiring Spark session on job cluster (Photon enabled, DBR 15.4 LTS)
2026-06-06 01:22:50 INFO  Reading inputs from Unity Catalog main.curated.* 
2026-06-06 01:25:48 INFO  Stage 1 running…
2026-06-06 01:28:49 ERROR UnityCatalog: PERMISSION_DENIED for service principal on a referenced table.
2026-06-06 01:28:50 ERROR   com.databricks.sql.managedcatalog.PermissionDeniedException: PERMISSION_DENIED: User 'sp-dataops-prod' does not have SELECT on Table 'main.curated.ingest_crm'
                       	at com.databricks.sql.managedcatalog.ManagedCatalogClientImpl.checkPrivilege(...)
2026-06-06 01:28:52 ERROR [customer_360_pipeline.ingest_crm] Task failed on attempt 3 (exit_code=1)",3,False,1
customer_360_pipeline,2026-06-06,ingest_crm,2026-06-06 01:30:49,2026-06-06 01:36:56,"2026-06-06 01:30:49 INFO  [customer_360_pipeline.ingest_crm] TaskInstance started — attempt 4
2026-06-06 01:30:51 INFO  Acquiring Spark session on job cluster (Photon enabled, DBR 15.4 LTS)
2026-06-06 01:30:54 INFO  Reading inputs from Unity Catalog main.curated.* 
2026-06-06 01:33:52 INFO  Stage 1 running…
2026-06-06 01:36:53 ERROR UnityCatalog: PERMISSION_DENIED for service principal on a referenced table.
2026-06-06 01:36:54 ERROR   com.databricks.sql.managedcatalog.PermissionDeniedException: PERMISSION_DENIED: User 'sp-dataops-prod' does not have SELECT on Table 'main.curated.ingest_crm'
                       	at com.databricks.sql.managedcatalog.ManagedCatalogClientImpl.checkPrivilege(...)
2026-06-06 01:36:56 ERROR [customer_360_pipeline.ingest_crm] Task failed on attempt 4 (exit_code=1)",4,False,1
inventory_sync,2026-06-06,pull_warehouse_api,2026-06-06 03:26:16,2026-06-06 03:44:22,"2026-06-06 03:26:16 INFO  [inventory_sync.pull_warehouse_api] TaskInstance started — attempt 1
2026-06-06 03:26:18 INFO  Acquiring Spark session on job cluster (Photon enabled, DBR 15.4 LTS)
2026-06-06 03:26:21 INFO  Reading inputs from Unity Catalog main.curated.* 
2026-06-06 03:35:19 INFO  Stage 1 complete — input rows processed
2026-06-06 03:44:20 INFO  Writing output Delta table (MERGE) 
2026-06-06 03:44:22 INFO  [inventory_sync.pull_warehouse_api] Task completed successfully in 1086s (exit_code=0)",1,False,0
inventory_sync,2026-06-06,normalize_sku,2026-06-06 03:44:36,2026-06-06 03:49:32,"2026-06-06 03:44:36 INFO  [inventory_sync.normalize_sku] TaskInstance started — attempt 1
2026-06-06 03:44:38 INFO  Acquiring Spark session on job cluster (Photon enabled, DBR 15.4 LTS)
2026-06-06 03:44:41 INFO  Reading inputs from Unity Catalog main.curated.* 
2026-06-06 03:47:04 INFO  Stage 1 complete — input rows processed
2026-06-06 03:49:30 INFO  Writing output Delta table (MERGE) 
2026-06-06 03:49:32 INFO  [inventory_sync.normalize_sku] Task completed successfully in 296s (exit_code=0)",1,False,0
inventory_sync,2026-06-06,reconcile_stock,2026-06-06 03:49:45,2026-06-06 03:54:10,"2026-06-06 03:49:45 INFO  [inventory_sync.reconcile_stock] TaskInstance started — attempt 1
2026-06-06 03:49:47 INFO  Acquiring Spark session on job cluster (Photon enabled, DBR 15.4 LTS)
2026-06-06 03:49:50 INFO  Reading inputs from Unity Catalog main.curated.* 
2026-06-06 03:51:57 INFO  Stage 1 complete — input rows processed
2026-06-06 03:54:08 INFO  Writing output Delta table (MERGE) 
2026-06-06 03:54:10 INFO  [inventory_sync.reconcile_stock] Task completed successfully in 265s (exit_code=0)",1,False,0
inventory_sync,2026-06-06,write_delta,2026-06-06 03:54:43,2026-06-06 04:07:44,"2026-06-06 03:54:43 INFO  [inventory_sync.write_delta] TaskInstance started — attempt 1
2026-06-06 03:54:45 INFO  Acquiring Spark session on job cluster (Photon enabled, DBR 15.4 LTS)
2026-06-06 03:54:48 INFO  Reading inputs from Unity Catalog main.curated.* 
2026-06-06 04:01:13 INFO  Stage 1 complete — input rows processed
2026-06-06 04:07:42 INFO  Writing output Delta table (MERGE) 
2026-06-06 04:07:44 INFO  [inventory_sync.write_delta] Task completed successfully in 781s (exit_code=0)",1,False,0
marketing_attribution,2026-06-06,load_ad_spend,2026-06-06 04:18:51,2026-06-06 04:40:59,"2026-06-06 04:18:51 INFO  [marketing_attribution.load_ad_spend] TaskInstance started — attempt 1
2026-06-06 04:18:53 INFO  Acquiring Spark session on job cluster (Photon enabled, DBR 15.4 LTS)
2026-06-06 04:18:56 INFO  Reading inputs from Unity Catalog main.curated.* 
2026-06-06 04:29:55 INFO  Stage 1 complete — input rows processed
2026-06-06 04:40:57 INFO  Writing output Delta table (MERGE) 
2026-06-06 04:40:59 INFO  [marketing_attribution.load_ad_spend] Task completed successfully in 1328s (exit_code=0)",1,False,0
marketing_attribution,2026-06-06,load_conversions,2026-06-06 04:41:23,2026-06-06 04:53:11,"2026-06-06 04:41:23 INFO  [marketing_attribution.load_conversions] TaskInstance started — attempt 1
2026-06-06 04:41:25 INFO  Acquiring Spark session on job cluster (Photon enabled, DBR 15.4 LTS)
2026-06-06 04:41:28 INFO  Reading inputs from Unity Catalog main.curated.* 
2026-06-06 04:47:17 INFO  Stage 1 complete — input rows processed
2026-06-06 04:53:09 INFO  Writing output Delta table (MERGE) 
2026-06-06 04:53:11 INFO  [marketing_attribution.load_conversions] Task completed successfully in 708s (exit_code=0)",1,False,0
marketing_attribution,2026-06-06,join_touchpoints,2026-06-06 04:54:09,2026-06-06 05:04:28,"2026-06-06 04:54:09 INFO  [marketing_attribution.join_touchpoints] TaskInstance started — attempt 1
2026-06-06 04:54:11 INFO  Acquiring Spark session on job cluster (Photon enabled, DBR 15.4 LTS)
2026-06-06 04:54:14 INFO  Reading inputs from Unity Catalog main.curated.* 
2026-06-06 04:59:18 INFO  Stage 1 complete — input rows processed
2026-06-06 05:04:26 INFO  Writing output Delta table (MERGE) 
2026-06-06 05:04:28 INFO  [marketing_attribution.join_touchpoints] Task completed successfully in 619s (exit_code=0)",1,False,0
marketing_attribution,2026-06-06,attribute_revenue,2026-06-06 05:05:24,2026-06-06 05:16:16,"2026-06-06 05:05:24 INFO  [marketing_attribution.attribute_revenue] TaskInstance started — attempt 1
2026-06-06 05:05:26 INFO  Acquiring Spark session on job cluster (Photon enabled, DBR 15.4 LTS)
2026-06-06 05:05:29 INFO  Reading inputs from Unity Catalog main.curated.* 
2026-06-06 05:10:50 INFO  Stage 1 complete — input rows processed
2026-06-06 05:16:14 INFO  Writing output Delta table (MERGE) 
2026-06-06 05:16:16 INFO  [marketing_attribution.attribute_revenue] Task completed successfully in 652s (exit_code=0)",1,False,0
finance_reconciliation,2026-06-06,extract_ledger,2026-06-06 05:10:24,2026-06-06 05:23:20,"2026-06-06 05:10:24 INFO  [finance_reconciliation.extract_ledger] TaskInstance started — attempt 1
2026-06-06 05:10:26 INFO  Acquiring Spark session on job cluster (Photon enabled, DBR 15.4 LTS)
2026-06-06 05:10:29 INFO  Reading inputs from Unity Catalog main.curated.* 
2026-06-06 05:16:52 INFO  Stage 1 complete — input rows processed
2026-06-06 05:23:18 INFO  Writing output Delta table (MERGE) 
2026-06-06 05:23:20 INFO  [finance_reconciliation.extract_ledger] Task completed successfully in 776s (exit_code=0)",1,False,0
finance_reconciliation,2026-06-06,extract_payments,2026-06-06 05:23:59,2026-06-06 05:30:10,"2026-06-06 05:23:59 INFO  [finance_reconciliation.extract_payments] TaskInstance started — attempt 1
2026-06-06 05:24:01 INFO  Acquiring Spark session on job cluster (Photon enabled, DBR 15.4 LTS)
2026-06-06 05:24:04 INFO  Reading inputs from Unity Catalog main.curated.* 
2026-06-06 05:27:04 INFO  Stage 1 complete — input rows processed
2026-06-06 05:30:08 INFO  Writing output Delta table (MERGE) 
2026-06-06 05:30:10 INFO  [finance_reconciliation.extract_payments] Task completed successfully in 371s (exit_code=0)",1,False,0
finance_reconciliation,2026-06-06,reconcile,2026-06-06 05:30:24,2026-06-06 05:39:40,"2026-06-06 05:30:24 INFO  [finance_reconciliation.reconcile] TaskInstance started — attempt 1
2026-06-06 05:30:26 INFO  Acquiring Spark session on job cluster (Photon enabled, DBR 15.4 LTS)
2026-06-06 05:30:29 INFO  Reading inputs from Unity Catalog main.curated.* 
2026-06-06 05:35:02 INFO  Stage 1 complete — input rows processed
2026-06-06 05:39:38 INFO  Writing output Delta table (MERGE) 
2026-06-06 05:39:40 INFO  [finance_reconciliation.reconcile] Task completed successfully in 556s (exit_code=0)",1,False,0
finance_reconciliation,2026-06-06,gl_validation,2026-06-06 05:40:28,2026-06-06 05:57:10,"2026-06-06 05:40:28 INFO  [finance_reconciliation.gl_validation] TaskInstance started — attempt 1
2026-06-06 05:40:30 INFO  Acquiring Spark session on job cluster (Photon enabled, DBR 15.4 LTS)
2026-06-06 05:40:33 INFO  Reading inputs from Unity Catalog main.curated.* 
2026-06-06 05:48:49 INFO  Stage 1 complete — input rows processed
2026-06-06 05:57:08 INFO  Writing output Delta table (MERGE) 
2026-06-06 05:57:10 INFO  [finance_reconciliation.gl_validation] Task completed successfully in 1002s (exit_code=0)",1,False,0
finance_reconciliation,2026-06-06,export_report,2026-06-06 05:58:08,2026-06-06 06:13:08,"2026-06-06 05:58:08 INFO  [finance_reconciliation.export_report] TaskInstance started — attempt 1
2026-06-06 05:58:10 INFO  Acquiring Spark session on job cluster (Photon enabled, DBR 15.4 LTS)
2026-06-06 05:58:13 INFO  Reading inputs from Unity Catalog main.curated.* 
2026-06-06 06:05:38 INFO  Stage 1 complete — input rows processed
2026-06-06 06:13:06 INFO  Writing output Delta table (MERGE) 
2026-06-06 06:13:08 INFO  [finance_reconciliation.export_report] Task completed successfully in 900s (exit_code=0)",1,False,0
clickstream_ingest,2026-06-06,read_kafka_offsets,2026-06-06 00:20:33,2026-06-06 00:33:28,"2026-06-06 00:20:33 INFO  [clickstream_ingest.read_kafka_offsets] TaskInstance started — attempt 1
2026-06-06 00:20:35 INFO  Acquiring Spark session on job cluster (Photon enabled, DBR 15.4 LTS)
2026-06-06 00:20:38 INFO  Reading inputs from Unity Catalog main.curated.* 
2026-06-06 00:27:00 INFO  Stage 1 complete — input rows processed
2026-06-06 00:33:26 INFO  Writing output Delta table (MERGE) 
2026-06-06 00:33:28 INFO  [clickstream_ingest.read_kafka_offsets] Task completed successfully in 775s (exit_code=0)",1,False,0
clickstream_ingest,2026-06-06,parse_events,2026-06-06 00:33:34,2026-06-06 00:53:30,"2026-06-06 00:33:34 INFO  [clickstream_ingest.parse_events] TaskInstance started — attempt 1
2026-06-06 00:33:36 INFO  Acquiring Spark session on job cluster (Photon enabled, DBR 15.4 LTS)
2026-06-06 00:33:39 INFO  Reading inputs from Unity Catalog main.curated.* 
2026-06-06 00:43:32 INFO  Stage 1 complete — input rows processed
2026-06-06 00:53:28 INFO  Writing output Delta table (MERGE) 
2026-06-06 00:53:30 INFO  [clickstream_ingest.parse_events] Task completed successfully in 1196s (exit_code=0)",1,False,0
clickstream_ingest,2026-06-06,sessionize,2026-06-06 00:53:40,2026-06-06 01:03:30,"2026-06-06 00:53:40 INFO  [clickstream_ingest.sessionize] TaskInstance started — attempt 1
2026-06-06 00:53:42 INFO  Acquiring Spark session on job cluster (Photon enabled, DBR 15.4 LTS)
2026-06-06 00:53:45 INFO  Reading inputs from Unity Catalog main.curated.* 
2026-06-06 00:58:35 INFO  Stage 1 complete — input rows processed
2026-06-06 01:03:28 INFO  Writing output Delta table (MERGE) 
2026-06-06 01:03:30 INFO  [clickstream_ingest.sessionize] Task completed successfully in 590s (exit_code=0)",1,False,0
clickstream_ingest,2026-06-06,write_bronze,2026-06-06 01:04:30,2026-06-06 01:17:50,"2026-06-06 01:04:30 INFO  [clickstream_ingest.write_bronze] TaskInstance started — attempt 1
2026-06-06 01:04:32 INFO  Acquiring Spark session on job cluster (Photon enabled, DBR 15.4 LTS)
2026-06-06 01:04:35 INFO  Reading inputs from Unity Catalog main.curated.* 
2026-06-06 01:11:10 INFO  Stage 1 complete — input rows processed
2026-06-06 01:17:48 INFO  Writing output Delta table (MERGE) 
2026-06-06 01:17:50 INFO  [clickstream_ingest.write_bronze] Task completed successfully in 800s (exit_code=0)",1,False,0
clickstream_ingest,2026-06-06,write_silver,2026-06-06 01:18:29,2026-06-06 01:24:30,"2026-06-06 01:18:29 INFO  [clickstream_ingest.write_silver] TaskInstance started — attempt 1
2026-06-06 01:18:31 INFO  Acquiring Spark session on job cluster (Photon enabled, DBR 15.4 LTS)
2026-06-06 01:18:34 INFO  Reading inputs from Unity Catalog main.curated.* 
2026-06-06 01:21:29 INFO  Stage 1 complete — input rows processed
2026-06-06 01:24:28 INFO  Writing output Delta table (MERGE) 
2026-06-06 01:24:30 INFO  [clickstream_ingest.write_silver] Task completed successfully in 361s (exit_code=0)",1,False,0
ml_feature_store,2026-06-06,fetch_training_data,2026-06-06 06:08:49,2026-06-06 06:19:34,"2026-06-06 06:08:49 INFO  [ml_feature_store.fetch_training_data] TaskInstance started — attempt 1
2026-06-06 06:08:51 INFO  Acquiring Spark session on job cluster (Photon enabled, DBR 15.4 LTS)
2026-06-06 06:08:54 INFO  Reading inputs from Unity Catalog main.curated.* 
2026-06-06 06:14:11 INFO  Stage 1 complete — input rows processed
2026-06-06 06:19:32 INFO  Writing output Delta table (MERGE) 
2026-06-06 06:19:34 INFO  [ml_feature_store.fetch_training_data] Task completed successfully in 645s (exit_code=0)",1,False,0
ml_feature_store,2026-06-06,compute_features,2026-06-06 06:19:58,2026-06-06 06:24:04,"2026-06-06 06:19:58 INFO  [ml_feature_store.compute_features] TaskInstance started — attempt 1
2026-06-06 06:20:00 INFO  Acquiring Spark session on job cluster (Photon enabled, DBR 15.4 LTS)
2026-06-06 06:20:03 INFO  Reading inputs from Unity Catalog main.curated.* 
2026-06-06 06:22:01 INFO  Stage 1 complete — input rows processed
2026-06-06 06:24:02 INFO  Writing output Delta table (MERGE) 
2026-06-06 06:24:04 INFO  [ml_feature_store.compute_features] Task completed successfully in 246s (exit_code=0)",1,False,0
ml_feature_store,2026-06-06,validate_features,2026-06-06 06:24:15,2026-06-06 06:27:17,"2026-06-06 06:24:15 INFO  [ml_feature_store.validate_features] TaskInstance started — attempt 1
2026-06-06 06:24:17 INFO  Acquiring Spark session on job cluster (Photon enabled, DBR 15.4 LTS)
2026-06-06 06:24:20 INFO  Reading inputs from Unity Catalog main.curated.* 
2026-06-06 06:25:46 INFO  Stage 1 complete — input rows processed
2026-06-06 06:27:15 INFO  Writing output Delta table (MERGE) 
2026-06-06 06:27:17 INFO  [ml_feature_store.validate_features] Task completed successfully in 182s (exit_code=0)",1,False,0
ml_feature_store,2026-06-06,materialize_online,2026-06-06 06:27:31,2026-06-06 06:33:21,"2026-06-06 06:27:31 INFO  [ml_feature_store.materialize_online] TaskInstance started — attempt 1
2026-06-06 06:27:33 INFO  Acquiring Spark session on job cluster (Photon enabled, DBR 15.4 LTS)
2026-06-06 06:27:36 INFO  Reading inputs from Unity Catalog main.curated.* 
2026-06-06 06:30:26 INFO  Stage 1 running…
2026-06-06 06:33:18 ERROR ShuffleBlockFetcherIterator: Failed to fetch shuffle block from a lost executor.
2026-06-06 06:33:19 ERROR   org.apache.spark.shuffle.FetchFailedException: Failed to connect to executor-7.cluster:35421
                       	at org.apache.spark.storage.ShuffleBlockFetcherIterator.throwFetchFailedException(...)
                       	at org.apache.spark.scheduler.ShuffleMapTask.runTask(ShuffleMapTask.scala:99)
2026-06-06 06:33:21 ERROR [ml_feature_store.materialize_online] Task failed on attempt 1 (exit_code=1)",1,True,1
ml_feature_store,2026-06-06,materialize_online,2026-06-06 06:36:24,2026-06-06 06:40:30,"2026-06-06 06:36:24 INFO  [ml_feature_store.materialize_online] TaskInstance started — attempt 2
2026-06-06 06:36:26 INFO  Acquiring Spark session on job cluster (Photon enabled, DBR 15.4 LTS)
2026-06-06 06:36:29 INFO  Reading inputs from Unity Catalog main.curated.* 
2026-06-06 06:38:27 INFO  Stage 1 running…
2026-06-06 06:40:27 ERROR ShuffleBlockFetcherIterator: Failed to fetch shuffle block from a lost executor.
2026-06-06 06:40:28 ERROR   org.apache.spark.shuffle.FetchFailedException: Failed to connect to executor-7.cluster:35421
                       	at org.apache.spark.storage.ShuffleBlockFetcherIterator.throwFetchFailedException(...)
                       	at org.apache.spark.scheduler.ShuffleMapTask.runTask(ShuffleMapTask.scala:99)
2026-06-06 06:40:30 ERROR [ml_feature_store.materialize_online] Task failed on attempt 2 (exit_code=1)",2,True,1
ml_feature_store,2026-06-06,materialize_online,2026-06-06 06:42:54,2026-06-06 06:56:08,"2026-06-06 06:42:54 INFO  [ml_feature_store.materialize_online] TaskInstance started — attempt 3
2026-06-06 06:42:56 INFO  Acquiring Spark session on job cluster (Photon enabled, DBR 15.4 LTS)
2026-06-06 06:42:59 INFO  Reading inputs from Unity Catalog main.curated.* 
2026-06-06 06:49:31 INFO  Stage 1 complete — input rows processed
2026-06-06 06:56:06 INFO  Writing output Delta table (MERGE) 
2026-06-06 06:56:08 INFO  [ml_feature_store.materialize_online] Task completed successfully in 794s (exit_code=0)",3,True,0
data_quality_checks,2026-06-06,load_snapshots,2026-06-06 07:11:11,2026-06-06 07:24:21,"2026-06-06 07:11:11 INFO  [data_quality_checks.load_snapshots] TaskInstance started — attempt 1
2026-06-06 07:11:13 INFO  Acquiring Spark session on job cluster (Photon enabled, DBR 15.4 LTS)
2026-06-06 07:11:16 INFO  Reading inputs from Unity Catalog main.curated.* 
2026-06-06 07:17:46 INFO  Stage 1 complete — input rows processed
2026-06-06 07:24:19 INFO  Writing output Delta table (MERGE) 
2026-06-06 07:24:21 INFO  [data_quality_checks.load_snapshots] Task completed successfully in 790s (exit_code=0)",1,False,0
data_quality_checks,2026-06-06,run_expectations,2026-06-06 07:25:12,2026-06-06 07:47:17,"2026-06-06 07:25:12 INFO  [data_quality_checks.run_expectations] TaskInstance started — attempt 1
2026-06-06 07:25:14 INFO  Acquiring Spark session on job cluster (Photon enabled, DBR 15.4 LTS)
2026-06-06 07:25:17 INFO  Reading inputs from Unity Catalog main.curated.* 
2026-06-06 07:36:14 INFO  Stage 1 complete — input rows processed
2026-06-06 07:47:15 INFO  Writing output Delta table (MERGE) 
2026-06-06 07:47:17 INFO  [data_quality_checks.run_expectations] Task completed successfully in 1325s (exit_code=0)",1,False,0
data_quality_checks,2026-06-06,summarize_results,2026-06-06 07:48:09,2026-06-06 08:09:58,"2026-06-06 07:48:09 INFO  [data_quality_checks.summarize_results] TaskInstance started — attempt 1
2026-06-06 07:48:11 INFO  Acquiring Spark session on job cluster (Photon enabled, DBR 15.4 LTS)
2026-06-06 07:48:14 INFO  Reading inputs from Unity Catalog main.curated.* 
2026-06-06 07:59:03 INFO  Stage 1 complete — input rows processed
2026-06-06 08:09:56 INFO  Writing output Delta table (MERGE) 
2026-06-06 08:09:58 INFO  [data_quality_checks.summarize_results] Task completed successfully in 1309s (exit_code=0)",1,False,0
revenue_reporting,2026-06-06,aggregate_daily_revenue,2026-06-06 08:19:25,2026-06-06 08:26:56,"2026-06-06 08:19:25 INFO  [revenue_reporting.aggregate_daily_revenue] TaskInstance started — attempt 1
2026-06-06 08:19:27 INFO  Acquiring Spark session on job cluster (Photon enabled, DBR 15.4 LTS)
2026-06-06 08:19:30 INFO  Reading inputs from Unity Catalog main.curated.* 
2026-06-06 08:23:10 INFO  Stage 1 running…
2026-06-06 08:26:53 ERROR Executor: Exception in task 47.0 in stage 12.0 (TID 1893) java.lang.OutOfMemoryError: Java heap space
2026-06-06 08:26:54 ERROR   java.lang.OutOfMemoryError: Java heap space
                       	at org.apache.spark.sql.execution.aggregate.HashAggregateExec.doExecute(HashAggregateExec.scala:101)
                       	at org.apache.spark.sql.execution.exchange.ShuffleExchangeExec.prepareShuffleDependency(...)
                       	at org.apache.spark.scheduler.Task.run(Task.scala:139)
2026-06-06 08:26:56 ERROR [revenue_reporting.aggregate_daily_revenue] Task failed on attempt 1 (exit_code=1)",1,True,1
revenue_reporting,2026-06-06,aggregate_daily_revenue,2026-06-06 08:30:54,2026-06-06 08:34:01,"2026-06-06 08:30:54 INFO  [revenue_reporting.aggregate_daily_revenue] TaskInstance started — attempt 2
2026-06-06 08:30:56 INFO  Acquiring Spark session on job cluster (Photon enabled, DBR 15.4 LTS)
2026-06-06 08:30:59 INFO  Reading inputs from Unity Catalog main.curated.* 
2026-06-06 08:32:27 INFO  Stage 1 running…
2026-06-06 08:33:58 ERROR Executor: Exception in task 47.0 in stage 12.0 (TID 1893) java.lang.OutOfMemoryError: Java heap space
2026-06-06 08:33:59 ERROR   java.lang.OutOfMemoryError: Java heap space
                       	at org.apache.spark.sql.execution.aggregate.HashAggregateExec.doExecute(HashAggregateExec.scala:101)
                       	at org.apache.spark.sql.execution.exchange.ShuffleExchangeExec.prepareShuffleDependency(...)
                       	at org.apache.spark.scheduler.Task.run(Task.scala:139)
2026-06-06 08:34:01 ERROR [revenue_reporting.aggregate_daily_revenue] Task failed on attempt 2 (exit_code=1)",2,True,1
revenue_reporting,2026-06-06,aggregate_daily_revenue,2026-06-06 08:36:47,2026-06-06 08:40:56,"2026-06-06 08:36:47 INFO  [revenue_reporting.aggregate_daily_revenue] TaskInstance started — attempt 3
2026-06-06 08:36:49 INFO  Acquiring Spark session on job cluster (Photon enabled, DBR 15.4 LTS)
2026-06-06 08:36:52 INFO  Reading inputs from Unity Catalog main.curated.* 
2026-06-06 08:38:51 INFO  Stage 1 complete — input rows processed
2026-06-06 08:40:54 INFO  Writing output Delta table (MERGE) 
2026-06-06 08:40:56 INFO  [revenue_reporting.aggregate_daily_revenue] Task completed successfully in 249s (exit_code=0)",3,True,0
revenue_reporting,2026-06-06,currency_convert,2026-06-06 08:41:37,2026-06-06 08:56:39,"2026-06-06 08:41:37 INFO  [revenue_reporting.currency_convert] TaskInstance started — attempt 1
2026-06-06 08:41:39 INFO  Acquiring Spark session on job cluster (Photon enabled, DBR 15.4 LTS)
2026-06-06 08:41:42 INFO  Reading inputs from Unity Catalog main.curated.* 
2026-06-06 08:49:08 INFO  Stage 1 complete — input rows processed
2026-06-06 08:56:37 INFO  Writing output Delta table (MERGE) 
2026-06-06 08:56:39 INFO  [revenue_reporting.currency_convert] Task completed successfully in 902s (exit_code=0)",1,False,0
revenue_reporting,2026-06-06,build_dashboards_tbl,2026-06-06 08:57:30,2026-06-06 09:06:05,"2026-06-06 08:57:30 INFO  [revenue_reporting.build_dashboards_tbl] TaskInstance started — attempt 1
2026-06-06 08:57:32 INFO  Acquiring Spark session on job cluster (Photon enabled, DBR 15.4 LTS)
2026-06-06 08:57:35 INFO  Reading inputs from Unity Catalog main.curated.* 
2026-06-06 09:01:47 INFO  Stage 1 complete — input rows processed
2026-06-06 09:06:03 INFO  Writing output Delta table (MERGE) 
2026-06-06 09:06:05 INFO  [revenue_reporting.build_dashboards_tbl] Task completed successfully in 515s (exit_code=0)",1,False,0
user_segmentation,2026-06-06,load_activity,2026-06-06 09:30:05,2026-06-06 09:55:05,"2026-06-06 09:30:05 INFO  [user_segmentation.load_activity] TaskInstance started — attempt 1
2026-06-06 09:30:07 INFO  Acquiring Spark session on job cluster (Photon enabled, DBR 15.4 LTS)
2026-06-06 09:30:10 INFO  Reading inputs from Unity Catalog main.curated.* 
2026-06-06 09:42:35 INFO  Stage 1 complete — input rows processed
2026-06-06 09:55:03 INFO  Writing output Delta table (MERGE) 
2026-06-06 09:55:05 INFO  [user_segmentation.load_activity] Task completed successfully in 1500s (exit_code=0)",1,False,0
user_segmentation,2026-06-06,compute_rfm,2026-06-06 09:55:40,2026-06-06 10:09:01,"2026-06-06 09:55:40 INFO  [user_segmentation.compute_rfm] TaskInstance started — attempt 1
2026-06-06 09:55:42 INFO  Acquiring Spark session on job cluster (Photon enabled, DBR 15.4 LTS)
2026-06-06 09:55:45 INFO  Reading inputs from Unity Catalog main.curated.* 
2026-06-06 10:02:20 INFO  Stage 1 complete — input rows processed
2026-06-06 10:08:59 INFO  Writing output Delta table (MERGE) 
2026-06-06 10:09:01 INFO  [user_segmentation.compute_rfm] Task completed successfully in 801s (exit_code=0)",1,False,0
user_segmentation,2026-06-06,assign_segments,2026-06-06 10:09:12,2026-06-06 10:15:50,"2026-06-06 10:09:12 INFO  [user_segmentation.assign_segments] TaskInstance started — attempt 1
2026-06-06 10:09:14 INFO  Acquiring Spark session on job cluster (Photon enabled, DBR 15.4 LTS)
2026-06-06 10:09:17 INFO  Reading inputs from Unity Catalog main.curated.* 
2026-06-06 10:12:31 INFO  Stage 1 complete — input rows processed
2026-06-06 10:15:48 INFO  Writing output Delta table (MERGE) 
2026-06-06 10:15:50 INFO  [user_segmentation.assign_segments] Task completed successfully in 398s (exit_code=0)",1,False,0
user_segmentation,2026-06-06,push_to_crm,2026-06-06 10:16:02,2026-06-06 10:24:15,"2026-06-06 10:16:02 INFO  [user_segmentation.push_to_crm] TaskInstance started — attempt 1
2026-06-06 10:16:04 INFO  Acquiring Spark session on job cluster (Photon enabled, DBR 15.4 LTS)
2026-06-06 10:16:07 INFO  Reading inputs from Unity Catalog main.curated.* 
2026-06-06 10:20:08 INFO  Stage 1 complete — input rows processed
2026-06-06 10:24:13 INFO  Writing output Delta table (MERGE) 
2026-06-06 10:24:15 INFO  [user_segmentation.push_to_crm] Task completed successfully in 493s (exit_code=0)",1,False,0
daily_sales_etl,2026-06-07,extract_orders,2026-06-07 02:17:07,2026-06-07 02:28:30,"2026-06-07 02:17:07 INFO  [daily_sales_etl.extract_orders] TaskInstance started — attempt 1
2026-06-07 02:17:09 INFO  Acquiring Spark session on job cluster (Photon enabled, DBR 15.4 LTS)
2026-06-07 02:17:12 INFO  Reading inputs from Unity Catalog main.curated.* 
2026-06-07 02:22:48 INFO  Stage 1 complete — input rows processed
2026-06-07 02:28:28 INFO  Writing output Delta table (MERGE) 
2026-06-07 02:28:30 INFO  [daily_sales_etl.extract_orders] Task completed successfully in 683s (exit_code=0)",1,False,0
daily_sales_etl,2026-06-07,extract_returns,2026-06-07 02:29:09,2026-06-07 02:33:35,"2026-06-07 02:29:09 INFO  [daily_sales_etl.extract_returns] TaskInstance started — attempt 1
2026-06-07 02:29:11 INFO  Acquiring Spark session on job cluster (Photon enabled, DBR 15.4 LTS)
2026-06-07 02:29:14 INFO  Reading inputs from Unity Catalog main.curated.* 
2026-06-07 02:31:22 INFO  Stage 1 complete — input rows processed
2026-06-07 02:33:33 INFO  Writing output Delta table (MERGE) 
2026-06-07 02:33:35 INFO  [daily_sales_etl.extract_returns] Task completed successfully in 266s (exit_code=0)",1,False,0
daily_sales_etl,2026-06-07,transform_sales,2026-06-07 02:34:03,2026-06-07 02:43:47,"2026-06-07 02:34:03 INFO  [daily_sales_etl.transform_sales] TaskInstance started — attempt 1
2026-06-07 02:34:05 INFO  Acquiring Spark session on job cluster (Photon enabled, DBR 15.4 LTS)
2026-06-07 02:34:08 INFO  Reading inputs from Unity Catalog main.curated.* 
2026-06-07 02:38:55 INFO  Stage 1 complete — input rows processed
2026-06-07 02:43:45 INFO  Writing output Delta table (MERGE) 
2026-06-07 02:43:47 INFO  [daily_sales_etl.transform_sales] Task completed successfully in 584s (exit_code=0)",1,False,0
daily_sales_etl,2026-06-07,dq_check_sales,2026-06-07 02:44:27,2026-06-07 02:54:23,"2026-06-07 02:44:27 INFO  [daily_sales_etl.dq_check_sales] TaskInstance started — attempt 1
2026-06-07 02:44:29 INFO  Acquiring Spark session on job cluster (Photon enabled, DBR 15.4 LTS)
2026-06-07 02:44:32 INFO  Reading inputs from Unity Catalog main.curated.* 
2026-06-07 02:49:25 INFO  Stage 1 complete — input rows processed
2026-06-07 02:54:21 INFO  Writing output Delta table (MERGE) 
2026-06-07 02:54:23 INFO  [daily_sales_etl.dq_check_sales] Task completed successfully in 596s (exit_code=0)",1,False,0
daily_sales_etl,2026-06-07,load_fact_sales,2026-06-07 02:54:43,2026-06-07 03:15:58,"2026-06-07 02:54:43 INFO  [daily_sales_etl.load_fact_sales] TaskInstance started — attempt 1
2026-06-07 02:54:45 INFO  Acquiring Spark session on job cluster (Photon enabled, DBR 15.4 LTS)
2026-06-07 02:54:48 INFO  Reading inputs from Unity Catalog main.curated.* 
2026-06-07 03:05:20 INFO  Stage 1 complete — input rows processed
2026-06-07 03:15:56 INFO  Writing output Delta table (MERGE) 
2026-06-07 03:15:58 INFO  [daily_sales_etl.load_fact_sales] Task completed successfully in 1275s (exit_code=0)",1,False,0
customer_360_pipeline,2026-06-07,ingest_crm,2026-06-07 01:00:06,2026-06-07 01:19:46,"2026-06-07 01:00:06 INFO  [customer_360_pipeline.ingest_crm] TaskInstance started — attempt 1
2026-06-07 01:00:08 INFO  Acquiring Spark session on job cluster (Photon enabled, DBR 15.4 LTS)
2026-06-07 01:00:11 INFO  Reading inputs from Unity Catalog main.curated.* 
2026-06-07 01:09:56 INFO  Stage 1 complete — input rows processed
2026-06-07 01:19:44 INFO  Writing output Delta table (MERGE) 
2026-06-07 01:19:46 INFO  [customer_360_pipeline.ingest_crm] Task completed successfully in 1180s (exit_code=0)",1,False,0
customer_360_pipeline,2026-06-07,ingest_web_events,2026-06-07 01:20:35,2026-06-07 01:43:03,"2026-06-07 01:20:35 INFO  [customer_360_pipeline.ingest_web_events] TaskInstance started — attempt 1
2026-06-07 01:20:37 INFO  Acquiring Spark session on job cluster (Photon enabled, DBR 15.4 LTS)
2026-06-07 01:20:40 INFO  Reading inputs from Unity Catalog main.curated.* 
2026-06-07 01:31:49 INFO  Stage 1 complete — input rows processed
2026-06-07 01:43:01 INFO  Writing output Delta table (MERGE) 
2026-06-07 01:43:03 INFO  [customer_360_pipeline.ingest_web_events] Task completed successfully in 1348s (exit_code=0)",1,False,0
customer_360_pipeline,2026-06-07,resolve_identity,2026-06-07 01:43:55,2026-06-07 01:54:44,"2026-06-07 01:43:55 INFO  [customer_360_pipeline.resolve_identity] TaskInstance started — attempt 1
2026-06-07 01:43:57 INFO  Acquiring Spark session on job cluster (Photon enabled, DBR 15.4 LTS)
2026-06-07 01:44:00 INFO  Reading inputs from Unity Catalog main.curated.* 
2026-06-07 01:49:19 INFO  Stage 1 complete — input rows processed
2026-06-07 01:54:42 INFO  Writing output Delta table (MERGE) 
2026-06-07 01:54:44 INFO  [customer_360_pipeline.resolve_identity] Task completed successfully in 649s (exit_code=0)",1,False,0
customer_360_pipeline,2026-06-07,build_profiles,2026-06-07 01:54:59,2026-06-07 02:03:13,"2026-06-07 01:54:59 INFO  [customer_360_pipeline.build_profiles] TaskInstance started — attempt 1
2026-06-07 01:55:01 INFO  Acquiring Spark session on job cluster (Photon enabled, DBR 15.4 LTS)
2026-06-07 01:55:04 INFO  Reading inputs from Unity Catalog main.curated.* 
2026-06-07 01:59:06 INFO  Stage 1 complete — input rows processed
2026-06-07 02:03:11 INFO  Writing output Delta table (MERGE) 
2026-06-07 02:03:13 INFO  [customer_360_pipeline.build_profiles] Task completed successfully in 494s (exit_code=0)",1,False,0
customer_360_pipeline,2026-06-07,publish_features,2026-06-07 02:03:19,2026-06-07 02:20:47,"2026-06-07 02:03:19 INFO  [customer_360_pipeline.publish_features] TaskInstance started — attempt 1
2026-06-07 02:03:21 INFO  Acquiring Spark session on job cluster (Photon enabled, DBR 15.4 LTS)
2026-06-07 02:03:24 INFO  Reading inputs from Unity Catalog main.curated.* 
2026-06-07 02:12:03 INFO  Stage 1 complete — input rows processed
2026-06-07 02:20:45 INFO  Writing output Delta table (MERGE) 
2026-06-07 02:20:47 INFO  [customer_360_pipeline.publish_features] Task completed successfully in 1048s (exit_code=0)",1,False,0
inventory_sync,2026-06-07,pull_warehouse_api,2026-06-07 03:03:18,2026-06-07 03:10:25,"2026-06-07 03:03:18 INFO  [inventory_sync.pull_warehouse_api] TaskInstance started — attempt 1
2026-06-07 03:03:20 INFO  Acquiring Spark session on job cluster (Photon enabled, DBR 15.4 LTS)
2026-06-07 03:03:23 INFO  Reading inputs from Unity Catalog main.curated.* 
2026-06-07 03:06:51 INFO  Stage 1 complete — input rows processed
2026-06-07 03:10:23 INFO  Writing output Delta table (MERGE) 
2026-06-07 03:10:25 INFO  [inventory_sync.pull_warehouse_api] Task completed successfully in 427s (exit_code=0)",1,False,0
inventory_sync,2026-06-07,normalize_sku,2026-06-07 03:11:07,2026-06-07 03:21:32,"2026-06-07 03:11:07 INFO  [inventory_sync.normalize_sku] TaskInstance started — attempt 1
2026-06-07 03:11:09 INFO  Acquiring Spark session on job cluster (Photon enabled, DBR 15.4 LTS)
2026-06-07 03:11:12 INFO  Reading inputs from Unity Catalog main.curated.* 
2026-06-07 03:16:19 INFO  Stage 1 complete — input rows processed
2026-06-07 03:21:30 INFO  Writing output Delta table (MERGE) 
2026-06-07 03:21:32 INFO  [inventory_sync.normalize_sku] Task completed successfully in 625s (exit_code=0)",1,False,0
inventory_sync,2026-06-07,reconcile_stock,2026-06-07 03:22:15,2026-06-07 03:42:45,"2026-06-07 03:22:15 INFO  [inventory_sync.reconcile_stock] TaskInstance started — attempt 1
2026-06-07 03:22:17 INFO  Acquiring Spark session on job cluster (Photon enabled, DBR 15.4 LTS)
2026-06-07 03:22:20 INFO  Reading inputs from Unity Catalog main.curated.* 
2026-06-07 03:32:30 INFO  Stage 1 complete — input rows processed
2026-06-07 03:42:43 INFO  Writing output Delta table (MERGE) 
2026-06-07 03:42:45 INFO  [inventory_sync.reconcile_stock] Task completed successfully in 1230s (exit_code=0)",1,False,0
inventory_sync,2026-06-07,write_delta,2026-06-07 03:42:53,2026-06-07 03:54:16,"2026-06-07 03:42:53 INFO  [inventory_sync.write_delta] TaskInstance started — attempt 1
2026-06-07 03:42:55 INFO  Acquiring Spark session on job cluster (Photon enabled, DBR 15.4 LTS)
2026-06-07 03:42:58 INFO  Reading inputs from Unity Catalog main.curated.* 
2026-06-07 03:48:34 INFO  Stage 1 complete — input rows processed
2026-06-07 03:54:14 INFO  Writing output Delta table (MERGE) 
2026-06-07 03:54:16 INFO  [inventory_sync.write_delta] Task completed successfully in 683s (exit_code=0)",1,False,0
marketing_attribution,2026-06-07,load_ad_spend,2026-06-07 04:03:02,2026-06-07 04:11:59,"2026-06-07 04:03:02 INFO  [marketing_attribution.load_ad_spend] TaskInstance started — attempt 1
2026-06-07 04:03:04 INFO  Acquiring Spark session on job cluster (Photon enabled, DBR 15.4 LTS)
2026-06-07 04:03:07 INFO  Reading inputs from Unity Catalog main.curated.* 
2026-06-07 04:07:30 INFO  Stage 1 complete — input rows processed
2026-06-07 04:11:57 INFO  Writing output Delta table (MERGE) 
2026-06-07 04:11:59 INFO  [marketing_attribution.load_ad_spend] Task completed successfully in 537s (exit_code=0)",1,False,0
marketing_attribution,2026-06-07,load_conversions,2026-06-07 04:12:25,2026-06-07 04:18:17,"2026-06-07 04:12:25 INFO  [marketing_attribution.load_conversions] TaskInstance started — attempt 1
2026-06-07 04:12:27 INFO  Acquiring Spark session on job cluster (Photon enabled, DBR 15.4 LTS)
2026-06-07 04:12:30 INFO  Reading inputs from Unity Catalog main.curated.* 
2026-06-07 04:15:21 INFO  Stage 1 complete — input rows processed
2026-06-07 04:18:15 INFO  Writing output Delta table (MERGE) 
2026-06-07 04:18:17 INFO  [marketing_attribution.load_conversions] Task completed successfully in 352s (exit_code=0)",1,False,0
marketing_attribution,2026-06-07,join_touchpoints,2026-06-07 04:18:51,2026-06-07 04:42:03,"2026-06-07 04:18:51 INFO  [marketing_attribution.join_touchpoints] TaskInstance started — attempt 1
2026-06-07 04:18:53 INFO  Acquiring Spark session on job cluster (Photon enabled, DBR 15.4 LTS)
2026-06-07 04:18:56 INFO  Reading inputs from Unity Catalog main.curated.* 
2026-06-07 04:30:27 INFO  Stage 1 complete — input rows processed
2026-06-07 04:42:01 INFO  Writing output Delta table (MERGE) 
2026-06-07 04:42:03 INFO  [marketing_attribution.join_touchpoints] Task completed successfully in 1392s (exit_code=0)",1,False,0
marketing_attribution,2026-06-07,attribute_revenue,2026-06-07 04:42:08,2026-06-07 04:55:58,"2026-06-07 04:42:08 INFO  [marketing_attribution.attribute_revenue] TaskInstance started — attempt 1
2026-06-07 04:42:10 INFO  Acquiring Spark session on job cluster (Photon enabled, DBR 15.4 LTS)
2026-06-07 04:42:13 INFO  Reading inputs from Unity Catalog main.curated.* 
2026-06-07 04:49:03 INFO  Stage 1 complete — input rows processed
2026-06-07 04:55:56 INFO  Writing output Delta table (MERGE) 
2026-06-07 04:55:58 INFO  [marketing_attribution.attribute_revenue] Task completed successfully in 830s (exit_code=0)",1,False,0
finance_reconciliation,2026-06-07,extract_ledger,2026-06-07 05:25:26,2026-06-07 05:45:53,"2026-06-07 05:25:26 INFO  [finance_reconciliation.extract_ledger] TaskInstance started — attempt 1
2026-06-07 05:25:28 INFO  Acquiring Spark session on job cluster (Photon enabled, DBR 15.4 LTS)
2026-06-07 05:25:31 INFO  Reading inputs from Unity Catalog main.curated.* 
2026-06-07 05:35:39 INFO  Stage 1 complete — input rows processed
2026-06-07 05:45:51 INFO  Writing output Delta table (MERGE) 
2026-06-07 05:45:53 INFO  [finance_reconciliation.extract_ledger] Task completed successfully in 1227s (exit_code=0)",1,False,0
finance_reconciliation,2026-06-07,extract_payments,2026-06-07 05:46:07,2026-06-07 06:00:52,"2026-06-07 05:46:07 INFO  [finance_reconciliation.extract_payments] TaskInstance started — attempt 1
2026-06-07 05:46:09 INFO  Acquiring Spark session on job cluster (Photon enabled, DBR 15.4 LTS)
2026-06-07 05:46:12 INFO  Reading inputs from Unity Catalog main.curated.* 
2026-06-07 05:53:29 INFO  Stage 1 running…
2026-06-07 06:00:49 ERROR Analyzer: cannot resolve column 'customer_id' — upstream schema changed.
2026-06-07 06:00:50 ERROR   org.apache.spark.sql.AnalysisException: cannot resolve 'customer_id' given input columns: [cust_id, ...]
                       	at org.apache.spark.sql.catalyst.analysis.CheckAnalysis.failAnalysis(...)
                       	at org.apache.spark.sql.Dataset.select(Dataset.scala:1685)
2026-06-07 06:00:52 ERROR [finance_reconciliation.extract_payments] Task failed on attempt 1 (exit_code=1)",1,False,1
finance_reconciliation,2026-06-07,extract_payments,2026-06-07 06:05:09,2026-06-07 06:19:54,"2026-06-07 06:05:09 INFO  [finance_reconciliation.extract_payments] TaskInstance started — attempt 2
2026-06-07 06:05:11 INFO  Acquiring Spark session on job cluster (Photon enabled, DBR 15.4 LTS)
2026-06-07 06:05:14 INFO  Reading inputs from Unity Catalog main.curated.* 
2026-06-07 06:12:31 INFO  Stage 1 running…
2026-06-07 06:19:51 ERROR Analyzer: cannot resolve column 'customer_id' — upstream schema changed.
2026-06-07 06:19:52 ERROR   org.apache.spark.sql.AnalysisException: cannot resolve 'customer_id' given input columns: [cust_id, ...]
                       	at org.apache.spark.sql.catalyst.analysis.CheckAnalysis.failAnalysis(...)
                       	at org.apache.spark.sql.Dataset.select(Dataset.scala:1685)
2026-06-07 06:19:54 ERROR [finance_reconciliation.extract_payments] Task failed on attempt 2 (exit_code=1)",2,False,1
finance_reconciliation,2026-06-07,extract_payments,2026-06-07 06:21:29,2026-06-07 06:36:14,"2026-06-07 06:21:29 INFO  [finance_reconciliation.extract_payments] TaskInstance started — attempt 3
2026-06-07 06:21:31 INFO  Acquiring Spark session on job cluster (Photon enabled, DBR 15.4 LTS)
2026-06-07 06:21:34 INFO  Reading inputs from Unity Catalog main.curated.* 
2026-06-07 06:28:51 INFO  Stage 1 running…
2026-06-07 06:36:11 ERROR Analyzer: cannot resolve column 'customer_id' — upstream schema changed.
2026-06-07 06:36:12 ERROR   org.apache.spark.sql.AnalysisException: cannot resolve 'customer_id' given input columns: [cust_id, ...]
                       	at org.apache.spark.sql.catalyst.analysis.CheckAnalysis.failAnalysis(...)
                       	at org.apache.spark.sql.Dataset.select(Dataset.scala:1685)
2026-06-07 06:36:14 ERROR [finance_reconciliation.extract_payments] Task failed on attempt 3 (exit_code=1)",3,False,1
finance_reconciliation,2026-06-07,extract_payments,2026-06-07 06:38:06,2026-06-07 06:52:51,"2026-06-07 06:38:06 INFO  [finance_reconciliation.extract_payments] TaskInstance started — attempt 4
2026-06-07 06:38:08 INFO  Acquiring Spark session on job cluster (Photon enabled, DBR 15.4 LTS)
2026-06-07 06:38:11 INFO  Reading inputs from Unity Catalog main.curated.* 
2026-06-07 06:45:28 INFO  Stage 1 running…
2026-06-07 06:52:48 ERROR Analyzer: cannot resolve column 'customer_id' — upstream schema changed.
2026-06-07 06:52:49 ERROR   org.apache.spark.sql.AnalysisException: cannot resolve 'customer_id' given input columns: [cust_id, ...]
                       	at org.apache.spark.sql.catalyst.analysis.CheckAnalysis.failAnalysis(...)
                       	at org.apache.spark.sql.Dataset.select(Dataset.scala:1685)
2026-06-07 06:52:51 ERROR [finance_reconciliation.extract_payments] Task failed on attempt 4 (exit_code=1)",4,False,1
clickstream_ingest,2026-06-07,read_kafka_offsets,2026-06-07 00:29:14,2026-06-07 00:34:30,"2026-06-07 00:29:14 INFO  [clickstream_ingest.read_kafka_offsets] TaskInstance started — attempt 1
2026-06-07 00:29:16 INFO  Acquiring Spark session on job cluster (Photon enabled, DBR 15.4 LTS)
2026-06-07 00:29:19 INFO  Reading inputs from Unity Catalog main.curated.* 
2026-06-07 00:31:52 INFO  Stage 1 complete — input rows processed
2026-06-07 00:34:28 INFO  Writing output Delta table (MERGE) 
2026-06-07 00:34:30 INFO  [clickstream_ingest.read_kafka_offsets] Task completed successfully in 316s (exit_code=0)",1,False,0
clickstream_ingest,2026-06-07,parse_events,2026-06-07 00:35:25,2026-06-07 00:43:49,"2026-06-07 00:35:25 INFO  [clickstream_ingest.parse_events] TaskInstance started — attempt 1
2026-06-07 00:35:27 INFO  Acquiring Spark session on job cluster (Photon enabled, DBR 15.4 LTS)
2026-06-07 00:35:30 INFO  Reading inputs from Unity Catalog main.curated.* 
2026-06-07 00:39:37 INFO  Stage 1 running…
2026-06-07 00:43:46 ERROR ShuffleBlockFetcherIterator: Failed to fetch shuffle block from a lost executor.
2026-06-07 00:43:47 ERROR   org.apache.spark.shuffle.FetchFailedException: Failed to connect to executor-7.cluster:35421
                       	at org.apache.spark.storage.ShuffleBlockFetcherIterator.throwFetchFailedException(...)
                       	at org.apache.spark.scheduler.ShuffleMapTask.runTask(ShuffleMapTask.scala:99)
2026-06-07 00:43:49 ERROR [clickstream_ingest.parse_events] Task failed on attempt 1 (exit_code=1)",1,True,1
clickstream_ingest,2026-06-07,parse_events,2026-06-07 00:47:23,2026-06-07 01:06:45,"2026-06-07 00:47:23 INFO  [clickstream_ingest.parse_events] TaskInstance started — attempt 2
2026-06-07 00:47:25 INFO  Acquiring Spark session on job cluster (Photon enabled, DBR 15.4 LTS)
2026-06-07 00:47:28 INFO  Reading inputs from Unity Catalog main.curated.* 
2026-06-07 00:57:04 INFO  Stage 1 complete — input rows processed
2026-06-07 01:06:43 INFO  Writing output Delta table (MERGE) 
2026-06-07 01:06:45 INFO  [clickstream_ingest.parse_events] Task completed successfully in 1162s (exit_code=0)",2,True,0
clickstream_ingest,2026-06-07,sessionize,2026-06-07 01:07:30,2026-06-07 01:12:38,"2026-06-07 01:07:30 INFO  [clickstream_ingest.sessionize] TaskInstance started — attempt 1
2026-06-07 01:07:32 INFO  Acquiring Spark session on job cluster (Photon enabled, DBR 15.4 LTS)
2026-06-07 01:07:35 INFO  Reading inputs from Unity Catalog main.curated.* 
2026-06-07 01:10:04 INFO  Stage 1 complete — input rows processed
2026-06-07 01:12:36 INFO  Writing output Delta table (MERGE) 
2026-06-07 01:12:38 INFO  [clickstream_ingest.sessionize] Task completed successfully in 308s (exit_code=0)",1,False,0
clickstream_ingest,2026-06-07,write_bronze,2026-06-07 01:13:23,2026-06-07 01:18:06,"2026-06-07 01:13:23 INFO  [clickstream_ingest.write_bronze] TaskInstance started — attempt 1
2026-06-07 01:13:25 INFO  Acquiring Spark session on job cluster (Photon enabled, DBR 15.4 LTS)
2026-06-07 01:13:28 INFO  Reading inputs from Unity Catalog main.curated.* 
2026-06-07 01:15:44 INFO  Stage 1 complete — input rows processed
2026-06-07 01:18:04 INFO  Writing output Delta table (MERGE) 
2026-06-07 01:18:06 INFO  [clickstream_ingest.write_bronze] Task completed successfully in 283s (exit_code=0)",1,False,0
clickstream_ingest,2026-06-07,write_silver,2026-06-07 01:19:01,2026-06-07 01:36:03,"2026-06-07 01:19:01 INFO  [clickstream_ingest.write_silver] TaskInstance started — attempt 1
2026-06-07 01:19:03 INFO  Acquiring Spark session on job cluster (Photon enabled, DBR 15.4 LTS)
2026-06-07 01:19:06 INFO  Reading inputs from Unity Catalog main.curated.* 
2026-06-07 01:27:32 INFO  Stage 1 complete — input rows processed
2026-06-07 01:36:01 INFO  Writing output Delta table (MERGE) 
2026-06-07 01:36:03 INFO  [clickstream_ingest.write_silver] Task completed successfully in 1022s (exit_code=0)",1,False,0
ml_feature_store,2026-06-07,fetch_training_data,2026-06-07 06:11:37,2026-06-07 06:31:25,"2026-06-07 06:11:37 INFO  [ml_feature_store.fetch_training_data] TaskInstance started — attempt 1
2026-06-07 06:11:39 INFO  Acquiring Spark session on job cluster (Photon enabled, DBR 15.4 LTS)
2026-06-07 06:11:42 INFO  Reading inputs from Unity Catalog main.curated.* 
2026-06-07 06:21:31 INFO  Stage 1 complete — input rows processed
2026-06-07 06:31:23 INFO  Writing output Delta table (MERGE) 
2026-06-07 06:31:25 INFO  [ml_feature_store.fetch_training_data] Task completed successfully in 1188s (exit_code=0)",1,False,0
ml_feature_store,2026-06-07,compute_features,2026-06-07 06:32:17,2026-06-07 06:52:13,"2026-06-07 06:32:17 INFO  [ml_feature_store.compute_features] TaskInstance started — attempt 1
2026-06-07 06:32:19 INFO  Acquiring Spark session on job cluster (Photon enabled, DBR 15.4 LTS)
2026-06-07 06:32:22 INFO  Reading inputs from Unity Catalog main.curated.* 
2026-06-07 06:42:15 INFO  Stage 1 complete — input rows processed
2026-06-07 06:52:11 INFO  Writing output Delta table (MERGE) 
2026-06-07 06:52:13 INFO  [ml_feature_store.compute_features] Task completed successfully in 1196s (exit_code=0)",1,False,0
ml_feature_store,2026-06-07,validate_features,2026-06-07 06:53:11,2026-06-07 07:06:31,"2026-06-07 06:53:11 INFO  [ml_feature_store.validate_features] TaskInstance started — attempt 1
2026-06-07 06:53:13 INFO  Acquiring Spark session on job cluster (Photon enabled, DBR 15.4 LTS)
2026-06-07 06:53:16 INFO  Reading inputs from Unity Catalog main.curated.* 
2026-06-07 06:59:51 INFO  Stage 1 complete — input rows processed
2026-06-07 07:06:29 INFO  Writing output Delta table (MERGE) 
2026-06-07 07:06:31 INFO  [ml_feature_store.validate_features] Task completed successfully in 800s (exit_code=0)",1,False,0
ml_feature_store,2026-06-07,materialize_online,2026-06-07 07:07:23,2026-06-07 07:26:17,"2026-06-07 07:07:23 INFO  [ml_feature_store.materialize_online] TaskInstance started — attempt 1
2026-06-07 07:07:25 INFO  Acquiring Spark session on job cluster (Photon enabled, DBR 15.4 LTS)
2026-06-07 07:07:28 INFO  Reading inputs from Unity Catalog main.curated.* 
2026-06-07 07:16:50 INFO  Stage 1 complete — input rows processed
2026-06-07 07:26:15 INFO  Writing output Delta table (MERGE) 
2026-06-07 07:26:17 INFO  [ml_feature_store.materialize_online] Task completed successfully in 1134s (exit_code=0)",1,False,0
data_quality_checks,2026-06-07,load_snapshots,2026-06-07 07:21:37,2026-06-07 07:37:47,"2026-06-07 07:21:37 INFO  [data_quality_checks.load_snapshots] TaskInstance started — attempt 1
2026-06-07 07:21:39 INFO  Acquiring Spark session on job cluster (Photon enabled, DBR 15.4 LTS)
2026-06-07 07:21:42 INFO  Reading inputs from Unity Catalog main.curated.* 
2026-06-07 07:29:42 INFO  Stage 1 complete — input rows processed
2026-06-07 07:37:45 INFO  Writing output Delta table (MERGE) 
2026-06-07 07:37:47 INFO  [data_quality_checks.load_snapshots] Task completed successfully in 970s (exit_code=0)",1,False,0
data_quality_checks,2026-06-07,run_expectations,2026-06-07 07:38:42,2026-06-07 07:59:12,"2026-06-07 07:38:42 INFO  [data_quality_checks.run_expectations] TaskInstance started — attempt 1
2026-06-07 07:38:44 INFO  Acquiring Spark session on job cluster (Photon enabled, DBR 15.4 LTS)
2026-06-07 07:38:47 INFO  Reading inputs from Unity Catalog main.curated.* 
2026-06-07 07:48:57 INFO  Stage 1 complete — input rows processed
2026-06-07 07:59:10 INFO  Writing output Delta table (MERGE) 
2026-06-07 07:59:12 INFO  [data_quality_checks.run_expectations] Task completed successfully in 1230s (exit_code=0)",1,False,0
data_quality_checks,2026-06-07,summarize_results,2026-06-07 07:59:54,2026-06-07 08:21:02,"2026-06-07 07:59:54 INFO  [data_quality_checks.summarize_results] TaskInstance started — attempt 1
2026-06-07 07:59:56 INFO  Acquiring Spark session on job cluster (Photon enabled, DBR 15.4 LTS)
2026-06-07 07:59:59 INFO  Reading inputs from Unity Catalog main.curated.* 
2026-06-07 08:10:28 INFO  Stage 1 complete — input rows processed
2026-06-07 08:21:00 INFO  Writing output Delta table (MERGE) 
2026-06-07 08:21:02 INFO  [data_quality_checks.summarize_results] Task completed successfully in 1268s (exit_code=0)",1,False,0
revenue_reporting,2026-06-07,aggregate_daily_revenue,2026-06-07 08:03:04,2026-06-07 08:14:40,"2026-06-07 08:03:04 INFO  [revenue_reporting.aggregate_daily_revenue] TaskInstance started — attempt 1
2026-06-07 08:03:06 INFO  Acquiring Spark session on job cluster (Photon enabled, DBR 15.4 LTS)
2026-06-07 08:03:09 INFO  Reading inputs from Unity Catalog main.curated.* 
2026-06-07 08:08:52 INFO  Stage 1 complete — input rows processed
2026-06-07 08:14:38 INFO  Writing output Delta table (MERGE) 
2026-06-07 08:14:40 INFO  [revenue_reporting.aggregate_daily_revenue] Task completed successfully in 696s (exit_code=0)",1,False,0
revenue_reporting,2026-06-07,currency_convert,2026-06-07 08:15:39,2026-06-07 08:26:34,"2026-06-07 08:15:39 INFO  [revenue_reporting.currency_convert] TaskInstance started — attempt 1
2026-06-07 08:15:41 INFO  Acquiring Spark session on job cluster (Photon enabled, DBR 15.4 LTS)
2026-06-07 08:15:44 INFO  Reading inputs from Unity Catalog main.curated.* 
2026-06-07 08:21:06 INFO  Stage 1 complete — input rows processed
2026-06-07 08:26:32 INFO  Writing output Delta table (MERGE) 
2026-06-07 08:26:34 INFO  [revenue_reporting.currency_convert] Task completed successfully in 655s (exit_code=0)",1,False,0
revenue_reporting,2026-06-07,build_dashboards_tbl,2026-06-07 08:27:16,2026-06-07 08:45:53,"2026-06-07 08:27:16 INFO  [revenue_reporting.build_dashboards_tbl] TaskInstance started — attempt 1
2026-06-07 08:27:18 INFO  Acquiring Spark session on job cluster (Photon enabled, DBR 15.4 LTS)
2026-06-07 08:27:21 INFO  Reading inputs from Unity Catalog main.curated.* 
2026-06-07 08:36:34 INFO  Stage 1 complete — input rows processed
2026-06-07 08:45:51 INFO  Writing output Delta table (MERGE) 
2026-06-07 08:45:53 INFO  [revenue_reporting.build_dashboards_tbl] Task completed successfully in 1117s (exit_code=0)",1,False,0
user_segmentation,2026-06-07,load_activity,2026-06-07 09:18:58,2026-06-07 09:23:40,"2026-06-07 09:18:58 INFO  [user_segmentation.load_activity] TaskInstance started — attempt 1
2026-06-07 09:19:00 INFO  Acquiring Spark session on job cluster (Photon enabled, DBR 15.4 LTS)
2026-06-07 09:19:03 INFO  Reading inputs from Unity Catalog main.curated.* 
2026-06-07 09:21:19 INFO  Stage 1 complete — input rows processed
2026-06-07 09:23:38 INFO  Writing output Delta table (MERGE) 
2026-06-07 09:23:40 INFO  [user_segmentation.load_activity] Task completed successfully in 282s (exit_code=0)",1,False,0
user_segmentation,2026-06-07,compute_rfm,2026-06-07 09:24:35,2026-06-07 09:41:03,"2026-06-07 09:24:35 INFO  [user_segmentation.compute_rfm] TaskInstance started — attempt 1
2026-06-07 09:24:37 INFO  Acquiring Spark session on job cluster (Photon enabled, DBR 15.4 LTS)
2026-06-07 09:24:40 INFO  Reading inputs from Unity Catalog main.curated.* 
2026-06-07 09:32:49 INFO  Stage 1 complete — input rows processed
2026-06-07 09:41:01 INFO  Writing output Delta table (MERGE) 
2026-06-07 09:41:03 INFO  [user_segmentation.compute_rfm] Task completed successfully in 988s (exit_code=0)",1,False,0
user_segmentation,2026-06-07,assign_segments,2026-06-07 09:41:51,2026-06-07 09:56:32,"2026-06-07 09:41:51 INFO  [user_segmentation.assign_segments] TaskInstance started — attempt 1
2026-06-07 09:41:53 INFO  Acquiring Spark session on job cluster (Photon enabled, DBR 15.4 LTS)
2026-06-07 09:41:56 INFO  Reading inputs from Unity Catalog main.curated.* 
2026-06-07 09:49:11 INFO  Stage 1 complete — input rows processed
2026-06-07 09:56:30 INFO  Writing output Delta table (MERGE) 
2026-06-07 09:56:32 INFO  [user_segmentation.assign_segments] Task completed successfully in 881s (exit_code=0)",1,False,0
user_segmentation,2026-06-07,push_to_crm,2026-06-07 09:57:02,2026-06-07 10:03:00,"2026-06-07 09:57:02 INFO  [user_segmentation.push_to_crm] TaskInstance started — attempt 1
2026-06-07 09:57:04 INFO  Acquiring Spark session on job cluster (Photon enabled, DBR 15.4 LTS)
2026-06-07 09:57:07 INFO  Reading inputs from Unity Catalog main.curated.* 
2026-06-07 10:00:01 INFO  Stage 1 complete — input rows processed
2026-06-07 10:02:58 INFO  Writing output Delta table (MERGE) 
2026-06-07 10:03:00 INFO  [user_segmentation.push_to_crm] Task completed successfully in 358s (exit_code=0)",1,False,0
daily_sales_etl,2026-06-08,extract_orders,2026-06-08 02:26:50,2026-06-08 02:50:08,"2026-06-08 02:26:50 INFO  [daily_sales_etl.extract_orders] TaskInstance started — attempt 1
2026-06-08 02:26:52 INFO  Acquiring Spark session on job cluster (Photon enabled, DBR 15.4 LTS)
2026-06-08 02:26:55 INFO  Reading inputs from Unity Catalog main.curated.* 
2026-06-08 02:38:29 INFO  Stage 1 complete — input rows processed
2026-06-08 02:50:06 INFO  Writing output Delta table (MERGE) 
2026-06-08 02:50:08 INFO  [daily_sales_etl.extract_orders] Task completed successfully in 1398s (exit_code=0)",1,False,0
daily_sales_etl,2026-06-08,extract_returns,2026-06-08 02:50:40,2026-06-08 02:53:36,"2026-06-08 02:50:40 INFO  [daily_sales_etl.extract_returns] TaskInstance started — attempt 1
2026-06-08 02:50:42 INFO  Acquiring Spark session on job cluster (Photon enabled, DBR 15.4 LTS)
2026-06-08 02:50:45 INFO  Reading inputs from Unity Catalog main.curated.* 
2026-06-08 02:52:08 INFO  Stage 1 running…
2026-06-08 02:53:33 ERROR TaskRunner: Task exceeded execution_timeout (3600s) and was terminated.
2026-06-08 02:53:34 ERROR   java.util.concurrent.TimeoutException: Task exceeded the configured execution_timeout of 3600s
                       	at org.apache.airflow.executors.TaskRunner.enforceTimeout(...)
2026-06-08 02:53:36 ERROR [daily_sales_etl.extract_returns] Task failed on attempt 1 (exit_code=1)",1,True,1
daily_sales_etl,2026-06-08,extract_returns,2026-06-08 02:56:37,2026-06-08 03:10:01,"2026-06-08 02:56:37 INFO  [daily_sales_etl.extract_returns] TaskInstance started — attempt 2
2026-06-08 02:56:39 INFO  Acquiring Spark session on job cluster (Photon enabled, DBR 15.4 LTS)
2026-06-08 02:56:42 INFO  Reading inputs from Unity Catalog main.curated.* 
2026-06-08 03:03:19 INFO  Stage 1 complete — input rows processed
2026-06-08 03:09:59 INFO  Writing output Delta table (MERGE) 
2026-06-08 03:10:01 INFO  [daily_sales_etl.extract_returns] Task completed successfully in 804s (exit_code=0)",2,True,0
daily_sales_etl,2026-06-08,transform_sales,2026-06-08 03:10:32,2026-06-08 03:27:33,"2026-06-08 03:10:32 INFO  [daily_sales_etl.transform_sales] TaskInstance started — attempt 1
2026-06-08 03:10:34 INFO  Acquiring Spark session on job cluster (Photon enabled, DBR 15.4 LTS)
2026-06-08 03:10:37 INFO  Reading inputs from Unity Catalog main.curated.* 
2026-06-08 03:19:02 INFO  Stage 1 complete — input rows processed
2026-06-08 03:27:31 INFO  Writing output Delta table (MERGE) 
2026-06-08 03:27:33 INFO  [daily_sales_etl.transform_sales] Task completed successfully in 1021s (exit_code=0)",1,False,0
daily_sales_etl,2026-06-08,dq_check_sales,2026-06-08 03:28:07,2026-06-08 03:36:05,"2026-06-08 03:28:07 INFO  [daily_sales_etl.dq_check_sales] TaskInstance started — attempt 1
2026-06-08 03:28:09 INFO  Acquiring Spark session on job cluster (Photon enabled, DBR 15.4 LTS)
2026-06-08 03:28:12 INFO  Reading inputs from Unity Catalog main.curated.* 
2026-06-08 03:32:06 INFO  Stage 1 complete — input rows processed
2026-06-08 03:36:03 INFO  Writing output Delta table (MERGE) 
2026-06-08 03:36:05 INFO  [daily_sales_etl.dq_check_sales] Task completed successfully in 478s (exit_code=0)",1,False,0
daily_sales_etl,2026-06-08,load_fact_sales,2026-06-08 03:36:23,2026-06-08 03:42:13,"2026-06-08 03:36:23 INFO  [daily_sales_etl.load_fact_sales] TaskInstance started — attempt 1
2026-06-08 03:36:25 INFO  Acquiring Spark session on job cluster (Photon enabled, DBR 15.4 LTS)
2026-06-08 03:36:28 INFO  Reading inputs from Unity Catalog main.curated.* 
2026-06-08 03:39:18 INFO  Stage 1 complete — input rows processed
2026-06-08 03:42:11 INFO  Writing output Delta table (MERGE) 
2026-06-08 03:42:13 INFO  [daily_sales_etl.load_fact_sales] Task completed successfully in 350s (exit_code=0)",1,False,0
customer_360_pipeline,2026-06-08,ingest_crm,2026-06-08 01:14:39,2026-06-08 01:26:54,"2026-06-08 01:14:39 INFO  [customer_360_pipeline.ingest_crm] TaskInstance started — attempt 1
2026-06-08 01:14:41 INFO  Acquiring Spark session on job cluster (Photon enabled, DBR 15.4 LTS)
2026-06-08 01:14:44 INFO  Reading inputs from Unity Catalog main.curated.* 
2026-06-08 01:20:46 INFO  Stage 1 complete — input rows processed
2026-06-08 01:26:52 INFO  Writing output Delta table (MERGE) 
2026-06-08 01:26:54 INFO  [customer_360_pipeline.ingest_crm] Task completed successfully in 735s (exit_code=0)",1,False,0
customer_360_pipeline,2026-06-08,ingest_web_events,2026-06-08 01:27:27,2026-06-08 01:44:21,"2026-06-08 01:27:27 INFO  [customer_360_pipeline.ingest_web_events] TaskInstance started — attempt 1
2026-06-08 01:27:29 INFO  Acquiring Spark session on job cluster (Photon enabled, DBR 15.4 LTS)
2026-06-08 01:27:32 INFO  Reading inputs from Unity Catalog main.curated.* 
2026-06-08 01:35:54 INFO  Stage 1 complete — input rows processed
2026-06-08 01:44:19 INFO  Writing output Delta table (MERGE) 
2026-06-08 01:44:21 INFO  [customer_360_pipeline.ingest_web_events] Task completed successfully in 1014s (exit_code=0)",1,False,0
customer_360_pipeline,2026-06-08,resolve_identity,2026-06-08 01:45:17,2026-06-08 01:56:32,"2026-06-08 01:45:17 INFO  [customer_360_pipeline.resolve_identity] TaskInstance started — attempt 1
2026-06-08 01:45:19 INFO  Acquiring Spark session on job cluster (Photon enabled, DBR 15.4 LTS)
2026-06-08 01:45:22 INFO  Reading inputs from Unity Catalog main.curated.* 
2026-06-08 01:50:54 INFO  Stage 1 running…
2026-06-08 01:56:29 ERROR DataSource: Path does not exist for the current run partition; 0 input files matched.
2026-06-08 01:56:30 ERROR   org.apache.spark.sql.AnalysisException: Path does not exist: s3://lake/raw/resolve_identity/dt=...
                       	at org.apache.spark.sql.execution.datasources.DataSource.checkAndGlobPathIfNecessary(...)
                       	at org.apache.spark.sql.DataFrameReader.load(DataFrameReader.scala:309)
2026-06-08 01:56:32 ERROR [customer_360_pipeline.resolve_identity] Task failed on attempt 1 (exit_code=1)",1,False,1
customer_360_pipeline,2026-06-08,resolve_identity,2026-06-08 01:58:02,2026-06-08 02:09:17,"2026-06-08 01:58:02 INFO  [customer_360_pipeline.resolve_identity] TaskInstance started — attempt 2
2026-06-08 01:58:04 INFO  Acquiring Spark session on job cluster (Photon enabled, DBR 15.4 LTS)
2026-06-08 01:58:07 INFO  Reading inputs from Unity Catalog main.curated.* 
2026-06-08 02:03:39 INFO  Stage 1 running…
2026-06-08 02:09:14 ERROR DataSource: Path does not exist for the current run partition; 0 input files matched.
2026-06-08 02:09:15 ERROR   org.apache.spark.sql.AnalysisException: Path does not exist: s3://lake/raw/resolve_identity/dt=...
                       	at org.apache.spark.sql.execution.datasources.DataSource.checkAndGlobPathIfNecessary(...)
                       	at org.apache.spark.sql.DataFrameReader.load(DataFrameReader.scala:309)
2026-06-08 02:09:17 ERROR [customer_360_pipeline.resolve_identity] Task failed on attempt 2 (exit_code=1)",2,False,1
customer_360_pipeline,2026-06-08,resolve_identity,2026-06-08 02:11:12,2026-06-08 02:22:27,"2026-06-08 02:11:12 INFO  [customer_360_pipeline.resolve_identity] TaskInstance started — attempt 3
2026-06-08 02:11:14 INFO  Acquiring Spark session on job cluster (Photon enabled, DBR 15.4 LTS)
2026-06-08 02:11:17 INFO  Reading inputs from Unity Catalog main.curated.* 
2026-06-08 02:16:49 INFO  Stage 1 running…
2026-06-08 02:22:24 ERROR DataSource: Path does not exist for the current run partition; 0 input files matched.
2026-06-08 02:22:25 ERROR   org.apache.spark.sql.AnalysisException: Path does not exist: s3://lake/raw/resolve_identity/dt=...
                       	at org.apache.spark.sql.execution.datasources.DataSource.checkAndGlobPathIfNecessary(...)
                       	at org.apache.spark.sql.DataFrameReader.load(DataFrameReader.scala:309)
2026-06-08 02:22:27 ERROR [customer_360_pipeline.resolve_identity] Task failed on attempt 3 (exit_code=1)",3,False,1
customer_360_pipeline,2026-06-08,resolve_identity,2026-06-08 02:26:21,2026-06-08 02:37:36,"2026-06-08 02:26:21 INFO  [customer_360_pipeline.resolve_identity] TaskInstance started — attempt 4
2026-06-08 02:26:23 INFO  Acquiring Spark session on job cluster (Photon enabled, DBR 15.4 LTS)
2026-06-08 02:26:26 INFO  Reading inputs from Unity Catalog main.curated.* 
2026-06-08 02:31:58 INFO  Stage 1 running…
2026-06-08 02:37:33 ERROR DataSource: Path does not exist for the current run partition; 0 input files matched.
2026-06-08 02:37:34 ERROR   org.apache.spark.sql.AnalysisException: Path does not exist: s3://lake/raw/resolve_identity/dt=...
                       	at org.apache.spark.sql.execution.datasources.DataSource.checkAndGlobPathIfNecessary(...)
                       	at org.apache.spark.sql.DataFrameReader.load(DataFrameReader.scala:309)
2026-06-08 02:37:36 ERROR [customer_360_pipeline.resolve_identity] Task failed on attempt 4 (exit_code=1)",4,False,1
inventory_sync,2026-06-08,pull_warehouse_api,2026-06-08 03:01:24,2026-06-08 03:10:41,"2026-06-08 03:01:24 INFO  [inventory_sync.pull_warehouse_api] TaskInstance started — attempt 1
2026-06-08 03:01:26 INFO  Acquiring Spark session on job cluster (Photon enabled, DBR 15.4 LTS)
2026-06-08 03:01:29 INFO  Reading inputs from Unity Catalog main.curated.* 
2026-06-08 03:06:02 INFO  Stage 1 complete — input rows processed
2026-06-08 03:10:39 INFO  Writing output Delta table (MERGE) 
2026-06-08 03:10:41 INFO  [inventory_sync.pull_warehouse_api] Task completed successfully in 557s (exit_code=0)",1,False,0
inventory_sync,2026-06-08,normalize_sku,2026-06-08 03:11:07,2026-06-08 03:19:16,"2026-06-08 03:11:07 INFO  [inventory_sync.normalize_sku] TaskInstance started — attempt 1
2026-06-08 03:11:09 INFO  Acquiring Spark session on job cluster (Photon enabled, DBR 15.4 LTS)
2026-06-08 03:11:12 INFO  Reading inputs from Unity Catalog main.curated.* 
2026-06-08 03:15:11 INFO  Stage 1 complete — input rows processed
2026-06-08 03:19:14 INFO  Writing output Delta table (MERGE) 
2026-06-08 03:19:16 INFO  [inventory_sync.normalize_sku] Task completed successfully in 489s (exit_code=0)",1,False,0
inventory_sync,2026-06-08,reconcile_stock,2026-06-08 03:19:35,2026-06-08 03:34:34,"2026-06-08 03:19:35 INFO  [inventory_sync.reconcile_stock] TaskInstance started — attempt 1
2026-06-08 03:19:37 INFO  Acquiring Spark session on job cluster (Photon enabled, DBR 15.4 LTS)
2026-06-08 03:19:40 INFO  Reading inputs from Unity Catalog main.curated.* 
2026-06-08 03:27:04 INFO  Stage 1 complete — input rows processed
2026-06-08 03:34:32 INFO  Writing output Delta table (MERGE) 
2026-06-08 03:34:34 INFO  [inventory_sync.reconcile_stock] Task completed successfully in 899s (exit_code=0)",1,False,0
inventory_sync,2026-06-08,write_delta,2026-06-08 03:35:18,2026-06-08 03:51:45,"2026-06-08 03:35:18 INFO  [inventory_sync.write_delta] TaskInstance started — attempt 1
2026-06-08 03:35:20 INFO  Acquiring Spark session on job cluster (Photon enabled, DBR 15.4 LTS)
2026-06-08 03:35:23 INFO  Reading inputs from Unity Catalog main.curated.* 
2026-06-08 03:43:31 INFO  Stage 1 complete — input rows processed
2026-06-08 03:51:43 INFO  Writing output Delta table (MERGE) 
2026-06-08 03:51:45 INFO  [inventory_sync.write_delta] Task completed successfully in 987s (exit_code=0)",1,False,0
marketing_attribution,2026-06-08,load_ad_spend,2026-06-08 04:30:56,2026-06-08 04:54:38,"2026-06-08 04:30:56 INFO  [marketing_attribution.load_ad_spend] TaskInstance started — attempt 1
2026-06-08 04:30:58 INFO  Acquiring Spark session on job cluster (Photon enabled, DBR 15.4 LTS)
2026-06-08 04:31:01 INFO  Reading inputs from Unity Catalog main.curated.* 
2026-06-08 04:42:47 INFO  Stage 1 complete — input rows processed
2026-06-08 04:54:36 INFO  Writing output Delta table (MERGE) 
2026-06-08 04:54:38 INFO  [marketing_attribution.load_ad_spend] Task completed successfully in 1422s (exit_code=0)",1,False,0
marketing_attribution,2026-06-08,load_conversions,2026-06-08 04:55:36,2026-06-08 05:04:08,"2026-06-08 04:55:36 INFO  [marketing_attribution.load_conversions] TaskInstance started — attempt 1
2026-06-08 04:55:38 INFO  Acquiring Spark session on job cluster (Photon enabled, DBR 15.4 LTS)
2026-06-08 04:55:41 INFO  Reading inputs from Unity Catalog main.curated.* 
2026-06-08 04:59:52 INFO  Stage 1 complete — input rows processed
2026-06-08 05:04:06 INFO  Writing output Delta table (MERGE) 
2026-06-08 05:04:08 INFO  [marketing_attribution.load_conversions] Task completed successfully in 512s (exit_code=0)",1,False,0
marketing_attribution,2026-06-08,join_touchpoints,2026-06-08 05:04:13,2026-06-08 05:07:13,"2026-06-08 05:04:13 INFO  [marketing_attribution.join_touchpoints] TaskInstance started — attempt 1
2026-06-08 05:04:15 INFO  Acquiring Spark session on job cluster (Photon enabled, DBR 15.4 LTS)
2026-06-08 05:04:18 INFO  Reading inputs from Unity Catalog main.curated.* 
2026-06-08 05:05:43 INFO  Stage 1 complete — input rows processed
2026-06-08 05:07:11 INFO  Writing output Delta table (MERGE) 
2026-06-08 05:07:13 INFO  [marketing_attribution.join_touchpoints] Task completed successfully in 180s (exit_code=0)",1,False,0
marketing_attribution,2026-06-08,attribute_revenue,2026-06-08 05:07:24,2026-06-08 05:18:47,"2026-06-08 05:07:24 INFO  [marketing_attribution.attribute_revenue] TaskInstance started — attempt 1
2026-06-08 05:07:26 INFO  Acquiring Spark session on job cluster (Photon enabled, DBR 15.4 LTS)
2026-06-08 05:07:29 INFO  Reading inputs from Unity Catalog main.curated.* 
2026-06-08 05:13:05 INFO  Stage 1 complete — input rows processed
2026-06-08 05:18:45 INFO  Writing output Delta table (MERGE) 
2026-06-08 05:18:47 INFO  [marketing_attribution.attribute_revenue] Task completed successfully in 683s (exit_code=0)",1,False,0
finance_reconciliation,2026-06-08,extract_ledger,2026-06-08 05:21:16,2026-06-08 05:27:42,"2026-06-08 05:21:16 INFO  [finance_reconciliation.extract_ledger] TaskInstance started — attempt 1
2026-06-08 05:21:18 INFO  Acquiring Spark session on job cluster (Photon enabled, DBR 15.4 LTS)
2026-06-08 05:21:21 INFO  Reading inputs from Unity Catalog main.curated.* 
2026-06-08 05:24:29 INFO  Stage 1 complete — input rows processed
2026-06-08 05:27:40 INFO  Writing output Delta table (MERGE) 
2026-06-08 05:27:42 INFO  [finance_reconciliation.extract_ledger] Task completed successfully in 386s (exit_code=0)",1,False,0
finance_reconciliation,2026-06-08,extract_payments,2026-06-08 05:28:34,2026-06-08 05:49:06,"2026-06-08 05:28:34 INFO  [finance_reconciliation.extract_payments] TaskInstance started — attempt 1
2026-06-08 05:28:36 INFO  Acquiring Spark session on job cluster (Photon enabled, DBR 15.4 LTS)
2026-06-08 05:28:39 INFO  Reading inputs from Unity Catalog main.curated.* 
2026-06-08 05:38:50 INFO  Stage 1 complete — input rows processed
2026-06-08 05:49:04 INFO  Writing output Delta table (MERGE) 
2026-06-08 05:49:06 INFO  [finance_reconciliation.extract_payments] Task completed successfully in 1232s (exit_code=0)",1,False,0
finance_reconciliation,2026-06-08,reconcile,2026-06-08 05:49:19,2026-06-08 06:00:57,"2026-06-08 05:49:19 INFO  [finance_reconciliation.reconcile] TaskInstance started — attempt 1
2026-06-08 05:49:21 INFO  Acquiring Spark session on job cluster (Photon enabled, DBR 15.4 LTS)
2026-06-08 05:49:24 INFO  Reading inputs from Unity Catalog main.curated.* 
2026-06-08 05:55:08 INFO  Stage 1 complete — input rows processed
2026-06-08 06:00:55 INFO  Writing output Delta table (MERGE) 
2026-06-08 06:00:57 INFO  [finance_reconciliation.reconcile] Task completed successfully in 698s (exit_code=0)",1,False,0
finance_reconciliation,2026-06-08,gl_validation,2026-06-08 06:01:06,2026-06-08 06:21:39,"2026-06-08 06:01:06 INFO  [finance_reconciliation.gl_validation] TaskInstance started — attempt 1
2026-06-08 06:01:08 INFO  Acquiring Spark session on job cluster (Photon enabled, DBR 15.4 LTS)
2026-06-08 06:01:11 INFO  Reading inputs from Unity Catalog main.curated.* 
2026-06-08 06:11:22 INFO  Stage 1 complete — input rows processed
2026-06-08 06:21:37 INFO  Writing output Delta table (MERGE) 
2026-06-08 06:21:39 INFO  [finance_reconciliation.gl_validation] Task completed successfully in 1233s (exit_code=0)",1,False,0
finance_reconciliation,2026-06-08,export_report,2026-06-08 06:22:12,2026-06-08 06:34:17,"2026-06-08 06:22:12 INFO  [finance_reconciliation.export_report] TaskInstance started — attempt 1
2026-06-08 06:22:14 INFO  Acquiring Spark session on job cluster (Photon enabled, DBR 15.4 LTS)
2026-06-08 06:22:17 INFO  Reading inputs from Unity Catalog main.curated.* 
2026-06-08 06:28:14 INFO  Stage 1 complete — input rows processed
2026-06-08 06:34:15 INFO  Writing output Delta table (MERGE) 
2026-06-08 06:34:17 INFO  [finance_reconciliation.export_report] Task completed successfully in 725s (exit_code=0)",1,False,0
clickstream_ingest,2026-06-08,read_kafka_offsets,2026-06-08 00:09:42,2026-06-08 00:25:31,"2026-06-08 00:09:42 INFO  [clickstream_ingest.read_kafka_offsets] TaskInstance started — attempt 1
2026-06-08 00:09:44 INFO  Acquiring Spark session on job cluster (Photon enabled, DBR 15.4 LTS)
2026-06-08 00:09:47 INFO  Reading inputs from Unity Catalog main.curated.* 
2026-06-08 00:17:36 INFO  Stage 1 complete — input rows processed
2026-06-08 00:25:29 INFO  Writing output Delta table (MERGE) 
2026-06-08 00:25:31 INFO  [clickstream_ingest.read_kafka_offsets] Task completed successfully in 949s (exit_code=0)",1,False,0
clickstream_ingest,2026-06-08,parse_events,2026-06-08 00:26:27,2026-06-08 00:31:29,"2026-06-08 00:26:27 INFO  [clickstream_ingest.parse_events] TaskInstance started — attempt 1
2026-06-08 00:26:29 INFO  Acquiring Spark session on job cluster (Photon enabled, DBR 15.4 LTS)
2026-06-08 00:26:32 INFO  Reading inputs from Unity Catalog main.curated.* 
2026-06-08 00:28:58 INFO  Stage 1 complete — input rows processed
2026-06-08 00:31:27 INFO  Writing output Delta table (MERGE) 
2026-06-08 00:31:29 INFO  [clickstream_ingest.parse_events] Task completed successfully in 302s (exit_code=0)",1,False,0
clickstream_ingest,2026-06-08,sessionize,2026-06-08 00:32:05,2026-06-08 00:51:55,"2026-06-08 00:32:05 INFO  [clickstream_ingest.sessionize] TaskInstance started — attempt 1
2026-06-08 00:32:07 INFO  Acquiring Spark session on job cluster (Photon enabled, DBR 15.4 LTS)
2026-06-08 00:32:10 INFO  Reading inputs from Unity Catalog main.curated.* 
2026-06-08 00:42:00 INFO  Stage 1 complete — input rows processed
2026-06-08 00:51:53 INFO  Writing output Delta table (MERGE) 
2026-06-08 00:51:55 INFO  [clickstream_ingest.sessionize] Task completed successfully in 1190s (exit_code=0)",1,False,0
clickstream_ingest,2026-06-08,write_bronze,2026-06-08 00:52:01,2026-06-08 00:56:57,"2026-06-08 00:52:01 INFO  [clickstream_ingest.write_bronze] TaskInstance started — attempt 1
2026-06-08 00:52:03 INFO  Acquiring Spark session on job cluster (Photon enabled, DBR 15.4 LTS)
2026-06-08 00:52:06 INFO  Reading inputs from Unity Catalog main.curated.* 
2026-06-08 00:54:29 INFO  Stage 1 complete — input rows processed
2026-06-08 00:56:55 INFO  Writing output Delta table (MERGE) 
2026-06-08 00:56:57 INFO  [clickstream_ingest.write_bronze] Task completed successfully in 296s (exit_code=0)",1,False,0
clickstream_ingest,2026-06-08,write_silver,2026-06-08 00:57:45,2026-06-08 01:04:48,"2026-06-08 00:57:45 INFO  [clickstream_ingest.write_silver] TaskInstance started — attempt 1
2026-06-08 00:57:47 INFO  Acquiring Spark session on job cluster (Photon enabled, DBR 15.4 LTS)
2026-06-08 00:57:50 INFO  Reading inputs from Unity Catalog main.curated.* 
2026-06-08 01:01:16 INFO  Stage 1 complete — input rows processed
2026-06-08 01:04:46 INFO  Writing output Delta table (MERGE) 
2026-06-08 01:04:48 INFO  [clickstream_ingest.write_silver] Task completed successfully in 423s (exit_code=0)",1,False,0
ml_feature_store,2026-06-08,fetch_training_data,2026-06-08 06:09:48,2026-06-08 06:17:59,"2026-06-08 06:09:48 INFO  [ml_feature_store.fetch_training_data] TaskInstance started — attempt 1
2026-06-08 06:09:50 INFO  Acquiring Spark session on job cluster (Photon enabled, DBR 15.4 LTS)
2026-06-08 06:09:53 INFO  Reading inputs from Unity Catalog main.curated.* 
2026-06-08 06:13:53 INFO  Stage 1 complete — input rows processed
2026-06-08 06:17:57 INFO  Writing output Delta table (MERGE) 
2026-06-08 06:17:59 INFO  [ml_feature_store.fetch_training_data] Task completed successfully in 491s (exit_code=0)",1,False,0
ml_feature_store,2026-06-08,compute_features,2026-06-08 06:18:51,2026-06-08 06:22:01,"2026-06-08 06:18:51 INFO  [ml_feature_store.compute_features] TaskInstance started — attempt 1
2026-06-08 06:18:53 INFO  Acquiring Spark session on job cluster (Photon enabled, DBR 15.4 LTS)
2026-06-08 06:18:56 INFO  Reading inputs from Unity Catalog main.curated.* 
2026-06-08 06:20:26 INFO  Stage 1 running…
2026-06-08 06:21:58 ERROR ShuffleBlockFetcherIterator: Failed to fetch shuffle block from a lost executor.
2026-06-08 06:21:59 ERROR   org.apache.spark.shuffle.FetchFailedException: Failed to connect to executor-7.cluster:35421
                       	at org.apache.spark.storage.ShuffleBlockFetcherIterator.throwFetchFailedException(...)
                       	at org.apache.spark.scheduler.ShuffleMapTask.runTask(ShuffleMapTask.scala:99)
2026-06-08 06:22:01 ERROR [ml_feature_store.compute_features] Task failed on attempt 1 (exit_code=1)",1,True,1
ml_feature_store,2026-06-08,compute_features,2026-06-08 06:23:02,2026-06-08 06:33:01,"2026-06-08 06:23:02 INFO  [ml_feature_store.compute_features] TaskInstance started — attempt 2
2026-06-08 06:23:04 INFO  Acquiring Spark session on job cluster (Photon enabled, DBR 15.4 LTS)
2026-06-08 06:23:07 INFO  Reading inputs from Unity Catalog main.curated.* 
2026-06-08 06:28:01 INFO  Stage 1 running…
2026-06-08 06:32:58 ERROR ShuffleBlockFetcherIterator: Failed to fetch shuffle block from a lost executor.
2026-06-08 06:32:59 ERROR   org.apache.spark.shuffle.FetchFailedException: Failed to connect to executor-7.cluster:35421
                       	at org.apache.spark.storage.ShuffleBlockFetcherIterator.throwFetchFailedException(...)
                       	at org.apache.spark.scheduler.ShuffleMapTask.runTask(ShuffleMapTask.scala:99)
2026-06-08 06:33:01 ERROR [ml_feature_store.compute_features] Task failed on attempt 2 (exit_code=1)",2,True,1
ml_feature_store,2026-06-08,compute_features,2026-06-08 06:35:10,2026-06-08 06:53:49,"2026-06-08 06:35:10 INFO  [ml_feature_store.compute_features] TaskInstance started — attempt 3
2026-06-08 06:35:12 INFO  Acquiring Spark session on job cluster (Photon enabled, DBR 15.4 LTS)
2026-06-08 06:35:15 INFO  Reading inputs from Unity Catalog main.curated.* 
2026-06-08 06:44:29 INFO  Stage 1 complete — input rows processed
2026-06-08 06:53:47 INFO  Writing output Delta table (MERGE) 
2026-06-08 06:53:49 INFO  [ml_feature_store.compute_features] Task completed successfully in 1119s (exit_code=0)",3,True,0
ml_feature_store,2026-06-08,validate_features,2026-06-08 06:54:03,2026-06-08 07:03:27,"2026-06-08 06:54:03 INFO  [ml_feature_store.validate_features] TaskInstance started — attempt 1
2026-06-08 06:54:05 INFO  Acquiring Spark session on job cluster (Photon enabled, DBR 15.4 LTS)
2026-06-08 06:54:08 INFO  Reading inputs from Unity Catalog main.curated.* 
2026-06-08 06:58:45 INFO  Stage 1 complete — input rows processed
2026-06-08 07:03:25 INFO  Writing output Delta table (MERGE) 
2026-06-08 07:03:27 INFO  [ml_feature_store.validate_features] Task completed successfully in 564s (exit_code=0)",1,False,0
ml_feature_store,2026-06-08,materialize_online,2026-06-08 07:04:08,2026-06-08 07:12:30,"2026-06-08 07:04:08 INFO  [ml_feature_store.materialize_online] TaskInstance started — attempt 1
2026-06-08 07:04:10 INFO  Acquiring Spark session on job cluster (Photon enabled, DBR 15.4 LTS)
2026-06-08 07:04:13 INFO  Reading inputs from Unity Catalog main.curated.* 
2026-06-08 07:08:19 INFO  Stage 1 running…
2026-06-08 07:12:27 ERROR TaskRunner: Task exceeded execution_timeout (3600s) and was terminated.
2026-06-08 07:12:28 ERROR   java.util.concurrent.TimeoutException: Task exceeded the configured execution_timeout of 3600s
                       	at org.apache.airflow.executors.TaskRunner.enforceTimeout(...)
2026-06-08 07:12:30 ERROR [ml_feature_store.materialize_online] Task failed on attempt 1 (exit_code=1)",1,True,1
ml_feature_store,2026-06-08,materialize_online,2026-06-08 07:16:00,2026-06-08 07:36:20,"2026-06-08 07:16:00 INFO  [ml_feature_store.materialize_online] TaskInstance started — attempt 2
2026-06-08 07:16:02 INFO  Acquiring Spark session on job cluster (Photon enabled, DBR 15.4 LTS)
2026-06-08 07:16:05 INFO  Reading inputs from Unity Catalog main.curated.* 
2026-06-08 07:26:10 INFO  Stage 1 complete — input rows processed
2026-06-08 07:36:18 INFO  Writing output Delta table (MERGE) 
2026-06-08 07:36:20 INFO  [ml_feature_store.materialize_online] Task completed successfully in 1220s (exit_code=0)",2,True,0
data_quality_checks,2026-06-08,load_snapshots,2026-06-08 07:08:40,2026-06-08 07:21:36,"2026-06-08 07:08:40 INFO  [data_quality_checks.load_snapshots] TaskInstance started — attempt 1
2026-06-08 07:08:42 INFO  Acquiring Spark session on job cluster (Photon enabled, DBR 15.4 LTS)
2026-06-08 07:08:45 INFO  Reading inputs from Unity Catalog main.curated.* 
2026-06-08 07:15:08 INFO  Stage 1 complete — input rows processed
2026-06-08 07:21:34 INFO  Writing output Delta table (MERGE) 
2026-06-08 07:21:36 INFO  [data_quality_checks.load_snapshots] Task completed successfully in 776s (exit_code=0)",1,False,0
data_quality_checks,2026-06-08,run_expectations,2026-06-08 07:21:42,2026-06-08 07:39:03,"2026-06-08 07:21:42 INFO  [data_quality_checks.run_expectations] TaskInstance started — attempt 1
2026-06-08 07:21:44 INFO  Acquiring Spark session on job cluster (Photon enabled, DBR 15.4 LTS)
2026-06-08 07:21:47 INFO  Reading inputs from Unity Catalog main.curated.* 
2026-06-08 07:30:22 INFO  Stage 1 complete — input rows processed
2026-06-08 07:39:01 INFO  Writing output Delta table (MERGE) 
2026-06-08 07:39:03 INFO  [data_quality_checks.run_expectations] Task completed successfully in 1041s (exit_code=0)",1,False,0
data_quality_checks,2026-06-08,summarize_results,2026-06-08 07:39:34,2026-06-08 07:45:26,"2026-06-08 07:39:34 INFO  [data_quality_checks.summarize_results] TaskInstance started — attempt 1
2026-06-08 07:39:36 INFO  Acquiring Spark session on job cluster (Photon enabled, DBR 15.4 LTS)
2026-06-08 07:39:39 INFO  Reading inputs from Unity Catalog main.curated.* 
2026-06-08 07:42:30 INFO  Stage 1 complete — input rows processed
2026-06-08 07:45:24 INFO  Writing output Delta table (MERGE) 
2026-06-08 07:45:26 INFO  [data_quality_checks.summarize_results] Task completed successfully in 352s (exit_code=0)",1,False,0
revenue_reporting,2026-06-08,aggregate_daily_revenue,2026-06-08 08:20:24,2026-06-08 08:35:41,"2026-06-08 08:20:24 INFO  [revenue_reporting.aggregate_daily_revenue] TaskInstance started — attempt 1
2026-06-08 08:20:26 INFO  Acquiring Spark session on job cluster (Photon enabled, DBR 15.4 LTS)
2026-06-08 08:20:29 INFO  Reading inputs from Unity Catalog main.curated.* 
2026-06-08 08:28:02 INFO  Stage 1 complete — input rows processed
2026-06-08 08:35:39 INFO  Writing output Delta table (MERGE) 
2026-06-08 08:35:41 INFO  [revenue_reporting.aggregate_daily_revenue] Task completed successfully in 917s (exit_code=0)",1,False,0
revenue_reporting,2026-06-08,currency_convert,2026-06-08 08:36:03,2026-06-08 08:50:06,"2026-06-08 08:36:03 INFO  [revenue_reporting.currency_convert] TaskInstance started — attempt 1
2026-06-08 08:36:05 INFO  Acquiring Spark session on job cluster (Photon enabled, DBR 15.4 LTS)
2026-06-08 08:36:08 INFO  Reading inputs from Unity Catalog main.curated.* 
2026-06-08 08:43:04 INFO  Stage 1 complete — input rows processed
2026-06-08 08:50:04 INFO  Writing output Delta table (MERGE) 
2026-06-08 08:50:06 INFO  [revenue_reporting.currency_convert] Task completed successfully in 843s (exit_code=0)",1,False,0
revenue_reporting,2026-06-08,build_dashboards_tbl,2026-06-08 08:50:47,2026-06-08 09:10:42,"2026-06-08 08:50:47 INFO  [revenue_reporting.build_dashboards_tbl] TaskInstance started — attempt 1
2026-06-08 08:50:49 INFO  Acquiring Spark session on job cluster (Photon enabled, DBR 15.4 LTS)
2026-06-08 08:50:52 INFO  Reading inputs from Unity Catalog main.curated.* 
2026-06-08 09:00:44 INFO  Stage 1 complete — input rows processed
2026-06-08 09:10:40 INFO  Writing output Delta table (MERGE) 
2026-06-08 09:10:42 INFO  [revenue_reporting.build_dashboards_tbl] Task completed successfully in 1195s (exit_code=0)",1,False,0
user_segmentation,2026-06-08,load_activity,2026-06-08 09:17:22,2026-06-08 09:27:13,"2026-06-08 09:17:22 INFO  [user_segmentation.load_activity] TaskInstance started — attempt 1
2026-06-08 09:17:24 INFO  Acquiring Spark session on job cluster (Photon enabled, DBR 15.4 LTS)
2026-06-08 09:17:27 INFO  Reading inputs from Unity Catalog main.curated.* 
2026-06-08 09:22:17 INFO  Stage 1 complete — input rows processed
2026-06-08 09:27:11 INFO  Writing output Delta table (MERGE) 
2026-06-08 09:27:13 INFO  [user_segmentation.load_activity] Task completed successfully in 591s (exit_code=0)",1,False,0
user_segmentation,2026-06-08,compute_rfm,2026-06-08 09:27:21,2026-06-08 09:35:53,"2026-06-08 09:27:21 INFO  [user_segmentation.compute_rfm] TaskInstance started — attempt 1
2026-06-08 09:27:23 INFO  Acquiring Spark session on job cluster (Photon enabled, DBR 15.4 LTS)
2026-06-08 09:27:26 INFO  Reading inputs from Unity Catalog main.curated.* 
2026-06-08 09:31:37 INFO  Stage 1 complete — input rows processed
2026-06-08 09:35:51 INFO  Writing output Delta table (MERGE) 
2026-06-08 09:35:53 INFO  [user_segmentation.compute_rfm] Task completed successfully in 512s (exit_code=0)",1,False,0
user_segmentation,2026-06-08,assign_segments,2026-06-08 09:36:31,2026-06-08 09:45:20,"2026-06-08 09:36:31 INFO  [user_segmentation.assign_segments] TaskInstance started — attempt 1
2026-06-08 09:36:33 INFO  Acquiring Spark session on job cluster (Photon enabled, DBR 15.4 LTS)
2026-06-08 09:36:36 INFO  Reading inputs from Unity Catalog main.curated.* 
2026-06-08 09:40:55 INFO  Stage 1 complete — input rows processed
2026-06-08 09:45:18 INFO  Writing output Delta table (MERGE) 
2026-06-08 09:45:20 INFO  [user_segmentation.assign_segments] Task completed successfully in 529s (exit_code=0)",1,False,0
user_segmentation,2026-06-08,push_to_crm,2026-06-08 09:45:28,2026-06-08 10:08:30,"2026-06-08 09:45:28 INFO  [user_segmentation.push_to_crm] TaskInstance started — attempt 1
2026-06-08 09:45:30 INFO  Acquiring Spark session on job cluster (Photon enabled, DBR 15.4 LTS)
2026-06-08 09:45:33 INFO  Reading inputs from Unity Catalog main.curated.* 
2026-06-08 09:56:59 INFO  Stage 1 complete — input rows processed
2026-06-08 10:08:28 INFO  Writing output Delta table (MERGE) 
2026-06-08 10:08:30 INFO  [user_segmentation.push_to_crm] Task completed successfully in 1382s (exit_code=0)",1,False,0
daily_sales_etl,2026-06-09,extract_orders,2026-06-09 02:24:23,2026-06-09 02:33:46,"2026-06-09 02:24:23 INFO  [daily_sales_etl.extract_orders] TaskInstance started — attempt 1
2026-06-09 02:24:25 INFO  Acquiring Spark session on job cluster (Photon enabled, DBR 15.4 LTS)
2026-06-09 02:24:28 INFO  Reading inputs from Unity Catalog main.curated.* 
2026-06-09 02:29:04 INFO  Stage 1 complete — input rows processed
2026-06-09 02:33:44 INFO  Writing output Delta table (MERGE) 
2026-06-09 02:33:46 INFO  [daily_sales_etl.extract_orders] Task completed successfully in 563s (exit_code=0)",1,False,0
daily_sales_etl,2026-06-09,extract_returns,2026-06-09 02:34:21,2026-06-09 02:44:05,"2026-06-09 02:34:21 INFO  [daily_sales_etl.extract_returns] TaskInstance started — attempt 1
2026-06-09 02:34:23 INFO  Acquiring Spark session on job cluster (Photon enabled, DBR 15.4 LTS)
2026-06-09 02:34:26 INFO  Reading inputs from Unity Catalog main.curated.* 
2026-06-09 02:39:13 INFO  Stage 1 complete — input rows processed
2026-06-09 02:44:03 INFO  Writing output Delta table (MERGE) 
2026-06-09 02:44:05 INFO  [daily_sales_etl.extract_returns] Task completed successfully in 584s (exit_code=0)",1,False,0
daily_sales_etl,2026-06-09,transform_sales,2026-06-09 02:44:38,2026-06-09 03:01:23,"2026-06-09 02:44:38 INFO  [daily_sales_etl.transform_sales] TaskInstance started — attempt 1
2026-06-09 02:44:40 INFO  Acquiring Spark session on job cluster (Photon enabled, DBR 15.4 LTS)
2026-06-09 02:44:43 INFO  Reading inputs from Unity Catalog main.curated.* 
2026-06-09 02:53:00 INFO  Stage 1 complete — input rows processed
2026-06-09 03:01:21 INFO  Writing output Delta table (MERGE) 
2026-06-09 03:01:23 INFO  [daily_sales_etl.transform_sales] Task completed successfully in 1005s (exit_code=0)",1,False,0
daily_sales_etl,2026-06-09,dq_check_sales,2026-06-09 03:01:44,2026-06-09 03:17:04,"2026-06-09 03:01:44 INFO  [daily_sales_etl.dq_check_sales] TaskInstance started — attempt 1
2026-06-09 03:01:46 INFO  Acquiring Spark session on job cluster (Photon enabled, DBR 15.4 LTS)
2026-06-09 03:01:49 INFO  Reading inputs from Unity Catalog main.curated.* 
2026-06-09 03:09:24 INFO  Stage 1 complete — input rows processed
2026-06-09 03:17:02 INFO  Writing output Delta table (MERGE) 
2026-06-09 03:17:04 INFO  [daily_sales_etl.dq_check_sales] Task completed successfully in 920s (exit_code=0)",1,False,0
daily_sales_etl,2026-06-09,load_fact_sales,2026-06-09 03:17:33,2026-06-09 03:36:40,"2026-06-09 03:17:33 INFO  [daily_sales_etl.load_fact_sales] TaskInstance started — attempt 1
2026-06-09 03:17:35 INFO  Acquiring Spark session on job cluster (Photon enabled, DBR 15.4 LTS)
2026-06-09 03:17:38 INFO  Reading inputs from Unity Catalog main.curated.* 
2026-06-09 03:27:06 INFO  Stage 1 complete — input rows processed
2026-06-09 03:36:38 INFO  Writing output Delta table (MERGE) 
2026-06-09 03:36:40 INFO  [daily_sales_etl.load_fact_sales] Task completed successfully in 1147s (exit_code=0)",1,False,0
customer_360_pipeline,2026-06-09,ingest_crm,2026-06-09 01:29:58,2026-06-09 01:50:04,"2026-06-09 01:29:58 INFO  [customer_360_pipeline.ingest_crm] TaskInstance started — attempt 1
2026-06-09 01:30:00 INFO  Acquiring Spark session on job cluster (Photon enabled, DBR 15.4 LTS)
2026-06-09 01:30:03 INFO  Reading inputs from Unity Catalog main.curated.* 
2026-06-09 01:40:01 INFO  Stage 1 complete — input rows processed
2026-06-09 01:50:02 INFO  Writing output Delta table (MERGE) 
2026-06-09 01:50:04 INFO  [customer_360_pipeline.ingest_crm] Task completed successfully in 1206s (exit_code=0)",1,False,0
customer_360_pipeline,2026-06-09,ingest_web_events,2026-06-09 01:50:49,2026-06-09 01:59:16,"2026-06-09 01:50:49 INFO  [customer_360_pipeline.ingest_web_events] TaskInstance started — attempt 1
2026-06-09 01:50:51 INFO  Acquiring Spark session on job cluster (Photon enabled, DBR 15.4 LTS)
2026-06-09 01:50:54 INFO  Reading inputs from Unity Catalog main.curated.* 
2026-06-09 01:55:02 INFO  Stage 1 complete — input rows processed
2026-06-09 01:59:14 INFO  Writing output Delta table (MERGE) 
2026-06-09 01:59:16 INFO  [customer_360_pipeline.ingest_web_events] Task completed successfully in 507s (exit_code=0)",1,False,0
customer_360_pipeline,2026-06-09,resolve_identity,2026-06-09 01:59:41,2026-06-09 02:04:11,"2026-06-09 01:59:41 INFO  [customer_360_pipeline.resolve_identity] TaskInstance started — attempt 1
2026-06-09 01:59:43 INFO  Acquiring Spark session on job cluster (Photon enabled, DBR 15.4 LTS)
2026-06-09 01:59:46 INFO  Reading inputs from Unity Catalog main.curated.* 
2026-06-09 02:01:56 INFO  Stage 1 complete — input rows processed
2026-06-09 02:04:09 INFO  Writing output Delta table (MERGE) 
2026-06-09 02:04:11 INFO  [customer_360_pipeline.resolve_identity] Task completed successfully in 270s (exit_code=0)",1,False,0
customer_360_pipeline,2026-06-09,build_profiles,2026-06-09 02:05:04,2026-06-09 02:26:21,"2026-06-09 02:05:04 INFO  [customer_360_pipeline.build_profiles] TaskInstance started — attempt 1
2026-06-09 02:05:06 INFO  Acquiring Spark session on job cluster (Photon enabled, DBR 15.4 LTS)
2026-06-09 02:05:09 INFO  Reading inputs from Unity Catalog main.curated.* 
2026-06-09 02:15:42 INFO  Stage 1 complete — input rows processed
2026-06-09 02:26:19 INFO  Writing output Delta table (MERGE) 
2026-06-09 02:26:21 INFO  [customer_360_pipeline.build_profiles] Task completed successfully in 1277s (exit_code=0)",1,False,0
customer_360_pipeline,2026-06-09,publish_features,2026-06-09 02:27:01,2026-06-09 02:44:04,"2026-06-09 02:27:01 INFO  [customer_360_pipeline.publish_features] TaskInstance started — attempt 1
2026-06-09 02:27:03 INFO  Acquiring Spark session on job cluster (Photon enabled, DBR 15.4 LTS)
2026-06-09 02:27:06 INFO  Reading inputs from Unity Catalog main.curated.* 
2026-06-09 02:35:32 INFO  Stage 1 complete — input rows processed
2026-06-09 02:44:02 INFO  Writing output Delta table (MERGE) 
2026-06-09 02:44:04 INFO  [customer_360_pipeline.publish_features] Task completed successfully in 1023s (exit_code=0)",1,False,0
inventory_sync,2026-06-09,pull_warehouse_api,2026-06-09 03:12:23,2026-06-09 03:28:53,"2026-06-09 03:12:23 INFO  [inventory_sync.pull_warehouse_api] TaskInstance started — attempt 1
2026-06-09 03:12:25 INFO  Acquiring Spark session on job cluster (Photon enabled, DBR 15.4 LTS)
2026-06-09 03:12:28 INFO  Reading inputs from Unity Catalog main.curated.* 
2026-06-09 03:20:38 INFO  Stage 1 complete — input rows processed
2026-06-09 03:28:51 INFO  Writing output Delta table (MERGE) 
2026-06-09 03:28:53 INFO  [inventory_sync.pull_warehouse_api] Task completed successfully in 990s (exit_code=0)",1,False,0
inventory_sync,2026-06-09,normalize_sku,2026-06-09 03:29:16,2026-06-09 03:53:46,"2026-06-09 03:29:16 INFO  [inventory_sync.normalize_sku] TaskInstance started — attempt 1
2026-06-09 03:29:18 INFO  Acquiring Spark session on job cluster (Photon enabled, DBR 15.4 LTS)
2026-06-09 03:29:21 INFO  Reading inputs from Unity Catalog main.curated.* 
2026-06-09 03:41:31 INFO  Stage 1 complete — input rows processed
2026-06-09 03:53:44 INFO  Writing output Delta table (MERGE) 
2026-06-09 03:53:46 INFO  [inventory_sync.normalize_sku] Task completed successfully in 1470s (exit_code=0)",1,False,0
inventory_sync,2026-06-09,reconcile_stock,2026-06-09 03:54:19,2026-06-09 04:01:27,"2026-06-09 03:54:19 INFO  [inventory_sync.reconcile_stock] TaskInstance started — attempt 1
2026-06-09 03:54:21 INFO  Acquiring Spark session on job cluster (Photon enabled, DBR 15.4 LTS)
2026-06-09 03:54:24 INFO  Reading inputs from Unity Catalog main.curated.* 
2026-06-09 03:57:53 INFO  Stage 1 running…
2026-06-09 04:01:24 ERROR ShuffleBlockFetcherIterator: Failed to fetch shuffle block from a lost executor.
2026-06-09 04:01:25 ERROR   org.apache.spark.shuffle.FetchFailedException: Failed to connect to executor-7.cluster:35421
                       	at org.apache.spark.storage.ShuffleBlockFetcherIterator.throwFetchFailedException(...)
                       	at org.apache.spark.scheduler.ShuffleMapTask.runTask(ShuffleMapTask.scala:99)
2026-06-09 04:01:27 ERROR [inventory_sync.reconcile_stock] Task failed on attempt 1 (exit_code=1)",1,True,1
inventory_sync,2026-06-09,reconcile_stock,2026-06-09 04:03:59,2026-06-09 04:08:14,"2026-06-09 04:03:59 INFO  [inventory_sync.reconcile_stock] TaskInstance started — attempt 2
2026-06-09 04:04:01 INFO  Acquiring Spark session on job cluster (Photon enabled, DBR 15.4 LTS)
2026-06-09 04:04:04 INFO  Reading inputs from Unity Catalog main.curated.* 
2026-06-09 04:06:06 INFO  Stage 1 running…
2026-06-09 04:08:11 ERROR ShuffleBlockFetcherIterator: Failed to fetch shuffle block from a lost executor.
2026-06-09 04:08:12 ERROR   org.apache.spark.shuffle.FetchFailedException: Failed to connect to executor-7.cluster:35421
                       	at org.apache.spark.storage.ShuffleBlockFetcherIterator.throwFetchFailedException(...)
                       	at org.apache.spark.scheduler.ShuffleMapTask.runTask(ShuffleMapTask.scala:99)
2026-06-09 04:08:14 ERROR [inventory_sync.reconcile_stock] Task failed on attempt 2 (exit_code=1)",2,True,1
inventory_sync,2026-06-09,reconcile_stock,2026-06-09 04:10:16,2026-06-09 04:13:40,"2026-06-09 04:10:16 INFO  [inventory_sync.reconcile_stock] TaskInstance started — attempt 3
2026-06-09 04:10:18 INFO  Acquiring Spark session on job cluster (Photon enabled, DBR 15.4 LTS)
2026-06-09 04:10:21 INFO  Reading inputs from Unity Catalog main.curated.* 
2026-06-09 04:11:58 INFO  Stage 1 complete — input rows processed
2026-06-09 04:13:38 INFO  Writing output Delta table (MERGE) 
2026-06-09 04:13:40 INFO  [inventory_sync.reconcile_stock] Task completed successfully in 204s (exit_code=0)",3,True,0
inventory_sync,2026-06-09,write_delta,2026-06-09 04:13:49,2026-06-09 04:35:32,"2026-06-09 04:13:49 INFO  [inventory_sync.write_delta] TaskInstance started — attempt 1
2026-06-09 04:13:51 INFO  Acquiring Spark session on job cluster (Photon enabled, DBR 15.4 LTS)
2026-06-09 04:13:54 INFO  Reading inputs from Unity Catalog main.curated.* 
2026-06-09 04:24:40 INFO  Stage 1 complete — input rows processed
2026-06-09 04:35:30 INFO  Writing output Delta table (MERGE) 
2026-06-09 04:35:32 INFO  [inventory_sync.write_delta] Task completed successfully in 1303s (exit_code=0)",1,False,0
marketing_attribution,2026-06-09,load_ad_spend,2026-06-09 04:21:53,2026-06-09 04:28:40,"2026-06-09 04:21:53 INFO  [marketing_attribution.load_ad_spend] TaskInstance started — attempt 1
2026-06-09 04:21:55 INFO  Acquiring Spark session on job cluster (Photon enabled, DBR 15.4 LTS)
2026-06-09 04:21:58 INFO  Reading inputs from Unity Catalog main.curated.* 
2026-06-09 04:25:16 INFO  Stage 1 complete — input rows processed
2026-06-09 04:28:38 INFO  Writing output Delta table (MERGE) 
2026-06-09 04:28:40 INFO  [marketing_attribution.load_ad_spend] Task completed successfully in 407s (exit_code=0)",1,False,0
marketing_attribution,2026-06-09,load_conversions,2026-06-09 04:28:55,2026-06-09 04:53:55,"2026-06-09 04:28:55 INFO  [marketing_attribution.load_conversions] TaskInstance started — attempt 1
2026-06-09 04:28:57 INFO  Acquiring Spark session on job cluster (Photon enabled, DBR 15.4 LTS)
2026-06-09 04:29:00 INFO  Reading inputs from Unity Catalog main.curated.* 
2026-06-09 04:41:25 INFO  Stage 1 complete — input rows processed
2026-06-09 04:53:53 INFO  Writing output Delta table (MERGE) 
2026-06-09 04:53:55 INFO  [marketing_attribution.load_conversions] Task completed successfully in 1500s (exit_code=0)",1,False,0
marketing_attribution,2026-06-09,join_touchpoints,2026-06-09 04:54:46,2026-06-09 05:19:24,"2026-06-09 04:54:46 INFO  [marketing_attribution.join_touchpoints] TaskInstance started — attempt 1
2026-06-09 04:54:48 INFO  Acquiring Spark session on job cluster (Photon enabled, DBR 15.4 LTS)
2026-06-09 04:54:51 INFO  Reading inputs from Unity Catalog main.curated.* 
2026-06-09 05:07:05 INFO  Stage 1 complete — input rows processed
2026-06-09 05:19:22 INFO  Writing output Delta table (MERGE) 
2026-06-09 05:19:24 INFO  [marketing_attribution.join_touchpoints] Task completed successfully in 1478s (exit_code=0)",1,False,0
marketing_attribution,2026-06-09,attribute_revenue,2026-06-09 05:19:36,2026-06-09 05:36:23,"2026-06-09 05:19:36 INFO  [marketing_attribution.attribute_revenue] TaskInstance started — attempt 1
2026-06-09 05:19:38 INFO  Acquiring Spark session on job cluster (Photon enabled, DBR 15.4 LTS)
2026-06-09 05:19:41 INFO  Reading inputs from Unity Catalog main.curated.* 
2026-06-09 05:27:59 INFO  Stage 1 complete — input rows processed
2026-06-09 05:36:21 INFO  Writing output Delta table (MERGE) 
2026-06-09 05:36:23 INFO  [marketing_attribution.attribute_revenue] Task completed successfully in 1007s (exit_code=0)",1,False,0
finance_reconciliation,2026-06-09,extract_ledger,2026-06-09 05:23:53,2026-06-09 05:40:16,"2026-06-09 05:23:53 INFO  [finance_reconciliation.extract_ledger] TaskInstance started — attempt 1
2026-06-09 05:23:55 INFO  Acquiring Spark session on job cluster (Photon enabled, DBR 15.4 LTS)
2026-06-09 05:23:58 INFO  Reading inputs from Unity Catalog main.curated.* 
2026-06-09 05:32:04 INFO  Stage 1 complete — input rows processed
2026-06-09 05:40:14 INFO  Writing output Delta table (MERGE) 
2026-06-09 05:40:16 INFO  [finance_reconciliation.extract_ledger] Task completed successfully in 983s (exit_code=0)",1,False,0
finance_reconciliation,2026-06-09,extract_payments,2026-06-09 05:40:42,2026-06-09 05:55:38,"2026-06-09 05:40:42 INFO  [finance_reconciliation.extract_payments] TaskInstance started — attempt 1
2026-06-09 05:40:44 INFO  Acquiring Spark session on job cluster (Photon enabled, DBR 15.4 LTS)
2026-06-09 05:40:47 INFO  Reading inputs from Unity Catalog main.curated.* 
2026-06-09 05:48:10 INFO  Stage 1 complete — input rows processed
2026-06-09 05:55:36 INFO  Writing output Delta table (MERGE) 
2026-06-09 05:55:38 INFO  [finance_reconciliation.extract_payments] Task completed successfully in 896s (exit_code=0)",1,False,0
finance_reconciliation,2026-06-09,reconcile,2026-06-09 05:56:28,2026-06-09 06:04:21,"2026-06-09 05:56:28 INFO  [finance_reconciliation.reconcile] TaskInstance started — attempt 1
2026-06-09 05:56:30 INFO  Acquiring Spark session on job cluster (Photon enabled, DBR 15.4 LTS)
2026-06-09 05:56:33 INFO  Reading inputs from Unity Catalog main.curated.* 
2026-06-09 06:00:24 INFO  Stage 1 complete — input rows processed
2026-06-09 06:04:19 INFO  Writing output Delta table (MERGE) 
2026-06-09 06:04:21 INFO  [finance_reconciliation.reconcile] Task completed successfully in 473s (exit_code=0)",1,False,0
finance_reconciliation,2026-06-09,gl_validation,2026-06-09 06:04:59,2026-06-09 06:22:06,"2026-06-09 06:04:59 INFO  [finance_reconciliation.gl_validation] TaskInstance started — attempt 1
2026-06-09 06:05:01 INFO  Acquiring Spark session on job cluster (Photon enabled, DBR 15.4 LTS)
2026-06-09 06:05:04 INFO  Reading inputs from Unity Catalog main.curated.* 
2026-06-09 06:13:32 INFO  Stage 1 complete — input rows processed
2026-06-09 06:22:04 INFO  Writing output Delta table (MERGE) 
2026-06-09 06:22:06 INFO  [finance_reconciliation.gl_validation] Task completed successfully in 1027s (exit_code=0)",1,False,0
finance_reconciliation,2026-06-09,export_report,2026-06-09 06:22:29,2026-06-09 06:30:02,"2026-06-09 06:22:29 INFO  [finance_reconciliation.export_report] TaskInstance started — attempt 1
2026-06-09 06:22:31 INFO  Acquiring Spark session on job cluster (Photon enabled, DBR 15.4 LTS)
2026-06-09 06:22:34 INFO  Reading inputs from Unity Catalog main.curated.* 
2026-06-09 06:26:15 INFO  Stage 1 complete — input rows processed
2026-06-09 06:30:00 INFO  Writing output Delta table (MERGE) 
2026-06-09 06:30:02 INFO  [finance_reconciliation.export_report] Task completed successfully in 453s (exit_code=0)",1,False,0
clickstream_ingest,2026-06-09,read_kafka_offsets,2026-06-09 00:02:59,2026-06-09 00:08:25,"2026-06-09 00:02:59 INFO  [clickstream_ingest.read_kafka_offsets] TaskInstance started — attempt 1
2026-06-09 00:03:01 INFO  Acquiring Spark session on job cluster (Photon enabled, DBR 15.4 LTS)
2026-06-09 00:03:04 INFO  Reading inputs from Unity Catalog main.curated.* 
2026-06-09 00:05:42 INFO  Stage 1 running…
2026-06-09 00:08:22 ERROR JDBCRDD: Connection timed out after 30000ms while reading from source DB.
2026-06-09 00:08:23 ERROR   java.sql.SQLTransientConnectionException: HikariPool-1 - Connection is not available, request timed out after 30000ms
                       	at com.zaxxer.hikari.pool.HikariPool.getConnection(HikariPool.java:213)
                       	at org.apache.spark.sql.execution.datasources.jdbc.JDBCRDD.compute(...)
2026-06-09 00:08:25 ERROR [clickstream_ingest.read_kafka_offsets] Task failed on attempt 1 (exit_code=1)",1,True,1
clickstream_ingest,2026-06-09,read_kafka_offsets,2026-06-09 00:10:19,2026-06-09 00:17:12,"2026-06-09 00:10:19 INFO  [clickstream_ingest.read_kafka_offsets] TaskInstance started — attempt 2
2026-06-09 00:10:21 INFO  Acquiring Spark session on job cluster (Photon enabled, DBR 15.4 LTS)
2026-06-09 00:10:24 INFO  Reading inputs from Unity Catalog main.curated.* 
2026-06-09 00:13:45 INFO  Stage 1 running…
2026-06-09 00:17:09 ERROR JDBCRDD: Connection timed out after 30000ms while reading from source DB.
2026-06-09 00:17:10 ERROR   java.sql.SQLTransientConnectionException: HikariPool-1 - Connection is not available, request timed out after 30000ms
                       	at com.zaxxer.hikari.pool.HikariPool.getConnection(HikariPool.java:213)
                       	at org.apache.spark.sql.execution.datasources.jdbc.JDBCRDD.compute(...)
2026-06-09 00:17:12 ERROR [clickstream_ingest.read_kafka_offsets] Task failed on attempt 2 (exit_code=1)",2,True,1
clickstream_ingest,2026-06-09,read_kafka_offsets,2026-06-09 00:19:22,2026-06-09 00:39:30,"2026-06-09 00:19:22 INFO  [clickstream_ingest.read_kafka_offsets] TaskInstance started — attempt 3
2026-06-09 00:19:24 INFO  Acquiring Spark session on job cluster (Photon enabled, DBR 15.4 LTS)
2026-06-09 00:19:27 INFO  Reading inputs from Unity Catalog main.curated.* 
2026-06-09 00:29:26 INFO  Stage 1 complete — input rows processed
2026-06-09 00:39:28 INFO  Writing output Delta table (MERGE) 
2026-06-09 00:39:30 INFO  [clickstream_ingest.read_kafka_offsets] Task completed successfully in 1208s (exit_code=0)",3,True,0
clickstream_ingest,2026-06-09,parse_events,2026-06-09 00:40:25,2026-06-09 00:47:56,"2026-06-09 00:40:25 INFO  [clickstream_ingest.parse_events] TaskInstance started — attempt 1
2026-06-09 00:40:27 INFO  Acquiring Spark session on job cluster (Photon enabled, DBR 15.4 LTS)
2026-06-09 00:40:30 INFO  Reading inputs from Unity Catalog main.curated.* 
2026-06-09 00:44:10 INFO  Stage 1 complete — input rows processed
2026-06-09 00:47:54 INFO  Writing output Delta table (MERGE) 
2026-06-09 00:47:56 INFO  [clickstream_ingest.parse_events] Task completed successfully in 451s (exit_code=0)",1,False,0
clickstream_ingest,2026-06-09,sessionize,2026-06-09 00:48:43,2026-06-09 00:59:51,"2026-06-09 00:48:43 INFO  [clickstream_ingest.sessionize] TaskInstance started — attempt 1
2026-06-09 00:48:45 INFO  Acquiring Spark session on job cluster (Photon enabled, DBR 15.4 LTS)
2026-06-09 00:48:48 INFO  Reading inputs from Unity Catalog main.curated.* 
2026-06-09 00:54:17 INFO  Stage 1 complete — input rows processed
2026-06-09 00:59:49 INFO  Writing output Delta table (MERGE) 
2026-06-09 00:59:51 INFO  [clickstream_ingest.sessionize] Task completed successfully in 668s (exit_code=0)",1,False,0
clickstream_ingest,2026-06-09,write_bronze,2026-06-09 01:00:14,2026-06-09 01:04:22,"2026-06-09 01:00:14 INFO  [clickstream_ingest.write_bronze] TaskInstance started — attempt 1
2026-06-09 01:00:16 INFO  Acquiring Spark session on job cluster (Photon enabled, DBR 15.4 LTS)
2026-06-09 01:00:19 INFO  Reading inputs from Unity Catalog main.curated.* 
2026-06-09 01:02:18 INFO  Stage 1 complete — input rows processed
2026-06-09 01:04:20 INFO  Writing output Delta table (MERGE) 
2026-06-09 01:04:22 INFO  [clickstream_ingest.write_bronze] Task completed successfully in 248s (exit_code=0)",1,False,0
clickstream_ingest,2026-06-09,write_silver,2026-06-09 01:05:19,2026-06-09 01:21:19,"2026-06-09 01:05:19 INFO  [clickstream_ingest.write_silver] TaskInstance started — attempt 1
2026-06-09 01:05:21 INFO  Acquiring Spark session on job cluster (Photon enabled, DBR 15.4 LTS)
2026-06-09 01:05:24 INFO  Reading inputs from Unity Catalog main.curated.* 
2026-06-09 01:13:19 INFO  Stage 1 complete — input rows processed
2026-06-09 01:21:17 INFO  Writing output Delta table (MERGE) 
2026-06-09 01:21:19 INFO  [clickstream_ingest.write_silver] Task completed successfully in 960s (exit_code=0)",1,False,0
ml_feature_store,2026-06-09,fetch_training_data,2026-06-09 06:20:45,2026-06-09 06:36:52,"2026-06-09 06:20:45 INFO  [ml_feature_store.fetch_training_data] TaskInstance started — attempt 1
2026-06-09 06:20:47 INFO  Acquiring Spark session on job cluster (Photon enabled, DBR 15.4 LTS)
2026-06-09 06:20:50 INFO  Reading inputs from Unity Catalog main.curated.* 
2026-06-09 06:28:48 INFO  Stage 1 complete — input rows processed
2026-06-09 06:36:50 INFO  Writing output Delta table (MERGE) 
2026-06-09 06:36:52 INFO  [ml_feature_store.fetch_training_data] Task completed successfully in 967s (exit_code=0)",1,False,0
ml_feature_store,2026-06-09,compute_features,2026-06-09 06:37:14,2026-06-09 06:42:31,"2026-06-09 06:37:14 INFO  [ml_feature_store.compute_features] TaskInstance started — attempt 1
2026-06-09 06:37:16 INFO  Acquiring Spark session on job cluster (Photon enabled, DBR 15.4 LTS)
2026-06-09 06:37:19 INFO  Reading inputs from Unity Catalog main.curated.* 
2026-06-09 06:39:52 INFO  Stage 1 complete — input rows processed
2026-06-09 06:42:29 INFO  Writing output Delta table (MERGE) 
2026-06-09 06:42:31 INFO  [ml_feature_store.compute_features] Task completed successfully in 317s (exit_code=0)",1,False,0
ml_feature_store,2026-06-09,validate_features,2026-06-09 06:43:14,2026-06-09 07:03:36,"2026-06-09 06:43:14 INFO  [ml_feature_store.validate_features] TaskInstance started — attempt 1
2026-06-09 06:43:16 INFO  Acquiring Spark session on job cluster (Photon enabled, DBR 15.4 LTS)
2026-06-09 06:43:19 INFO  Reading inputs from Unity Catalog main.curated.* 
2026-06-09 06:53:25 INFO  Stage 1 complete — input rows processed
2026-06-09 07:03:34 INFO  Writing output Delta table (MERGE) 
2026-06-09 07:03:36 INFO  [ml_feature_store.validate_features] Task completed successfully in 1222s (exit_code=0)",1,False,0
ml_feature_store,2026-06-09,materialize_online,2026-06-09 07:03:54,2026-06-09 07:14:32,"2026-06-09 07:03:54 INFO  [ml_feature_store.materialize_online] TaskInstance started — attempt 1
2026-06-09 07:03:56 INFO  Acquiring Spark session on job cluster (Photon enabled, DBR 15.4 LTS)
2026-06-09 07:03:59 INFO  Reading inputs from Unity Catalog main.curated.* 
2026-06-09 07:09:13 INFO  Stage 1 complete — input rows processed
2026-06-09 07:14:30 INFO  Writing output Delta table (MERGE) 
2026-06-09 07:14:32 INFO  [ml_feature_store.materialize_online] Task completed successfully in 638s (exit_code=0)",1,False,0
data_quality_checks,2026-06-09,load_snapshots,2026-06-09 07:21:36,2026-06-09 07:27:17,"2026-06-09 07:21:36 INFO  [data_quality_checks.load_snapshots] TaskInstance started — attempt 1
2026-06-09 07:21:38 INFO  Acquiring Spark session on job cluster (Photon enabled, DBR 15.4 LTS)
2026-06-09 07:21:41 INFO  Reading inputs from Unity Catalog main.curated.* 
2026-06-09 07:24:26 INFO  Stage 1 complete — input rows processed
2026-06-09 07:27:15 INFO  Writing output Delta table (MERGE) 
2026-06-09 07:27:17 INFO  [data_quality_checks.load_snapshots] Task completed successfully in 341s (exit_code=0)",1,False,0
data_quality_checks,2026-06-09,run_expectations,2026-06-09 07:28:06,2026-06-09 07:48:45,"2026-06-09 07:28:06 INFO  [data_quality_checks.run_expectations] TaskInstance started — attempt 1
2026-06-09 07:28:08 INFO  Acquiring Spark session on job cluster (Photon enabled, DBR 15.4 LTS)
2026-06-09 07:28:11 INFO  Reading inputs from Unity Catalog main.curated.* 
2026-06-09 07:38:25 INFO  Stage 1 complete — input rows processed
2026-06-09 07:48:43 INFO  Writing output Delta table (MERGE) 
2026-06-09 07:48:45 INFO  [data_quality_checks.run_expectations] Task completed successfully in 1239s (exit_code=0)",1,False,0
data_quality_checks,2026-06-09,summarize_results,2026-06-09 07:49:43,2026-06-09 08:03:48,"2026-06-09 07:49:43 INFO  [data_quality_checks.summarize_results] TaskInstance started — attempt 1
2026-06-09 07:49:45 INFO  Acquiring Spark session on job cluster (Photon enabled, DBR 15.4 LTS)
2026-06-09 07:49:48 INFO  Reading inputs from Unity Catalog main.curated.* 
2026-06-09 07:56:45 INFO  Stage 1 complete — input rows processed
2026-06-09 08:03:46 INFO  Writing output Delta table (MERGE) 
2026-06-09 08:03:48 INFO  [data_quality_checks.summarize_results] Task completed successfully in 845s (exit_code=0)",1,False,0
revenue_reporting,2026-06-09,aggregate_daily_revenue,2026-06-09 08:20:48,2026-06-09 08:33:11,"2026-06-09 08:20:48 INFO  [revenue_reporting.aggregate_daily_revenue] TaskInstance started — attempt 1
2026-06-09 08:20:50 INFO  Acquiring Spark session on job cluster (Photon enabled, DBR 15.4 LTS)
2026-06-09 08:20:53 INFO  Reading inputs from Unity Catalog main.curated.* 
2026-06-09 08:26:59 INFO  Stage 1 complete — input rows processed
2026-06-09 08:33:09 INFO  Writing output Delta table (MERGE) 
2026-06-09 08:33:11 INFO  [revenue_reporting.aggregate_daily_revenue] Task completed successfully in 743s (exit_code=0)",1,False,0
revenue_reporting,2026-06-09,currency_convert,2026-06-09 08:33:44,2026-06-09 08:56:52,"2026-06-09 08:33:44 INFO  [revenue_reporting.currency_convert] TaskInstance started — attempt 1
2026-06-09 08:33:46 INFO  Acquiring Spark session on job cluster (Photon enabled, DBR 15.4 LTS)
2026-06-09 08:33:49 INFO  Reading inputs from Unity Catalog main.curated.* 
2026-06-09 08:45:18 INFO  Stage 1 complete — input rows processed
2026-06-09 08:56:50 INFO  Writing output Delta table (MERGE) 
2026-06-09 08:56:52 INFO  [revenue_reporting.currency_convert] Task completed successfully in 1388s (exit_code=0)",1,False,0
revenue_reporting,2026-06-09,build_dashboards_tbl,2026-06-09 08:57:48,2026-06-09 09:03:55,"2026-06-09 08:57:48 INFO  [revenue_reporting.build_dashboards_tbl] TaskInstance started — attempt 1
2026-06-09 08:57:50 INFO  Acquiring Spark session on job cluster (Photon enabled, DBR 15.4 LTS)
2026-06-09 08:57:53 INFO  Reading inputs from Unity Catalog main.curated.* 
2026-06-09 09:00:51 INFO  Stage 1 running…
2026-06-09 09:03:52 ERROR TaskRunner: Task exceeded execution_timeout (3600s) and was terminated.
2026-06-09 09:03:53 ERROR   java.util.concurrent.TimeoutException: Task exceeded the configured execution_timeout of 3600s
                       	at org.apache.airflow.executors.TaskRunner.enforceTimeout(...)
2026-06-09 09:03:55 ERROR [revenue_reporting.build_dashboards_tbl] Task failed on attempt 1 (exit_code=1)",1,True,1
revenue_reporting,2026-06-09,build_dashboards_tbl,2026-06-09 09:05:52,2026-06-09 09:09:58,"2026-06-09 09:05:52 INFO  [revenue_reporting.build_dashboards_tbl] TaskInstance started — attempt 2
2026-06-09 09:05:54 INFO  Acquiring Spark session on job cluster (Photon enabled, DBR 15.4 LTS)
2026-06-09 09:05:57 INFO  Reading inputs from Unity Catalog main.curated.* 
2026-06-09 09:07:55 INFO  Stage 1 complete — input rows processed
2026-06-09 09:09:56 INFO  Writing output Delta table (MERGE) 
2026-06-09 09:09:58 INFO  [revenue_reporting.build_dashboards_tbl] Task completed successfully in 246s (exit_code=0)",2,True,0
user_segmentation,2026-06-09,load_activity,2026-06-09 09:20:59,2026-06-09 09:35:16,"2026-06-09 09:20:59 INFO  [user_segmentation.load_activity] TaskInstance started — attempt 1
2026-06-09 09:21:01 INFO  Acquiring Spark session on job cluster (Photon enabled, DBR 15.4 LTS)
2026-06-09 09:21:04 INFO  Reading inputs from Unity Catalog main.curated.* 
2026-06-09 09:28:07 INFO  Stage 1 complete — input rows processed
2026-06-09 09:35:14 INFO  Writing output Delta table (MERGE) 
2026-06-09 09:35:16 INFO  [user_segmentation.load_activity] Task completed successfully in 857s (exit_code=0)",1,False,0
user_segmentation,2026-06-09,compute_rfm,2026-06-09 09:35:35,2026-06-09 09:46:01,"2026-06-09 09:35:35 INFO  [user_segmentation.compute_rfm] TaskInstance started — attempt 1
2026-06-09 09:35:37 INFO  Acquiring Spark session on job cluster (Photon enabled, DBR 15.4 LTS)
2026-06-09 09:35:40 INFO  Reading inputs from Unity Catalog main.curated.* 
2026-06-09 09:40:48 INFO  Stage 1 complete — input rows processed
2026-06-09 09:45:59 INFO  Writing output Delta table (MERGE) 
2026-06-09 09:46:01 INFO  [user_segmentation.compute_rfm] Task completed successfully in 626s (exit_code=0)",1,False,0
user_segmentation,2026-06-09,assign_segments,2026-06-09 09:46:58,2026-06-09 09:57:05,"2026-06-09 09:46:58 INFO  [user_segmentation.assign_segments] TaskInstance started — attempt 1
2026-06-09 09:47:00 INFO  Acquiring Spark session on job cluster (Photon enabled, DBR 15.4 LTS)
2026-06-09 09:47:03 INFO  Reading inputs from Unity Catalog main.curated.* 
2026-06-09 09:52:01 INFO  Stage 1 complete — input rows processed
2026-06-09 09:57:03 INFO  Writing output Delta table (MERGE) 
2026-06-09 09:57:05 INFO  [user_segmentation.assign_segments] Task completed successfully in 607s (exit_code=0)",1,False,0
user_segmentation,2026-06-09,push_to_crm,2026-06-09 09:58:01,2026-06-09 10:20:43,"2026-06-09 09:58:01 INFO  [user_segmentation.push_to_crm] TaskInstance started — attempt 1
2026-06-09 09:58:03 INFO  Acquiring Spark session on job cluster (Photon enabled, DBR 15.4 LTS)
2026-06-09 09:58:06 INFO  Reading inputs from Unity Catalog main.curated.* 
2026-06-09 10:09:22 INFO  Stage 1 complete — input rows processed
2026-06-09 10:20:41 INFO  Writing output Delta table (MERGE) 
2026-06-09 10:20:43 INFO  [user_segmentation.push_to_crm] Task completed successfully in 1362s (exit_code=0)",1,False,0
daily_sales_etl,2026-06-10,extract_orders,2026-06-10 02:07:49,2026-06-10 02:28:02,"2026-06-10 02:07:49 INFO  [daily_sales_etl.extract_orders] TaskInstance started — attempt 1
2026-06-10 02:07:51 INFO  Acquiring Spark session on job cluster (Photon enabled, DBR 15.4 LTS)
2026-06-10 02:07:54 INFO  Reading inputs from Unity Catalog main.curated.* 
2026-06-10 02:17:55 INFO  Stage 1 complete — input rows processed
2026-06-10 02:28:00 INFO  Writing output Delta table (MERGE) 
2026-06-10 02:28:02 INFO  [daily_sales_etl.extract_orders] Task completed successfully in 1213s (exit_code=0)",1,False,0
daily_sales_etl,2026-06-10,extract_returns,2026-06-10 02:28:30,2026-06-10 02:33:39,"2026-06-10 02:28:30 INFO  [daily_sales_etl.extract_returns] TaskInstance started — attempt 1
2026-06-10 02:28:32 INFO  Acquiring Spark session on job cluster (Photon enabled, DBR 15.4 LTS)
2026-06-10 02:28:35 INFO  Reading inputs from Unity Catalog main.curated.* 
2026-06-10 02:31:04 INFO  Stage 1 complete — input rows processed
2026-06-10 02:33:37 INFO  Writing output Delta table (MERGE) 
2026-06-10 02:33:39 INFO  [daily_sales_etl.extract_returns] Task completed successfully in 309s (exit_code=0)",1,False,0
daily_sales_etl,2026-06-10,transform_sales,2026-06-10 02:34:01,2026-06-10 02:40:04,"2026-06-10 02:34:01 INFO  [daily_sales_etl.transform_sales] TaskInstance started — attempt 1
2026-06-10 02:34:03 INFO  Acquiring Spark session on job cluster (Photon enabled, DBR 15.4 LTS)
2026-06-10 02:34:06 INFO  Reading inputs from Unity Catalog main.curated.* 
2026-06-10 02:37:02 INFO  Stage 1 complete — input rows processed
2026-06-10 02:40:02 INFO  Writing output Delta table (MERGE) 
2026-06-10 02:40:04 INFO  [daily_sales_etl.transform_sales] Task completed successfully in 363s (exit_code=0)",1,False,0
daily_sales_etl,2026-06-10,dq_check_sales,2026-06-10 02:40:34,2026-06-10 02:56:53,"2026-06-10 02:40:34 INFO  [daily_sales_etl.dq_check_sales] TaskInstance started — attempt 1
2026-06-10 02:40:36 INFO  Acquiring Spark session on job cluster (Photon enabled, DBR 15.4 LTS)
2026-06-10 02:40:39 INFO  Reading inputs from Unity Catalog main.curated.* 
2026-06-10 02:48:43 INFO  Stage 1 complete — input rows processed
2026-06-10 02:56:51 INFO  Writing output Delta table (MERGE) 
2026-06-10 02:56:53 INFO  [daily_sales_etl.dq_check_sales] Task completed successfully in 979s (exit_code=0)",1,False,0
daily_sales_etl,2026-06-10,load_fact_sales,2026-06-10 02:57:35,2026-06-10 03:14:32,"2026-06-10 02:57:35 INFO  [daily_sales_etl.load_fact_sales] TaskInstance started — attempt 1
2026-06-10 02:57:37 INFO  Acquiring Spark session on job cluster (Photon enabled, DBR 15.4 LTS)
2026-06-10 02:57:40 INFO  Reading inputs from Unity Catalog main.curated.* 
2026-06-10 03:06:03 INFO  Stage 1 complete — input rows processed
2026-06-10 03:14:30 INFO  Writing output Delta table (MERGE) 
2026-06-10 03:14:32 INFO  [daily_sales_etl.load_fact_sales] Task completed successfully in 1017s (exit_code=0)",1,False,0
customer_360_pipeline,2026-06-10,ingest_crm,2026-06-10 01:28:03,2026-06-10 01:49:11,"2026-06-10 01:28:03 INFO  [customer_360_pipeline.ingest_crm] TaskInstance started — attempt 1
2026-06-10 01:28:05 INFO  Acquiring Spark session on job cluster (Photon enabled, DBR 15.4 LTS)
2026-06-10 01:28:08 INFO  Reading inputs from Unity Catalog main.curated.* 
2026-06-10 01:38:37 INFO  Stage 1 complete — input rows processed
2026-06-10 01:49:09 INFO  Writing output Delta table (MERGE) 
2026-06-10 01:49:11 INFO  [customer_360_pipeline.ingest_crm] Task completed successfully in 1268s (exit_code=0)",1,False,0
customer_360_pipeline,2026-06-10,ingest_web_events,2026-06-10 01:49:32,2026-06-10 01:54:58,"2026-06-10 01:49:32 INFO  [customer_360_pipeline.ingest_web_events] TaskInstance started — attempt 1
2026-06-10 01:49:34 INFO  Acquiring Spark session on job cluster (Photon enabled, DBR 15.4 LTS)
2026-06-10 01:49:37 INFO  Reading inputs from Unity Catalog main.curated.* 
2026-06-10 01:52:15 INFO  Stage 1 complete — input rows processed
2026-06-10 01:54:56 INFO  Writing output Delta table (MERGE) 
2026-06-10 01:54:58 INFO  [customer_360_pipeline.ingest_web_events] Task completed successfully in 326s (exit_code=0)",1,False,0
customer_360_pipeline,2026-06-10,resolve_identity,2026-06-10 01:55:39,2026-06-10 02:03:12,"2026-06-10 01:55:39 INFO  [customer_360_pipeline.resolve_identity] TaskInstance started — attempt 1
2026-06-10 01:55:41 INFO  Acquiring Spark session on job cluster (Photon enabled, DBR 15.4 LTS)
2026-06-10 01:55:44 INFO  Reading inputs from Unity Catalog main.curated.* 
2026-06-10 01:59:25 INFO  Stage 1 complete — input rows processed
2026-06-10 02:03:10 INFO  Writing output Delta table (MERGE) 
2026-06-10 02:03:12 INFO  [customer_360_pipeline.resolve_identity] Task completed successfully in 453s (exit_code=0)",1,False,0
customer_360_pipeline,2026-06-10,build_profiles,2026-06-10 02:04:00,2026-06-10 02:28:05,"2026-06-10 02:04:00 INFO  [customer_360_pipeline.build_profiles] TaskInstance started — attempt 1
2026-06-10 02:04:02 INFO  Acquiring Spark session on job cluster (Photon enabled, DBR 15.4 LTS)
2026-06-10 02:04:05 INFO  Reading inputs from Unity Catalog main.curated.* 
2026-06-10 02:16:02 INFO  Stage 1 complete — input rows processed
2026-06-10 02:28:03 INFO  Writing output Delta table (MERGE) 
2026-06-10 02:28:05 INFO  [customer_360_pipeline.build_profiles] Task completed successfully in 1445s (exit_code=0)",1,False,0
customer_360_pipeline,2026-06-10,publish_features,2026-06-10 02:28:31,2026-06-10 02:52:31,"2026-06-10 02:28:31 INFO  [customer_360_pipeline.publish_features] TaskInstance started — attempt 1
2026-06-10 02:28:33 INFO  Acquiring Spark session on job cluster (Photon enabled, DBR 15.4 LTS)
2026-06-10 02:28:36 INFO  Reading inputs from Unity Catalog main.curated.* 
2026-06-10 02:40:31 INFO  Stage 1 complete — input rows processed
2026-06-10 02:52:29 INFO  Writing output Delta table (MERGE) 
2026-06-10 02:52:31 INFO  [customer_360_pipeline.publish_features] Task completed successfully in 1440s (exit_code=0)",1,False,0
inventory_sync,2026-06-10,pull_warehouse_api,2026-06-10 03:05:18,2026-06-10 03:10:54,"2026-06-10 03:05:18 INFO  [inventory_sync.pull_warehouse_api] TaskInstance started — attempt 1
2026-06-10 03:05:20 INFO  Acquiring Spark session on job cluster (Photon enabled, DBR 15.4 LTS)
2026-06-10 03:05:23 INFO  Reading inputs from Unity Catalog main.curated.* 
2026-06-10 03:08:06 INFO  Stage 1 complete — input rows processed
2026-06-10 03:10:52 INFO  Writing output Delta table (MERGE) 
2026-06-10 03:10:54 INFO  [inventory_sync.pull_warehouse_api] Task completed successfully in 336s (exit_code=0)",1,False,0
inventory_sync,2026-06-10,normalize_sku,2026-06-10 03:11:32,2026-06-10 03:15:05,"2026-06-10 03:11:32 INFO  [inventory_sync.normalize_sku] TaskInstance started — attempt 1
2026-06-10 03:11:34 INFO  Acquiring Spark session on job cluster (Photon enabled, DBR 15.4 LTS)
2026-06-10 03:11:37 INFO  Reading inputs from Unity Catalog main.curated.* 
2026-06-10 03:13:18 INFO  Stage 1 complete — input rows processed
2026-06-10 03:15:03 INFO  Writing output Delta table (MERGE) 
2026-06-10 03:15:05 INFO  [inventory_sync.normalize_sku] Task completed successfully in 213s (exit_code=0)",1,False,0
inventory_sync,2026-06-10,reconcile_stock,2026-06-10 03:15:22,2026-06-10 03:25:04,"2026-06-10 03:15:22 INFO  [inventory_sync.reconcile_stock] TaskInstance started — attempt 1
2026-06-10 03:15:24 INFO  Acquiring Spark session on job cluster (Photon enabled, DBR 15.4 LTS)
2026-06-10 03:15:27 INFO  Reading inputs from Unity Catalog main.curated.* 
2026-06-10 03:20:13 INFO  Stage 1 complete — input rows processed
2026-06-10 03:25:02 INFO  Writing output Delta table (MERGE) 
2026-06-10 03:25:04 INFO  [inventory_sync.reconcile_stock] Task completed successfully in 582s (exit_code=0)",1,False,0
inventory_sync,2026-06-10,write_delta,2026-06-10 03:25:21,2026-06-10 03:47:28,"2026-06-10 03:25:21 INFO  [inventory_sync.write_delta] TaskInstance started — attempt 1
2026-06-10 03:25:23 INFO  Acquiring Spark session on job cluster (Photon enabled, DBR 15.4 LTS)
2026-06-10 03:25:26 INFO  Reading inputs from Unity Catalog main.curated.* 
2026-06-10 03:36:24 INFO  Stage 1 complete — input rows processed
2026-06-10 03:47:26 INFO  Writing output Delta table (MERGE) 
2026-06-10 03:47:28 INFO  [inventory_sync.write_delta] Task completed successfully in 1327s (exit_code=0)",1,False,0
marketing_attribution,2026-06-10,load_ad_spend,2026-06-10 04:09:47,2026-06-10 04:13:33,"2026-06-10 04:09:47 INFO  [marketing_attribution.load_ad_spend] TaskInstance started — attempt 1
2026-06-10 04:09:49 INFO  Acquiring Spark session on job cluster (Photon enabled, DBR 15.4 LTS)
2026-06-10 04:09:52 INFO  Reading inputs from Unity Catalog main.curated.* 
2026-06-10 04:11:40 INFO  Stage 1 complete — input rows processed
2026-06-10 04:13:31 INFO  Writing output Delta table (MERGE) 
2026-06-10 04:13:33 INFO  [marketing_attribution.load_ad_spend] Task completed successfully in 226s (exit_code=0)",1,False,0
marketing_attribution,2026-06-10,load_conversions,2026-06-10 04:14:24,2026-06-10 04:38:19,"2026-06-10 04:14:24 INFO  [marketing_attribution.load_conversions] TaskInstance started — attempt 1
2026-06-10 04:14:26 INFO  Acquiring Spark session on job cluster (Photon enabled, DBR 15.4 LTS)
2026-06-10 04:14:29 INFO  Reading inputs from Unity Catalog main.curated.* 
2026-06-10 04:26:21 INFO  Stage 1 complete — input rows processed
2026-06-10 04:38:17 INFO  Writing output Delta table (MERGE) 
2026-06-10 04:38:19 INFO  [marketing_attribution.load_conversions] Task completed successfully in 1435s (exit_code=0)",1,False,0
marketing_attribution,2026-06-10,join_touchpoints,2026-06-10 04:38:28,2026-06-10 04:53:32,"2026-06-10 04:38:28 INFO  [marketing_attribution.join_touchpoints] TaskInstance started — attempt 1
2026-06-10 04:38:30 INFO  Acquiring Spark session on job cluster (Photon enabled, DBR 15.4 LTS)
2026-06-10 04:38:33 INFO  Reading inputs from Unity Catalog main.curated.* 
2026-06-10 04:46:00 INFO  Stage 1 complete — input rows processed
2026-06-10 04:53:30 INFO  Writing output Delta table (MERGE) 
2026-06-10 04:53:32 INFO  [marketing_attribution.join_touchpoints] Task completed successfully in 904s (exit_code=0)",1,False,0
marketing_attribution,2026-06-10,attribute_revenue,2026-06-10 04:53:37,2026-06-10 05:18:30,"2026-06-10 04:53:37 INFO  [marketing_attribution.attribute_revenue] TaskInstance started — attempt 1
2026-06-10 04:53:39 INFO  Acquiring Spark session on job cluster (Photon enabled, DBR 15.4 LTS)
2026-06-10 04:53:42 INFO  Reading inputs from Unity Catalog main.curated.* 
2026-06-10 05:06:03 INFO  Stage 1 complete — input rows processed
2026-06-10 05:18:28 INFO  Writing output Delta table (MERGE) 
2026-06-10 05:18:30 INFO  [marketing_attribution.attribute_revenue] Task completed successfully in 1493s (exit_code=0)",1,False,0
finance_reconciliation,2026-06-10,extract_ledger,2026-06-10 05:17:16,2026-06-10 05:41:41,"2026-06-10 05:17:16 INFO  [finance_reconciliation.extract_ledger] TaskInstance started — attempt 1
2026-06-10 05:17:18 INFO  Acquiring Spark session on job cluster (Photon enabled, DBR 15.4 LTS)
2026-06-10 05:17:21 INFO  Reading inputs from Unity Catalog main.curated.* 
2026-06-10 05:29:28 INFO  Stage 1 complete — input rows processed
2026-06-10 05:41:39 INFO  Writing output Delta table (MERGE) 
2026-06-10 05:41:41 INFO  [finance_reconciliation.extract_ledger] Task completed successfully in 1465s (exit_code=0)",1,False,0
finance_reconciliation,2026-06-10,extract_payments,2026-06-10 05:42:26,2026-06-10 05:56:12,"2026-06-10 05:42:26 INFO  [finance_reconciliation.extract_payments] TaskInstance started — attempt 1
2026-06-10 05:42:28 INFO  Acquiring Spark session on job cluster (Photon enabled, DBR 15.4 LTS)
2026-06-10 05:42:31 INFO  Reading inputs from Unity Catalog main.curated.* 
2026-06-10 05:49:19 INFO  Stage 1 complete — input rows processed
2026-06-10 05:56:10 INFO  Writing output Delta table (MERGE) 
2026-06-10 05:56:12 INFO  [finance_reconciliation.extract_payments] Task completed successfully in 826s (exit_code=0)",1,False,0
finance_reconciliation,2026-06-10,reconcile,2026-06-10 05:56:36,2026-06-10 06:02:11,"2026-06-10 05:56:36 INFO  [finance_reconciliation.reconcile] TaskInstance started — attempt 1
2026-06-10 05:56:38 INFO  Acquiring Spark session on job cluster (Photon enabled, DBR 15.4 LTS)
2026-06-10 05:56:41 INFO  Reading inputs from Unity Catalog main.curated.* 
2026-06-10 05:59:23 INFO  Stage 1 running…
2026-06-10 06:02:08 ERROR JDBCRDD: Connection timed out after 30000ms while reading from source DB.
2026-06-10 06:02:09 ERROR   java.sql.SQLTransientConnectionException: HikariPool-1 - Connection is not available, request timed out after 30000ms
                       	at com.zaxxer.hikari.pool.HikariPool.getConnection(HikariPool.java:213)
                       	at org.apache.spark.sql.execution.datasources.jdbc.JDBCRDD.compute(...)
2026-06-10 06:02:11 ERROR [finance_reconciliation.reconcile] Task failed on attempt 1 (exit_code=1)",1,True,1
finance_reconciliation,2026-06-10,reconcile,2026-06-10 06:03:18,2026-06-10 06:12:09,"2026-06-10 06:03:18 INFO  [finance_reconciliation.reconcile] TaskInstance started — attempt 2
2026-06-10 06:03:20 INFO  Acquiring Spark session on job cluster (Photon enabled, DBR 15.4 LTS)
2026-06-10 06:03:23 INFO  Reading inputs from Unity Catalog main.curated.* 
2026-06-10 06:07:43 INFO  Stage 1 running…
2026-06-10 06:12:06 ERROR JDBCRDD: Connection timed out after 30000ms while reading from source DB.
2026-06-10 06:12:07 ERROR   java.sql.SQLTransientConnectionException: HikariPool-1 - Connection is not available, request timed out after 30000ms
                       	at com.zaxxer.hikari.pool.HikariPool.getConnection(HikariPool.java:213)
                       	at org.apache.spark.sql.execution.datasources.jdbc.JDBCRDD.compute(...)
2026-06-10 06:12:09 ERROR [finance_reconciliation.reconcile] Task failed on attempt 2 (exit_code=1)",2,True,1
finance_reconciliation,2026-06-10,reconcile,2026-06-10 06:15:05,2026-06-10 06:21:40,"2026-06-10 06:15:05 INFO  [finance_reconciliation.reconcile] TaskInstance started — attempt 3
2026-06-10 06:15:07 INFO  Acquiring Spark session on job cluster (Photon enabled, DBR 15.4 LTS)
2026-06-10 06:15:10 INFO  Reading inputs from Unity Catalog main.curated.* 
2026-06-10 06:18:22 INFO  Stage 1 complete — input rows processed
2026-06-10 06:21:38 INFO  Writing output Delta table (MERGE) 
2026-06-10 06:21:40 INFO  [finance_reconciliation.reconcile] Task completed successfully in 395s (exit_code=0)",3,True,0
finance_reconciliation,2026-06-10,gl_validation,2026-06-10 06:22:34,2026-06-10 06:29:03,"2026-06-10 06:22:34 INFO  [finance_reconciliation.gl_validation] TaskInstance started — attempt 1
2026-06-10 06:22:36 INFO  Acquiring Spark session on job cluster (Photon enabled, DBR 15.4 LTS)
2026-06-10 06:22:39 INFO  Reading inputs from Unity Catalog main.curated.* 
2026-06-10 06:25:48 INFO  Stage 1 complete — input rows processed
2026-06-10 06:29:01 INFO  Writing output Delta table (MERGE) 
2026-06-10 06:29:03 INFO  [finance_reconciliation.gl_validation] Task completed successfully in 389s (exit_code=0)",1,False,0
finance_reconciliation,2026-06-10,export_report,2026-06-10 06:30:02,2026-06-10 06:38:17,"2026-06-10 06:30:02 INFO  [finance_reconciliation.export_report] TaskInstance started — attempt 1
2026-06-10 06:30:04 INFO  Acquiring Spark session on job cluster (Photon enabled, DBR 15.4 LTS)
2026-06-10 06:30:07 INFO  Reading inputs from Unity Catalog main.curated.* 
2026-06-10 06:34:09 INFO  Stage 1 complete — input rows processed
2026-06-10 06:38:15 INFO  Writing output Delta table (MERGE) 
2026-06-10 06:38:17 INFO  [finance_reconciliation.export_report] Task completed successfully in 495s (exit_code=0)",1,False,0
clickstream_ingest,2026-06-10,read_kafka_offsets,2026-06-10 00:15:05,2026-06-10 00:28:57,"2026-06-10 00:15:05 INFO  [clickstream_ingest.read_kafka_offsets] TaskInstance started — attempt 1
2026-06-10 00:15:07 INFO  Acquiring Spark session on job cluster (Photon enabled, DBR 15.4 LTS)
2026-06-10 00:15:10 INFO  Reading inputs from Unity Catalog main.curated.* 
2026-06-10 00:22:01 INFO  Stage 1 complete — input rows processed
2026-06-10 00:28:55 INFO  Writing output Delta table (MERGE) 
2026-06-10 00:28:57 INFO  [clickstream_ingest.read_kafka_offsets] Task completed successfully in 832s (exit_code=0)",1,False,0
clickstream_ingest,2026-06-10,parse_events,2026-06-10 00:29:54,2026-06-10 00:37:16,"2026-06-10 00:29:54 INFO  [clickstream_ingest.parse_events] TaskInstance started — attempt 1
2026-06-10 00:29:56 INFO  Acquiring Spark session on job cluster (Photon enabled, DBR 15.4 LTS)
2026-06-10 00:29:59 INFO  Reading inputs from Unity Catalog main.curated.* 
2026-06-10 00:33:35 INFO  Stage 1 complete — input rows processed
2026-06-10 00:37:14 INFO  Writing output Delta table (MERGE) 
2026-06-10 00:37:16 INFO  [clickstream_ingest.parse_events] Task completed successfully in 442s (exit_code=0)",1,False,0
clickstream_ingest,2026-06-10,sessionize,2026-06-10 00:37:54,2026-06-10 01:00:07,"2026-06-10 00:37:54 INFO  [clickstream_ingest.sessionize] TaskInstance started — attempt 1
2026-06-10 00:37:56 INFO  Acquiring Spark session on job cluster (Photon enabled, DBR 15.4 LTS)
2026-06-10 00:37:59 INFO  Reading inputs from Unity Catalog main.curated.* 
2026-06-10 00:49:00 INFO  Stage 1 complete — input rows processed
2026-06-10 01:00:05 INFO  Writing output Delta table (MERGE) 
2026-06-10 01:00:07 INFO  [clickstream_ingest.sessionize] Task completed successfully in 1333s (exit_code=0)",1,False,0
clickstream_ingest,2026-06-10,write_bronze,2026-06-10 01:00:36,2026-06-10 01:10:44,"2026-06-10 01:00:36 INFO  [clickstream_ingest.write_bronze] TaskInstance started — attempt 1
2026-06-10 01:00:38 INFO  Acquiring Spark session on job cluster (Photon enabled, DBR 15.4 LTS)
2026-06-10 01:00:41 INFO  Reading inputs from Unity Catalog main.curated.* 
2026-06-10 01:05:40 INFO  Stage 1 complete — input rows processed
2026-06-10 01:10:42 INFO  Writing output Delta table (MERGE) 
2026-06-10 01:10:44 INFO  [clickstream_ingest.write_bronze] Task completed successfully in 608s (exit_code=0)",1,False,0
clickstream_ingest,2026-06-10,write_silver,2026-06-10 01:11:31,2026-06-10 01:15:14,"2026-06-10 01:11:31 INFO  [clickstream_ingest.write_silver] TaskInstance started — attempt 1
2026-06-10 01:11:33 INFO  Acquiring Spark session on job cluster (Photon enabled, DBR 15.4 LTS)
2026-06-10 01:11:36 INFO  Reading inputs from Unity Catalog main.curated.* 
2026-06-10 01:13:22 INFO  Stage 1 complete — input rows processed
2026-06-10 01:15:12 INFO  Writing output Delta table (MERGE) 
2026-06-10 01:15:14 INFO  [clickstream_ingest.write_silver] Task completed successfully in 223s (exit_code=0)",1,False,0
ml_feature_store,2026-06-10,fetch_training_data,2026-06-10 06:22:17,2026-06-10 06:42:59,"2026-06-10 06:22:17 INFO  [ml_feature_store.fetch_training_data] TaskInstance started — attempt 1
2026-06-10 06:22:19 INFO  Acquiring Spark session on job cluster (Photon enabled, DBR 15.4 LTS)
2026-06-10 06:22:22 INFO  Reading inputs from Unity Catalog main.curated.* 
2026-06-10 06:32:38 INFO  Stage 1 complete — input rows processed
2026-06-10 06:42:57 INFO  Writing output Delta table (MERGE) 
2026-06-10 06:42:59 INFO  [ml_feature_store.fetch_training_data] Task completed successfully in 1242s (exit_code=0)",1,False,0
ml_feature_store,2026-06-10,compute_features,2026-06-10 06:43:50,2026-06-10 06:59:56,"2026-06-10 06:43:50 INFO  [ml_feature_store.compute_features] TaskInstance started — attempt 1
2026-06-10 06:43:52 INFO  Acquiring Spark session on job cluster (Photon enabled, DBR 15.4 LTS)
2026-06-10 06:43:55 INFO  Reading inputs from Unity Catalog main.curated.* 
2026-06-10 06:51:53 INFO  Stage 1 complete — input rows processed
2026-06-10 06:59:54 INFO  Writing output Delta table (MERGE) 
2026-06-10 06:59:56 INFO  [ml_feature_store.compute_features] Task completed successfully in 966s (exit_code=0)",1,False,0
ml_feature_store,2026-06-10,validate_features,2026-06-10 07:00:54,2026-06-10 07:18:48,"2026-06-10 07:00:54 INFO  [ml_feature_store.validate_features] TaskInstance started — attempt 1
2026-06-10 07:00:56 INFO  Acquiring Spark session on job cluster (Photon enabled, DBR 15.4 LTS)
2026-06-10 07:00:59 INFO  Reading inputs from Unity Catalog main.curated.* 
2026-06-10 07:09:51 INFO  Stage 1 complete — input rows processed
2026-06-10 07:18:46 INFO  Writing output Delta table (MERGE) 
2026-06-10 07:18:48 INFO  [ml_feature_store.validate_features] Task completed successfully in 1074s (exit_code=0)",1,False,0
ml_feature_store,2026-06-10,materialize_online,2026-06-10 07:18:53,2026-06-10 07:25:40,"2026-06-10 07:18:53 INFO  [ml_feature_store.materialize_online] TaskInstance started — attempt 1
2026-06-10 07:18:55 INFO  Acquiring Spark session on job cluster (Photon enabled, DBR 15.4 LTS)
2026-06-10 07:18:58 INFO  Reading inputs from Unity Catalog main.curated.* 
2026-06-10 07:22:16 INFO  Stage 1 complete — input rows processed
2026-06-10 07:25:38 INFO  Writing output Delta table (MERGE) 
2026-06-10 07:25:40 INFO  [ml_feature_store.materialize_online] Task completed successfully in 407s (exit_code=0)",1,False,0
data_quality_checks,2026-06-10,load_snapshots,2026-06-10 07:17:24,2026-06-10 07:21:52,"2026-06-10 07:17:24 INFO  [data_quality_checks.load_snapshots] TaskInstance started — attempt 1
2026-06-10 07:17:26 INFO  Acquiring Spark session on job cluster (Photon enabled, DBR 15.4 LTS)
2026-06-10 07:17:29 INFO  Reading inputs from Unity Catalog main.curated.* 
2026-06-10 07:19:38 INFO  Stage 1 running…
2026-06-10 07:21:49 ERROR TaskRunner: Task exceeded execution_timeout (3600s) and was terminated.
2026-06-10 07:21:50 ERROR   java.util.concurrent.TimeoutException: Task exceeded the configured execution_timeout of 3600s
                       	at org.apache.airflow.executors.TaskRunner.enforceTimeout(...)
2026-06-10 07:21:52 ERROR [data_quality_checks.load_snapshots] Task failed on attempt 1 (exit_code=1)",1,False,1
data_quality_checks,2026-06-10,load_snapshots,2026-06-10 07:23:44,2026-06-10 07:28:12,"2026-06-10 07:23:44 INFO  [data_quality_checks.load_snapshots] TaskInstance started — attempt 2
2026-06-10 07:23:46 INFO  Acquiring Spark session on job cluster (Photon enabled, DBR 15.4 LTS)
2026-06-10 07:23:49 INFO  Reading inputs from Unity Catalog main.curated.* 
2026-06-10 07:25:58 INFO  Stage 1 running…
2026-06-10 07:28:09 ERROR TaskRunner: Task exceeded execution_timeout (3600s) and was terminated.
2026-06-10 07:28:10 ERROR   java.util.concurrent.TimeoutException: Task exceeded the configured execution_timeout of 3600s
                       	at org.apache.airflow.executors.TaskRunner.enforceTimeout(...)
2026-06-10 07:28:12 ERROR [data_quality_checks.load_snapshots] Task failed on attempt 2 (exit_code=1)",2,False,1
revenue_reporting,2026-06-10,aggregate_daily_revenue,2026-06-10 08:18:34,2026-06-10 08:32:36,"2026-06-10 08:18:34 INFO  [revenue_reporting.aggregate_daily_revenue] TaskInstance started — attempt 1
2026-06-10 08:18:36 INFO  Acquiring Spark session on job cluster (Photon enabled, DBR 15.4 LTS)
2026-06-10 08:18:39 INFO  Reading inputs from Unity Catalog main.curated.* 
2026-06-10 08:25:35 INFO  Stage 1 complete — input rows processed
2026-06-10 08:32:34 INFO  Writing output Delta table (MERGE) 
2026-06-10 08:32:36 INFO  [revenue_reporting.aggregate_daily_revenue] Task completed successfully in 842s (exit_code=0)",1,False,0
revenue_reporting,2026-06-10,currency_convert,2026-06-10 08:33:16,2026-06-10 08:52:01,"2026-06-10 08:33:16 INFO  [revenue_reporting.currency_convert] TaskInstance started — attempt 1
2026-06-10 08:33:18 INFO  Acquiring Spark session on job cluster (Photon enabled, DBR 15.4 LTS)
2026-06-10 08:33:21 INFO  Reading inputs from Unity Catalog main.curated.* 
2026-06-10 08:42:38 INFO  Stage 1 complete — input rows processed
2026-06-10 08:51:59 INFO  Writing output Delta table (MERGE) 
2026-06-10 08:52:01 INFO  [revenue_reporting.currency_convert] Task completed successfully in 1125s (exit_code=0)",1,False,0
revenue_reporting,2026-06-10,build_dashboards_tbl,2026-06-10 08:52:46,2026-06-10 08:58:01,"2026-06-10 08:52:46 INFO  [revenue_reporting.build_dashboards_tbl] TaskInstance started — attempt 1
2026-06-10 08:52:48 INFO  Acquiring Spark session on job cluster (Photon enabled, DBR 15.4 LTS)
2026-06-10 08:52:51 INFO  Reading inputs from Unity Catalog main.curated.* 
2026-06-10 08:55:23 INFO  Stage 1 running…
2026-06-10 08:57:58 ERROR JDBCRDD: Connection timed out after 30000ms while reading from source DB.
2026-06-10 08:57:59 ERROR   java.sql.SQLTransientConnectionException: HikariPool-1 - Connection is not available, request timed out after 30000ms
                       	at com.zaxxer.hikari.pool.HikariPool.getConnection(HikariPool.java:213)
                       	at org.apache.spark.sql.execution.datasources.jdbc.JDBCRDD.compute(...)
2026-06-10 08:58:01 ERROR [revenue_reporting.build_dashboards_tbl] Task failed on attempt 1 (exit_code=1)",1,True,1
revenue_reporting,2026-06-10,build_dashboards_tbl,2026-06-10 08:59:27,2026-06-10 09:02:17,"2026-06-10 08:59:27 INFO  [revenue_reporting.build_dashboards_tbl] TaskInstance started — attempt 2
2026-06-10 08:59:29 INFO  Acquiring Spark session on job cluster (Photon enabled, DBR 15.4 LTS)
2026-06-10 08:59:32 INFO  Reading inputs from Unity Catalog main.curated.* 
2026-06-10 09:00:52 INFO  Stage 1 running…
2026-06-10 09:02:14 ERROR JDBCRDD: Connection timed out after 30000ms while reading from source DB.
2026-06-10 09:02:15 ERROR   java.sql.SQLTransientConnectionException: HikariPool-1 - Connection is not available, request timed out after 30000ms
                       	at com.zaxxer.hikari.pool.HikariPool.getConnection(HikariPool.java:213)
                       	at org.apache.spark.sql.execution.datasources.jdbc.JDBCRDD.compute(...)
2026-06-10 09:02:17 ERROR [revenue_reporting.build_dashboards_tbl] Task failed on attempt 2 (exit_code=1)",2,True,1
revenue_reporting,2026-06-10,build_dashboards_tbl,2026-06-10 09:05:48,2026-06-10 09:15:49,"2026-06-10 09:05:48 INFO  [revenue_reporting.build_dashboards_tbl] TaskInstance started — attempt 3
2026-06-10 09:05:50 INFO  Acquiring Spark session on job cluster (Photon enabled, DBR 15.4 LTS)
2026-06-10 09:05:53 INFO  Reading inputs from Unity Catalog main.curated.* 
2026-06-10 09:10:48 INFO  Stage 1 complete — input rows processed
2026-06-10 09:15:47 INFO  Writing output Delta table (MERGE) 
2026-06-10 09:15:49 INFO  [revenue_reporting.build_dashboards_tbl] Task completed successfully in 601s (exit_code=0)",3,True,0
user_segmentation,2026-06-10,load_activity,2026-06-10 09:30:12,2026-06-10 09:52:43,"2026-06-10 09:30:12 INFO  [user_segmentation.load_activity] TaskInstance started — attempt 1
2026-06-10 09:30:14 INFO  Acquiring Spark session on job cluster (Photon enabled, DBR 15.4 LTS)
2026-06-10 09:30:17 INFO  Reading inputs from Unity Catalog main.curated.* 
2026-06-10 09:41:27 INFO  Stage 1 complete — input rows processed
2026-06-10 09:52:41 INFO  Writing output Delta table (MERGE) 
2026-06-10 09:52:43 INFO  [user_segmentation.load_activity] Task completed successfully in 1351s (exit_code=0)",1,False,0
user_segmentation,2026-06-10,compute_rfm,2026-06-10 09:53:28,2026-06-10 10:11:28,"2026-06-10 09:53:28 INFO  [user_segmentation.compute_rfm] TaskInstance started — attempt 1
2026-06-10 09:53:30 INFO  Acquiring Spark session on job cluster (Photon enabled, DBR 15.4 LTS)
2026-06-10 09:53:33 INFO  Reading inputs from Unity Catalog main.curated.* 
2026-06-10 10:02:28 INFO  Stage 1 complete — input rows processed
2026-06-10 10:11:26 INFO  Writing output Delta table (MERGE) 
2026-06-10 10:11:28 INFO  [user_segmentation.compute_rfm] Task completed successfully in 1080s (exit_code=0)",1,False,0
user_segmentation,2026-06-10,assign_segments,2026-06-10 10:12:09,2026-06-10 10:16:59,"2026-06-10 10:12:09 INFO  [user_segmentation.assign_segments] TaskInstance started — attempt 1
2026-06-10 10:12:11 INFO  Acquiring Spark session on job cluster (Photon enabled, DBR 15.4 LTS)
2026-06-10 10:12:14 INFO  Reading inputs from Unity Catalog main.curated.* 
2026-06-10 10:14:34 INFO  Stage 1 complete — input rows processed
2026-06-10 10:16:57 INFO  Writing output Delta table (MERGE) 
2026-06-10 10:16:59 INFO  [user_segmentation.assign_segments] Task completed successfully in 290s (exit_code=0)",1,False,0
user_segmentation,2026-06-10,push_to_crm,2026-06-10 10:17:14,2026-06-10 10:33:53,"2026-06-10 10:17:14 INFO  [user_segmentation.push_to_crm] TaskInstance started — attempt 1
2026-06-10 10:17:16 INFO  Acquiring Spark session on job cluster (Photon enabled, DBR 15.4 LTS)
2026-06-10 10:17:19 INFO  Reading inputs from Unity Catalog main.curated.* 
2026-06-10 10:25:33 INFO  Stage 1 complete — input rows processed
2026-06-10 10:33:51 INFO  Writing output Delta table (MERGE) 
2026-06-10 10:33:53 INFO  [user_segmentation.push_to_crm] Task completed successfully in 999s (exit_code=0)",1,False,0
daily_sales_etl,2026-06-11,extract_orders,2026-06-11 02:22:15,2026-06-11 02:41:16,"2026-06-11 02:22:15 INFO  [daily_sales_etl.extract_orders] TaskInstance started — attempt 1
2026-06-11 02:22:17 INFO  Acquiring Spark session on job cluster (Photon enabled, DBR 15.4 LTS)
2026-06-11 02:22:20 INFO  Reading inputs from Unity Catalog main.curated.* 
2026-06-11 02:31:45 INFO  Stage 1 complete — input rows processed
2026-06-11 02:41:14 INFO  Writing output Delta table (MERGE) 
2026-06-11 02:41:16 INFO  [daily_sales_etl.extract_orders] Task completed successfully in 1141s (exit_code=0)",1,False,0
daily_sales_etl,2026-06-11,extract_returns,2026-06-11 02:41:51,2026-06-11 03:05:31,"2026-06-11 02:41:51 INFO  [daily_sales_etl.extract_returns] TaskInstance started — attempt 1
2026-06-11 02:41:53 INFO  Acquiring Spark session on job cluster (Photon enabled, DBR 15.4 LTS)
2026-06-11 02:41:56 INFO  Reading inputs from Unity Catalog main.curated.* 
2026-06-11 02:53:41 INFO  Stage 1 complete — input rows processed
2026-06-11 03:05:29 INFO  Writing output Delta table (MERGE) 
2026-06-11 03:05:31 INFO  [daily_sales_etl.extract_returns] Task completed successfully in 1420s (exit_code=0)",1,False,0
daily_sales_etl,2026-06-11,transform_sales,2026-06-11 03:06:07,2026-06-11 03:29:33,"2026-06-11 03:06:07 INFO  [daily_sales_etl.transform_sales] TaskInstance started — attempt 1
2026-06-11 03:06:09 INFO  Acquiring Spark session on job cluster (Photon enabled, DBR 15.4 LTS)
2026-06-11 03:06:12 INFO  Reading inputs from Unity Catalog main.curated.* 
2026-06-11 03:17:50 INFO  Stage 1 complete — input rows processed
2026-06-11 03:29:31 INFO  Writing output Delta table (MERGE) 
2026-06-11 03:29:33 INFO  [daily_sales_etl.transform_sales] Task completed successfully in 1406s (exit_code=0)",1,False,0
daily_sales_etl,2026-06-11,dq_check_sales,2026-06-11 03:30:22,2026-06-11 03:41:30,"2026-06-11 03:30:22 INFO  [daily_sales_etl.dq_check_sales] TaskInstance started — attempt 1
2026-06-11 03:30:24 INFO  Acquiring Spark session on job cluster (Photon enabled, DBR 15.4 LTS)
2026-06-11 03:30:27 INFO  Reading inputs from Unity Catalog main.curated.* 
2026-06-11 03:35:56 INFO  Stage 1 complete — input rows processed
2026-06-11 03:41:28 INFO  Writing output Delta table (MERGE) 
2026-06-11 03:41:30 INFO  [daily_sales_etl.dq_check_sales] Task completed successfully in 668s (exit_code=0)",1,False,0
daily_sales_etl,2026-06-11,load_fact_sales,2026-06-11 03:41:49,2026-06-11 03:44:59,"2026-06-11 03:41:49 INFO  [daily_sales_etl.load_fact_sales] TaskInstance started — attempt 1
2026-06-11 03:41:51 INFO  Acquiring Spark session on job cluster (Photon enabled, DBR 15.4 LTS)
2026-06-11 03:41:54 INFO  Reading inputs from Unity Catalog main.curated.* 
2026-06-11 03:43:24 INFO  Stage 1 complete — input rows processed
2026-06-11 03:44:57 INFO  Writing output Delta table (MERGE) 
2026-06-11 03:44:59 INFO  [daily_sales_etl.load_fact_sales] Task completed successfully in 190s (exit_code=0)",1,False,0
customer_360_pipeline,2026-06-11,ingest_crm,2026-06-11 01:23:52,2026-06-11 01:28:10,"2026-06-11 01:23:52 INFO  [customer_360_pipeline.ingest_crm] TaskInstance started — attempt 1
2026-06-11 01:23:54 INFO  Acquiring Spark session on job cluster (Photon enabled, DBR 15.4 LTS)
2026-06-11 01:23:57 INFO  Reading inputs from Unity Catalog main.curated.* 
2026-06-11 01:26:01 INFO  Stage 1 complete — input rows processed
2026-06-11 01:28:08 INFO  Writing output Delta table (MERGE) 
2026-06-11 01:28:10 INFO  [customer_360_pipeline.ingest_crm] Task completed successfully in 258s (exit_code=0)",1,False,0
customer_360_pipeline,2026-06-11,ingest_web_events,2026-06-11 01:28:27,2026-06-11 01:32:30,"2026-06-11 01:28:27 INFO  [customer_360_pipeline.ingest_web_events] TaskInstance started — attempt 1
2026-06-11 01:28:29 INFO  Acquiring Spark session on job cluster (Photon enabled, DBR 15.4 LTS)
2026-06-11 01:28:32 INFO  Reading inputs from Unity Catalog main.curated.* 
2026-06-11 01:30:28 INFO  Stage 1 running…
2026-06-11 01:32:27 ERROR Executor: Exception in task 47.0 in stage 12.0 (TID 1893) java.lang.OutOfMemoryError: Java heap space
2026-06-11 01:32:28 ERROR   java.lang.OutOfMemoryError: Java heap space
                       	at org.apache.spark.sql.execution.aggregate.HashAggregateExec.doExecute(HashAggregateExec.scala:101)
                       	at org.apache.spark.sql.execution.exchange.ShuffleExchangeExec.prepareShuffleDependency(...)
                       	at org.apache.spark.scheduler.Task.run(Task.scala:139)
2026-06-11 01:32:30 ERROR [customer_360_pipeline.ingest_web_events] Task failed on attempt 1 (exit_code=1)",1,True,1
customer_360_pipeline,2026-06-11,ingest_web_events,2026-06-11 01:34:26,2026-06-11 01:43:02,"2026-06-11 01:34:26 INFO  [customer_360_pipeline.ingest_web_events] TaskInstance started — attempt 2
2026-06-11 01:34:28 INFO  Acquiring Spark session on job cluster (Photon enabled, DBR 15.4 LTS)
2026-06-11 01:34:31 INFO  Reading inputs from Unity Catalog main.curated.* 
2026-06-11 01:38:44 INFO  Stage 1 running…
2026-06-11 01:42:59 ERROR Executor: Exception in task 47.0 in stage 12.0 (TID 1893) java.lang.OutOfMemoryError: Java heap space
2026-06-11 01:43:00 ERROR   java.lang.OutOfMemoryError: Java heap space
                       	at org.apache.spark.sql.execution.aggregate.HashAggregateExec.doExecute(HashAggregateExec.scala:101)
                       	at org.apache.spark.sql.execution.exchange.ShuffleExchangeExec.prepareShuffleDependency(...)
                       	at org.apache.spark.scheduler.Task.run(Task.scala:139)
2026-06-11 01:43:02 ERROR [customer_360_pipeline.ingest_web_events] Task failed on attempt 2 (exit_code=1)",2,True,1
customer_360_pipeline,2026-06-11,ingest_web_events,2026-06-11 01:46:54,2026-06-11 01:49:55,"2026-06-11 01:46:54 INFO  [customer_360_pipeline.ingest_web_events] TaskInstance started — attempt 3
2026-06-11 01:46:56 INFO  Acquiring Spark session on job cluster (Photon enabled, DBR 15.4 LTS)
2026-06-11 01:46:59 INFO  Reading inputs from Unity Catalog main.curated.* 
2026-06-11 01:48:24 INFO  Stage 1 complete — input rows processed
2026-06-11 01:49:53 INFO  Writing output Delta table (MERGE) 
2026-06-11 01:49:55 INFO  [customer_360_pipeline.ingest_web_events] Task completed successfully in 181s (exit_code=0)",3,True,0
customer_360_pipeline,2026-06-11,resolve_identity,2026-06-11 01:50:02,2026-06-11 02:12:01,"2026-06-11 01:50:02 INFO  [customer_360_pipeline.resolve_identity] TaskInstance started — attempt 1
2026-06-11 01:50:04 INFO  Acquiring Spark session on job cluster (Photon enabled, DBR 15.4 LTS)
2026-06-11 01:50:07 INFO  Reading inputs from Unity Catalog main.curated.* 
2026-06-11 02:01:01 INFO  Stage 1 complete — input rows processed
2026-06-11 02:11:59 INFO  Writing output Delta table (MERGE) 
2026-06-11 02:12:01 INFO  [customer_360_pipeline.resolve_identity] Task completed successfully in 1319s (exit_code=0)",1,False,0
customer_360_pipeline,2026-06-11,build_profiles,2026-06-11 02:12:32,2026-06-11 02:18:37,"2026-06-11 02:12:32 INFO  [customer_360_pipeline.build_profiles] TaskInstance started — attempt 1
2026-06-11 02:12:34 INFO  Acquiring Spark session on job cluster (Photon enabled, DBR 15.4 LTS)
2026-06-11 02:12:37 INFO  Reading inputs from Unity Catalog main.curated.* 
2026-06-11 02:15:34 INFO  Stage 1 running…
2026-06-11 02:18:34 ERROR TaskRunner: Task exceeded execution_timeout (3600s) and was terminated.
2026-06-11 02:18:35 ERROR   java.util.concurrent.TimeoutException: Task exceeded the configured execution_timeout of 3600s
                       	at org.apache.airflow.executors.TaskRunner.enforceTimeout(...)
2026-06-11 02:18:37 ERROR [customer_360_pipeline.build_profiles] Task failed on attempt 1 (exit_code=1)",1,True,1
customer_360_pipeline,2026-06-11,build_profiles,2026-06-11 02:20:03,2026-06-11 02:32:01,"2026-06-11 02:20:03 INFO  [customer_360_pipeline.build_profiles] TaskInstance started — attempt 2
2026-06-11 02:20:05 INFO  Acquiring Spark session on job cluster (Photon enabled, DBR 15.4 LTS)
2026-06-11 02:20:08 INFO  Reading inputs from Unity Catalog main.curated.* 
2026-06-11 02:26:02 INFO  Stage 1 complete — input rows processed
2026-06-11 02:31:59 INFO  Writing output Delta table (MERGE) 
2026-06-11 02:32:01 INFO  [customer_360_pipeline.build_profiles] Task completed successfully in 718s (exit_code=0)",2,True,0
customer_360_pipeline,2026-06-11,publish_features,2026-06-11 02:32:54,2026-06-11 02:39:11,"2026-06-11 02:32:54 INFO  [customer_360_pipeline.publish_features] TaskInstance started — attempt 1
2026-06-11 02:32:56 INFO  Acquiring Spark session on job cluster (Photon enabled, DBR 15.4 LTS)
2026-06-11 02:32:59 INFO  Reading inputs from Unity Catalog main.curated.* 
2026-06-11 02:36:02 INFO  Stage 1 complete — input rows processed
2026-06-11 02:39:09 INFO  Writing output Delta table (MERGE) 
2026-06-11 02:39:11 INFO  [customer_360_pipeline.publish_features] Task completed successfully in 377s (exit_code=0)",1,False,0
inventory_sync,2026-06-11,pull_warehouse_api,2026-06-11 03:16:10,2026-06-11 03:30:12,"2026-06-11 03:16:10 INFO  [inventory_sync.pull_warehouse_api] TaskInstance started — attempt 1
2026-06-11 03:16:12 INFO  Acquiring Spark session on job cluster (Photon enabled, DBR 15.4 LTS)
2026-06-11 03:16:15 INFO  Reading inputs from Unity Catalog main.curated.* 
2026-06-11 03:23:11 INFO  Stage 1 complete — input rows processed
2026-06-11 03:30:10 INFO  Writing output Delta table (MERGE) 
2026-06-11 03:30:12 INFO  [inventory_sync.pull_warehouse_api] Task completed successfully in 842s (exit_code=0)",1,False,0
inventory_sync,2026-06-11,normalize_sku,2026-06-11 03:31:07,2026-06-11 03:47:08,"2026-06-11 03:31:07 INFO  [inventory_sync.normalize_sku] TaskInstance started — attempt 1
2026-06-11 03:31:09 INFO  Acquiring Spark session on job cluster (Photon enabled, DBR 15.4 LTS)
2026-06-11 03:31:12 INFO  Reading inputs from Unity Catalog main.curated.* 
2026-06-11 03:39:07 INFO  Stage 1 complete — input rows processed
2026-06-11 03:47:06 INFO  Writing output Delta table (MERGE) 
2026-06-11 03:47:08 INFO  [inventory_sync.normalize_sku] Task completed successfully in 961s (exit_code=0)",1,False,0
inventory_sync,2026-06-11,reconcile_stock,2026-06-11 03:47:13,2026-06-11 03:52:40,"2026-06-11 03:47:13 INFO  [inventory_sync.reconcile_stock] TaskInstance started — attempt 1
2026-06-11 03:47:15 INFO  Acquiring Spark session on job cluster (Photon enabled, DBR 15.4 LTS)
2026-06-11 03:47:18 INFO  Reading inputs from Unity Catalog main.curated.* 
2026-06-11 03:49:56 INFO  Stage 1 complete — input rows processed
2026-06-11 03:52:38 INFO  Writing output Delta table (MERGE) 
2026-06-11 03:52:40 INFO  [inventory_sync.reconcile_stock] Task completed successfully in 327s (exit_code=0)",1,False,0
inventory_sync,2026-06-11,write_delta,2026-06-11 03:53:20,2026-06-11 03:59:15,"2026-06-11 03:53:20 INFO  [inventory_sync.write_delta] TaskInstance started — attempt 1
2026-06-11 03:53:22 INFO  Acquiring Spark session on job cluster (Photon enabled, DBR 15.4 LTS)
2026-06-11 03:53:25 INFO  Reading inputs from Unity Catalog main.curated.* 
2026-06-11 03:56:17 INFO  Stage 1 complete — input rows processed
2026-06-11 03:59:13 INFO  Writing output Delta table (MERGE) 
2026-06-11 03:59:15 INFO  [inventory_sync.write_delta] Task completed successfully in 355s (exit_code=0)",1,False,0
marketing_attribution,2026-06-11,load_ad_spend,2026-06-11 04:19:38,2026-06-11 04:40:58,"2026-06-11 04:19:38 INFO  [marketing_attribution.load_ad_spend] TaskInstance started — attempt 1
2026-06-11 04:19:40 INFO  Acquiring Spark session on job cluster (Photon enabled, DBR 15.4 LTS)
2026-06-11 04:19:43 INFO  Reading inputs from Unity Catalog main.curated.* 
2026-06-11 04:30:18 INFO  Stage 1 complete — input rows processed
2026-06-11 04:40:56 INFO  Writing output Delta table (MERGE) 
2026-06-11 04:40:58 INFO  [marketing_attribution.load_ad_spend] Task completed successfully in 1280s (exit_code=0)",1,False,0
marketing_attribution,2026-06-11,load_conversions,2026-06-11 04:41:06,2026-06-11 05:02:43,"2026-06-11 04:41:06 INFO  [marketing_attribution.load_conversions] TaskInstance started — attempt 1
2026-06-11 04:41:08 INFO  Acquiring Spark session on job cluster (Photon enabled, DBR 15.4 LTS)
2026-06-11 04:41:11 INFO  Reading inputs from Unity Catalog main.curated.* 
2026-06-11 04:51:54 INFO  Stage 1 complete — input rows processed
2026-06-11 05:02:41 INFO  Writing output Delta table (MERGE) 
2026-06-11 05:02:43 INFO  [marketing_attribution.load_conversions] Task completed successfully in 1297s (exit_code=0)",1,False,0
marketing_attribution,2026-06-11,join_touchpoints,2026-06-11 05:03:17,2026-06-11 05:19:49,"2026-06-11 05:03:17 INFO  [marketing_attribution.join_touchpoints] TaskInstance started — attempt 1
2026-06-11 05:03:19 INFO  Acquiring Spark session on job cluster (Photon enabled, DBR 15.4 LTS)
2026-06-11 05:03:22 INFO  Reading inputs from Unity Catalog main.curated.* 
2026-06-11 05:11:33 INFO  Stage 1 complete — input rows processed
2026-06-11 05:19:47 INFO  Writing output Delta table (MERGE) 
2026-06-11 05:19:49 INFO  [marketing_attribution.join_touchpoints] Task completed successfully in 992s (exit_code=0)",1,False,0
marketing_attribution,2026-06-11,attribute_revenue,2026-06-11 05:20:29,2026-06-11 05:23:31,"2026-06-11 05:20:29 INFO  [marketing_attribution.attribute_revenue] TaskInstance started — attempt 1
2026-06-11 05:20:31 INFO  Acquiring Spark session on job cluster (Photon enabled, DBR 15.4 LTS)
2026-06-11 05:20:34 INFO  Reading inputs from Unity Catalog main.curated.* 
2026-06-11 05:22:00 INFO  Stage 1 running…
2026-06-11 05:23:28 ERROR TaskRunner: Task exceeded execution_timeout (3600s) and was terminated.
2026-06-11 05:23:29 ERROR   java.util.concurrent.TimeoutException: Task exceeded the configured execution_timeout of 3600s
                       	at org.apache.airflow.executors.TaskRunner.enforceTimeout(...)
2026-06-11 05:23:31 ERROR [marketing_attribution.attribute_revenue] Task failed on attempt 1 (exit_code=1)",1,True,1
marketing_attribution,2026-06-11,attribute_revenue,2026-06-11 05:27:17,2026-06-11 05:37:24,"2026-06-11 05:27:17 INFO  [marketing_attribution.attribute_revenue] TaskInstance started — attempt 2
2026-06-11 05:27:19 INFO  Acquiring Spark session on job cluster (Photon enabled, DBR 15.4 LTS)
2026-06-11 05:27:22 INFO  Reading inputs from Unity Catalog main.curated.* 
2026-06-11 05:32:20 INFO  Stage 1 complete — input rows processed
2026-06-11 05:37:22 INFO  Writing output Delta table (MERGE) 
2026-06-11 05:37:24 INFO  [marketing_attribution.attribute_revenue] Task completed successfully in 607s (exit_code=0)",2,True,0
finance_reconciliation,2026-06-11,extract_ledger,2026-06-11 05:06:42,2026-06-11 05:13:28,"2026-06-11 05:06:42 INFO  [finance_reconciliation.extract_ledger] TaskInstance started — attempt 1
2026-06-11 05:06:44 INFO  Acquiring Spark session on job cluster (Photon enabled, DBR 15.4 LTS)
2026-06-11 05:06:47 INFO  Reading inputs from Unity Catalog main.curated.* 
2026-06-11 05:10:05 INFO  Stage 1 complete — input rows processed
2026-06-11 05:13:26 INFO  Writing output Delta table (MERGE) 
2026-06-11 05:13:28 INFO  [finance_reconciliation.extract_ledger] Task completed successfully in 406s (exit_code=0)",1,False,0
finance_reconciliation,2026-06-11,extract_payments,2026-06-11 05:13:38,2026-06-11 05:35:16,"2026-06-11 05:13:38 INFO  [finance_reconciliation.extract_payments] TaskInstance started — attempt 1
2026-06-11 05:13:40 INFO  Acquiring Spark session on job cluster (Photon enabled, DBR 15.4 LTS)
2026-06-11 05:13:43 INFO  Reading inputs from Unity Catalog main.curated.* 
2026-06-11 05:24:27 INFO  Stage 1 complete — input rows processed
2026-06-11 05:35:14 INFO  Writing output Delta table (MERGE) 
2026-06-11 05:35:16 INFO  [finance_reconciliation.extract_payments] Task completed successfully in 1298s (exit_code=0)",1,False,0
finance_reconciliation,2026-06-11,reconcile,2026-06-11 05:36:04,2026-06-11 05:42:16,"2026-06-11 05:36:04 INFO  [finance_reconciliation.reconcile] TaskInstance started — attempt 1
2026-06-11 05:36:06 INFO  Acquiring Spark session on job cluster (Photon enabled, DBR 15.4 LTS)
2026-06-11 05:36:09 INFO  Reading inputs from Unity Catalog main.curated.* 
2026-06-11 05:39:10 INFO  Stage 1 complete — input rows processed
2026-06-11 05:42:14 INFO  Writing output Delta table (MERGE) 
2026-06-11 05:42:16 INFO  [finance_reconciliation.reconcile] Task completed successfully in 372s (exit_code=0)",1,False,0
finance_reconciliation,2026-06-11,gl_validation,2026-06-11 05:42:36,2026-06-11 05:49:03,"2026-06-11 05:42:36 INFO  [finance_reconciliation.gl_validation] TaskInstance started — attempt 1
2026-06-11 05:42:38 INFO  Acquiring Spark session on job cluster (Photon enabled, DBR 15.4 LTS)
2026-06-11 05:42:41 INFO  Reading inputs from Unity Catalog main.curated.* 
2026-06-11 05:45:49 INFO  Stage 1 complete — input rows processed
2026-06-11 05:49:01 INFO  Writing output Delta table (MERGE) 
2026-06-11 05:49:03 INFO  [finance_reconciliation.gl_validation] Task completed successfully in 387s (exit_code=0)",1,False,0
finance_reconciliation,2026-06-11,export_report,2026-06-11 05:49:25,2026-06-11 06:02:44,"2026-06-11 05:49:25 INFO  [finance_reconciliation.export_report] TaskInstance started — attempt 1
2026-06-11 05:49:27 INFO  Acquiring Spark session on job cluster (Photon enabled, DBR 15.4 LTS)
2026-06-11 05:49:30 INFO  Reading inputs from Unity Catalog main.curated.* 
2026-06-11 05:56:04 INFO  Stage 1 complete — input rows processed
2026-06-11 06:02:42 INFO  Writing output Delta table (MERGE) 
2026-06-11 06:02:44 INFO  [finance_reconciliation.export_report] Task completed successfully in 799s (exit_code=0)",1,False,0
clickstream_ingest,2026-06-11,read_kafka_offsets,2026-06-11 00:04:31,2026-06-11 00:18:56,"2026-06-11 00:04:31 INFO  [clickstream_ingest.read_kafka_offsets] TaskInstance started — attempt 1
2026-06-11 00:04:33 INFO  Acquiring Spark session on job cluster (Photon enabled, DBR 15.4 LTS)
2026-06-11 00:04:36 INFO  Reading inputs from Unity Catalog main.curated.* 
2026-06-11 00:11:43 INFO  Stage 1 complete — input rows processed
2026-06-11 00:18:54 INFO  Writing output Delta table (MERGE) 
2026-06-11 00:18:56 INFO  [clickstream_ingest.read_kafka_offsets] Task completed successfully in 865s (exit_code=0)",1,False,0
clickstream_ingest,2026-06-11,parse_events,2026-06-11 00:19:01,2026-06-11 00:24:42,"2026-06-11 00:19:01 INFO  [clickstream_ingest.parse_events] TaskInstance started — attempt 1
2026-06-11 00:19:03 INFO  Acquiring Spark session on job cluster (Photon enabled, DBR 15.4 LTS)
2026-06-11 00:19:06 INFO  Reading inputs from Unity Catalog main.curated.* 
2026-06-11 00:21:51 INFO  Stage 1 complete — input rows processed
2026-06-11 00:24:40 INFO  Writing output Delta table (MERGE) 
2026-06-11 00:24:42 INFO  [clickstream_ingest.parse_events] Task completed successfully in 341s (exit_code=0)",1,False,0
clickstream_ingest,2026-06-11,sessionize,2026-06-11 00:24:54,2026-06-11 00:48:20,"2026-06-11 00:24:54 INFO  [clickstream_ingest.sessionize] TaskInstance started — attempt 1
2026-06-11 00:24:56 INFO  Acquiring Spark session on job cluster (Photon enabled, DBR 15.4 LTS)
2026-06-11 00:24:59 INFO  Reading inputs from Unity Catalog main.curated.* 
2026-06-11 00:36:37 INFO  Stage 1 complete — input rows processed
2026-06-11 00:48:18 INFO  Writing output Delta table (MERGE) 
2026-06-11 00:48:20 INFO  [clickstream_ingest.sessionize] Task completed successfully in 1406s (exit_code=0)",1,False,0
clickstream_ingest,2026-06-11,write_bronze,2026-06-11 00:48:49,2026-06-11 01:07:22,"2026-06-11 00:48:49 INFO  [clickstream_ingest.write_bronze] TaskInstance started — attempt 1
2026-06-11 00:48:51 INFO  Acquiring Spark session on job cluster (Photon enabled, DBR 15.4 LTS)
2026-06-11 00:48:54 INFO  Reading inputs from Unity Catalog main.curated.* 
2026-06-11 00:58:05 INFO  Stage 1 complete — input rows processed
2026-06-11 01:07:20 INFO  Writing output Delta table (MERGE) 
2026-06-11 01:07:22 INFO  [clickstream_ingest.write_bronze] Task completed successfully in 1113s (exit_code=0)",1,False,0
clickstream_ingest,2026-06-11,write_silver,2026-06-11 01:08:06,2026-06-11 01:30:42,"2026-06-11 01:08:06 INFO  [clickstream_ingest.write_silver] TaskInstance started — attempt 1
2026-06-11 01:08:08 INFO  Acquiring Spark session on job cluster (Photon enabled, DBR 15.4 LTS)
2026-06-11 01:08:11 INFO  Reading inputs from Unity Catalog main.curated.* 
2026-06-11 01:19:24 INFO  Stage 1 complete — input rows processed
2026-06-11 01:30:40 INFO  Writing output Delta table (MERGE) 
2026-06-11 01:30:42 INFO  [clickstream_ingest.write_silver] Task completed successfully in 1356s (exit_code=0)",1,False,0
ml_feature_store,2026-06-11,fetch_training_data,2026-06-11 06:23:48,2026-06-11 06:27:32,"2026-06-11 06:23:48 INFO  [ml_feature_store.fetch_training_data] TaskInstance started — attempt 1
2026-06-11 06:23:50 INFO  Acquiring Spark session on job cluster (Photon enabled, DBR 15.4 LTS)
2026-06-11 06:23:53 INFO  Reading inputs from Unity Catalog main.curated.* 
2026-06-11 06:25:40 INFO  Stage 1 complete — input rows processed
2026-06-11 06:27:30 INFO  Writing output Delta table (MERGE) 
2026-06-11 06:27:32 INFO  [ml_feature_store.fetch_training_data] Task completed successfully in 224s (exit_code=0)",1,False,0
ml_feature_store,2026-06-11,compute_features,2026-06-11 06:28:22,2026-06-11 06:32:24,"2026-06-11 06:28:22 INFO  [ml_feature_store.compute_features] TaskInstance started — attempt 1
2026-06-11 06:28:24 INFO  Acquiring Spark session on job cluster (Photon enabled, DBR 15.4 LTS)
2026-06-11 06:28:27 INFO  Reading inputs from Unity Catalog main.curated.* 
2026-06-11 06:30:23 INFO  Stage 1 complete — input rows processed
2026-06-11 06:32:22 INFO  Writing output Delta table (MERGE) 
2026-06-11 06:32:24 INFO  [ml_feature_store.compute_features] Task completed successfully in 242s (exit_code=0)",1,False,0
ml_feature_store,2026-06-11,validate_features,2026-06-11 06:32:37,2026-06-11 06:50:19,"2026-06-11 06:32:37 INFO  [ml_feature_store.validate_features] TaskInstance started — attempt 1
2026-06-11 06:32:39 INFO  Acquiring Spark session on job cluster (Photon enabled, DBR 15.4 LTS)
2026-06-11 06:32:42 INFO  Reading inputs from Unity Catalog main.curated.* 
2026-06-11 06:41:28 INFO  Stage 1 complete — input rows processed
2026-06-11 06:50:17 INFO  Writing output Delta table (MERGE) 
2026-06-11 06:50:19 INFO  [ml_feature_store.validate_features] Task completed successfully in 1062s (exit_code=0)",1,False,0
ml_feature_store,2026-06-11,materialize_online,2026-06-11 06:50:27,2026-06-11 06:59:35,"2026-06-11 06:50:27 INFO  [ml_feature_store.materialize_online] TaskInstance started — attempt 1
2026-06-11 06:50:29 INFO  Acquiring Spark session on job cluster (Photon enabled, DBR 15.4 LTS)
2026-06-11 06:50:32 INFO  Reading inputs from Unity Catalog main.curated.* 
2026-06-11 06:55:01 INFO  Stage 1 complete — input rows processed
2026-06-11 06:59:33 INFO  Writing output Delta table (MERGE) 
2026-06-11 06:59:35 INFO  [ml_feature_store.materialize_online] Task completed successfully in 548s (exit_code=0)",1,False,0
data_quality_checks,2026-06-11,load_snapshots,2026-06-11 07:14:16,2026-06-11 07:25:53,"2026-06-11 07:14:16 INFO  [data_quality_checks.load_snapshots] TaskInstance started — attempt 1
2026-06-11 07:14:18 INFO  Acquiring Spark session on job cluster (Photon enabled, DBR 15.4 LTS)
2026-06-11 07:14:21 INFO  Reading inputs from Unity Catalog main.curated.* 
2026-06-11 07:20:04 INFO  Stage 1 complete — input rows processed
2026-06-11 07:25:51 INFO  Writing output Delta table (MERGE) 
2026-06-11 07:25:53 INFO  [data_quality_checks.load_snapshots] Task completed successfully in 697s (exit_code=0)",1,False,0
data_quality_checks,2026-06-11,run_expectations,2026-06-11 07:26:52,2026-06-11 07:30:15,"2026-06-11 07:26:52 INFO  [data_quality_checks.run_expectations] TaskInstance started — attempt 1
2026-06-11 07:26:54 INFO  Acquiring Spark session on job cluster (Photon enabled, DBR 15.4 LTS)
2026-06-11 07:26:57 INFO  Reading inputs from Unity Catalog main.curated.* 
2026-06-11 07:28:33 INFO  Stage 1 running…
2026-06-11 07:30:12 ERROR TaskRunner: Task exceeded execution_timeout (3600s) and was terminated.
2026-06-11 07:30:13 ERROR   java.util.concurrent.TimeoutException: Task exceeded the configured execution_timeout of 3600s
                       	at org.apache.airflow.executors.TaskRunner.enforceTimeout(...)
2026-06-11 07:30:15 ERROR [data_quality_checks.run_expectations] Task failed on attempt 1 (exit_code=1)",1,True,1
data_quality_checks,2026-06-11,run_expectations,2026-06-11 07:33:08,2026-06-11 07:48:01,"2026-06-11 07:33:08 INFO  [data_quality_checks.run_expectations] TaskInstance started — attempt 2
2026-06-11 07:33:10 INFO  Acquiring Spark session on job cluster (Photon enabled, DBR 15.4 LTS)
2026-06-11 07:33:13 INFO  Reading inputs from Unity Catalog main.curated.* 
2026-06-11 07:40:34 INFO  Stage 1 complete — input rows processed
2026-06-11 07:47:59 INFO  Writing output Delta table (MERGE) 
2026-06-11 07:48:01 INFO  [data_quality_checks.run_expectations] Task completed successfully in 893s (exit_code=0)",2,True,0
data_quality_checks,2026-06-11,summarize_results,2026-06-11 07:48:16,2026-06-11 08:07:25,"2026-06-11 07:48:16 INFO  [data_quality_checks.summarize_results] TaskInstance started — attempt 1
2026-06-11 07:48:18 INFO  Acquiring Spark session on job cluster (Photon enabled, DBR 15.4 LTS)
2026-06-11 07:48:21 INFO  Reading inputs from Unity Catalog main.curated.* 
2026-06-11 07:57:50 INFO  Stage 1 complete — input rows processed
2026-06-11 08:07:23 INFO  Writing output Delta table (MERGE) 
2026-06-11 08:07:25 INFO  [data_quality_checks.summarize_results] Task completed successfully in 1149s (exit_code=0)",1,False,0
revenue_reporting,2026-06-11,aggregate_daily_revenue,2026-06-11 08:24:48,2026-06-11 08:37:09,"2026-06-11 08:24:48 INFO  [revenue_reporting.aggregate_daily_revenue] TaskInstance started — attempt 1
2026-06-11 08:24:50 INFO  Acquiring Spark session on job cluster (Photon enabled, DBR 15.4 LTS)
2026-06-11 08:24:53 INFO  Reading inputs from Unity Catalog main.curated.* 
2026-06-11 08:30:58 INFO  Stage 1 complete — input rows processed
2026-06-11 08:37:07 INFO  Writing output Delta table (MERGE) 
2026-06-11 08:37:09 INFO  [revenue_reporting.aggregate_daily_revenue] Task completed successfully in 741s (exit_code=0)",1,False,0
revenue_reporting,2026-06-11,currency_convert,2026-06-11 08:37:14,2026-06-11 08:54:18,"2026-06-11 08:37:14 INFO  [revenue_reporting.currency_convert] TaskInstance started — attempt 1
2026-06-11 08:37:16 INFO  Acquiring Spark session on job cluster (Photon enabled, DBR 15.4 LTS)
2026-06-11 08:37:19 INFO  Reading inputs from Unity Catalog main.curated.* 
2026-06-11 08:45:46 INFO  Stage 1 complete — input rows processed
2026-06-11 08:54:16 INFO  Writing output Delta table (MERGE) 
2026-06-11 08:54:18 INFO  [revenue_reporting.currency_convert] Task completed successfully in 1024s (exit_code=0)",1,False,0
revenue_reporting,2026-06-11,build_dashboards_tbl,2026-06-11 08:54:44,2026-06-11 09:05:36,"2026-06-11 08:54:44 INFO  [revenue_reporting.build_dashboards_tbl] TaskInstance started — attempt 1
2026-06-11 08:54:46 INFO  Acquiring Spark session on job cluster (Photon enabled, DBR 15.4 LTS)
2026-06-11 08:54:49 INFO  Reading inputs from Unity Catalog main.curated.* 
2026-06-11 09:00:10 INFO  Stage 1 complete — input rows processed
2026-06-11 09:05:34 INFO  Writing output Delta table (MERGE) 
2026-06-11 09:05:36 INFO  [revenue_reporting.build_dashboards_tbl] Task completed successfully in 652s (exit_code=0)",1,False,0
user_segmentation,2026-06-11,load_activity,2026-06-11 09:29:52,2026-06-11 09:41:01,"2026-06-11 09:29:52 INFO  [user_segmentation.load_activity] TaskInstance started — attempt 1
2026-06-11 09:29:54 INFO  Acquiring Spark session on job cluster (Photon enabled, DBR 15.4 LTS)
2026-06-11 09:29:57 INFO  Reading inputs from Unity Catalog main.curated.* 
2026-06-11 09:35:26 INFO  Stage 1 complete — input rows processed
2026-06-11 09:40:59 INFO  Writing output Delta table (MERGE) 
2026-06-11 09:41:01 INFO  [user_segmentation.load_activity] Task completed successfully in 669s (exit_code=0)",1,False,0
user_segmentation,2026-06-11,compute_rfm,2026-06-11 09:41:56,2026-06-11 09:47:38,"2026-06-11 09:41:56 INFO  [user_segmentation.compute_rfm] TaskInstance started — attempt 1
2026-06-11 09:41:58 INFO  Acquiring Spark session on job cluster (Photon enabled, DBR 15.4 LTS)
2026-06-11 09:42:01 INFO  Reading inputs from Unity Catalog main.curated.* 
2026-06-11 09:44:47 INFO  Stage 1 complete — input rows processed
2026-06-11 09:47:36 INFO  Writing output Delta table (MERGE) 
2026-06-11 09:47:38 INFO  [user_segmentation.compute_rfm] Task completed successfully in 342s (exit_code=0)",1,False,0
user_segmentation,2026-06-11,assign_segments,2026-06-11 09:47:49,2026-06-11 09:52:01,"2026-06-11 09:47:49 INFO  [user_segmentation.assign_segments] TaskInstance started — attempt 1
2026-06-11 09:47:51 INFO  Acquiring Spark session on job cluster (Photon enabled, DBR 15.4 LTS)
2026-06-11 09:47:54 INFO  Reading inputs from Unity Catalog main.curated.* 
2026-06-11 09:49:55 INFO  Stage 1 complete — input rows processed
2026-06-11 09:51:59 INFO  Writing output Delta table (MERGE) 
2026-06-11 09:52:01 INFO  [user_segmentation.assign_segments] Task completed successfully in 252s (exit_code=0)",1,False,0
user_segmentation,2026-06-11,push_to_crm,2026-06-11 09:52:26,2026-06-11 10:09:56,"2026-06-11 09:52:26 INFO  [user_segmentation.push_to_crm] TaskInstance started — attempt 1
2026-06-11 09:52:28 INFO  Acquiring Spark session on job cluster (Photon enabled, DBR 15.4 LTS)
2026-06-11 09:52:31 INFO  Reading inputs from Unity Catalog main.curated.* 
2026-06-11 10:01:11 INFO  Stage 1 complete — input rows processed
2026-06-11 10:09:54 INFO  Writing output Delta table (MERGE) 
2026-06-11 10:09:56 INFO  [user_segmentation.push_to_crm] Task completed successfully in 1050s (exit_code=0)",1,False,0
